2026-05-06 00:00:01.775 +07:00 [INF] Executed DbCommand (3ms) [Parameters=[@__now_0='?' (DbType = DateTime2)], CommandType='"Text"', CommandTimeout='30']
SELECT [e].[Id], [e].[CreatedAt], [e].[GreetingTransactionId], [e].[LastError], [e].[NextRetryAt], [e].[RetryCount], [e].[Status], [e].[UpdatedAt], [g].[Id], [g].[CardId], [g].[CreatedAt], [g].[PersonalMessage], [g].[RecipientEmail], [g].[RetryCount], [g].[ScheduledSendAt], [g].[SenderId], [g].[SentAt], [g].[Status], [g].[Subject], [g].[SubscriptionId], [u0].[Id], [u0].[CreatedAt], [u0].[DeletedAt], [u0].[Email], [u0].[EmailVerificationToken], [u0].[EmailVerificationTokenExpiry], [u0].[FailedLoginCount], [u0].[FullName], [u0].[IsDeleted], [u0].[LastLoginAt], [u0].[LockReason], [u0].[LockoutEndTime], [u0].[PasswordHash], [u0].[PasswordResetToken], [u0].[PasswordResetTokenExpiry], [u0].[PasswordResetTokenUsed], [u0].[RefreshTokenExpiry], [u0].[RefreshTokenHash], [u0].[Role], [u0].[SocialProvider], [u0].[SocialProviderId], [u0].[Status], [u0].[UpdatedAt], [g1].[Id], [g1].[CategoryId], [g1].[CreatedAt], [g1].[DeletedAt], [g1].[Description], [g1].[FileUrl], [g1].[IsDeleted], [g1].[IsFeatured], [g1].[Name], [g1].[Slug], [g1].[Status], [g1].[Tags], [g1].[ThumbnailUrl], [g1].[UpdatedAt]
FROM [EmailRetryQueues] AS [e]
INNER JOIN [GreetingTransactions] AS [g] ON [e].[GreetingTransactionId] = [g].[Id]
INNER JOIN (
    SELECT [u].[Id], [u].[CreatedAt], [u].[DeletedAt], [u].[Email], [u].[EmailVerificationToken], [u].[EmailVerificationTokenExpiry], [u].[FailedLoginCount], [u].[FullName], [u].[IsDeleted], [u].[LastLoginAt], [u].[LockReason], [u].[LockoutEndTime], [u].[PasswordHash], [u].[PasswordResetToken], [u].[PasswordResetTokenExpiry], [u].[PasswordResetTokenUsed], [u].[RefreshTokenExpiry], [u].[RefreshTokenHash], [u].[Role], [u].[SocialProvider], [u].[SocialProviderId], [u].[Status], [u].[UpdatedAt]
    FROM [Users] AS [u]
    WHERE [u].[IsDeleted] = CAST(0 AS bit)
) AS [u0] ON [g].[SenderId] = [u0].[Id]
INNER JOIN (
    SELECT [g0].[Id], [g0].[CategoryId], [g0].[CreatedAt], [g0].[DeletedAt], [g0].[Description], [g0].[FileUrl], [g0].[IsDeleted], [g0].[IsFeatured], [g0].[Name], [g0].[Slug], [g0].[Status], [g0].[Tags], [g0].[ThumbnailUrl], [g0].[UpdatedAt]
    FROM [GreetingCards] AS [g0]
    WHERE [g0].[IsDeleted] = CAST(0 AS bit)
) AS [g1] ON [g].[CardId] = [g1].[Id]
WHERE [e].[Status] = N'PendingRetry' AND [e].[NextRetryAt] <= @__now_0
2026-05-06 00:03:42.710 +07:00 [INF] [CQRS] Handling GetCategoriesQuery
2026-05-06 00:03:42.710 +07:00 [INF] [CQRS] Handling GetCardsQuery
2026-05-06 00:03:42.724 +07:00 [INF] Executed DbCommand (6ms) [Parameters=[], CommandType='"Text"', CommandTimeout='30']
SELECT [c].[Id], [c].[Name], [c].[Slug], [c].[Description], [c].[IconUrl], [c].[Color], (
    SELECT COUNT(*)
    FROM [GreetingCards] AS [g]
    WHERE [g].[IsDeleted] = CAST(0 AS bit) AND [c].[Id] = [g].[CategoryId] AND [g].[Status] = N'Active' AND [g].[IsDeleted] = CAST(0 AS bit))
FROM [Categories] AS [c]
WHERE [c].[IsDeleted] = CAST(0 AS bit) AND [c].[Status] = N'Active' AND [c].[IsDeleted] = CAST(0 AS bit)
ORDER BY [c].[DisplayOrder]
2026-05-06 00:03:42.725 +07:00 [INF] [CQRS] Handled GetCategoriesQuery successfully
2026-05-06 00:03:42.725 +07:00 [INF] Executed DbCommand (7ms) [Parameters=[], CommandType='"Text"', CommandTimeout='30']
SELECT COUNT(*)
FROM [GreetingCards] AS [g]
INNER JOIN (
    SELECT [c].[Id], [c].[IsDeleted], [c].[Status]
    FROM [Categories] AS [c]
    WHERE [c].[IsDeleted] = CAST(0 AS bit)
) AS [c0] ON [g].[CategoryId] = [c0].[Id]
WHERE [g].[IsDeleted] = CAST(0 AS bit) AND [g].[Status] = N'Active' AND [g].[IsDeleted] = CAST(0 AS bit) AND [c0].[Status] = N'Active' AND [c0].[IsDeleted] = CAST(0 AS bit)
2026-05-06 00:03:42.729 +07:00 [INF] HTTP GET /api/categories responded 200 in 24.0593 ms
2026-05-06 00:03:42.733 +07:00 [INF] Executed DbCommand (3ms) [Parameters=[@__p_0='?' (DbType = Int32), @__p_1='?' (DbType = Int32)], CommandType='"Text"', CommandTimeout='30']
SELECT [g].[Id], [g].[Name], [g].[Slug], [g].[ThumbnailUrl], [g].[Description], [g].[IsFeatured], [c0].[Name], [c0].[Slug], CAST([g].[Status] AS nvarchar(max))
FROM [GreetingCards] AS [g]
INNER JOIN (
    SELECT [c].[Id], [c].[IsDeleted], [c].[Name], [c].[Slug], [c].[Status]
    FROM [Categories] AS [c]
    WHERE [c].[IsDeleted] = CAST(0 AS bit)
) AS [c0] ON [g].[CategoryId] = [c0].[Id]
WHERE [g].[IsDeleted] = CAST(0 AS bit) AND [g].[Status] = N'Active' AND [g].[IsDeleted] = CAST(0 AS bit) AND [c0].[Status] = N'Active' AND [c0].[IsDeleted] = CAST(0 AS bit)
ORDER BY [g].[CreatedAt] DESC
OFFSET @__p_0 ROWS FETCH NEXT @__p_1 ROWS ONLY
2026-05-06 00:03:42.734 +07:00 [INF] [CQRS] Handled GetCardsQuery successfully
2026-05-06 00:03:42.734 +07:00 [INF] HTTP GET /api/cards responded 200 in 29.5318 ms
2026-05-06 00:05:02.107 +07:00 [INF] Executed DbCommand (3ms) [Parameters=[@__now_0='?' (DbType = DateTime2)], CommandType='"Text"', CommandTimeout='30']
SELECT [e].[Id], [e].[CreatedAt], [e].[GreetingTransactionId], [e].[LastError], [e].[NextRetryAt], [e].[RetryCount], [e].[Status], [e].[UpdatedAt], [g].[Id], [g].[CardId], [g].[CreatedAt], [g].[PersonalMessage], [g].[RecipientEmail], [g].[RetryCount], [g].[ScheduledSendAt], [g].[SenderId], [g].[SentAt], [g].[Status], [g].[Subject], [g].[SubscriptionId], [u0].[Id], [u0].[CreatedAt], [u0].[DeletedAt], [u0].[Email], [u0].[EmailVerificationToken], [u0].[EmailVerificationTokenExpiry], [u0].[FailedLoginCount], [u0].[FullName], [u0].[IsDeleted], [u0].[LastLoginAt], [u0].[LockReason], [u0].[LockoutEndTime], [u0].[PasswordHash], [u0].[PasswordResetToken], [u0].[PasswordResetTokenExpiry], [u0].[PasswordResetTokenUsed], [u0].[RefreshTokenExpiry], [u0].[RefreshTokenHash], [u0].[Role], [u0].[SocialProvider], [u0].[SocialProviderId], [u0].[Status], [u0].[UpdatedAt], [g1].[Id], [g1].[CategoryId], [g1].[CreatedAt], [g1].[DeletedAt], [g1].[Description], [g1].[FileUrl], [g1].[IsDeleted], [g1].[IsFeatured], [g1].[Name], [g1].[Slug], [g1].[Status], [g1].[Tags], [g1].[ThumbnailUrl], [g1].[UpdatedAt]
FROM [EmailRetryQueues] AS [e]
INNER JOIN [GreetingTransactions] AS [g] ON [e].[GreetingTransactionId] = [g].[Id]
INNER JOIN (
    SELECT [u].[Id], [u].[CreatedAt], [u].[DeletedAt], [u].[Email], [u].[EmailVerificationToken], [u].[EmailVerificationTokenExpiry], [u].[FailedLoginCount], [u].[FullName], [u].[IsDeleted], [u].[LastLoginAt], [u].[LockReason], [u].[LockoutEndTime], [u].[PasswordHash], [u].[PasswordResetToken], [u].[PasswordResetTokenExpiry], [u].[PasswordResetTokenUsed], [u].[RefreshTokenExpiry], [u].[RefreshTokenHash], [u].[Role], [u].[SocialProvider], [u].[SocialProviderId], [u].[Status], [u].[UpdatedAt]
    FROM [Users] AS [u]
    WHERE [u].[IsDeleted] = CAST(0 AS bit)
) AS [u0] ON [g].[SenderId] = [u0].[Id]
INNER JOIN (
    SELECT [g0].[Id], [g0].[CategoryId], [g0].[CreatedAt], [g0].[DeletedAt], [g0].[Description], [g0].[FileUrl], [g0].[IsDeleted], [g0].[IsFeatured], [g0].[Name], [g0].[Slug], [g0].[Status], [g0].[Tags], [g0].[ThumbnailUrl], [g0].[UpdatedAt]
    FROM [GreetingCards] AS [g0]
    WHERE [g0].[IsDeleted] = CAST(0 AS bit)
) AS [g1] ON [g].[CardId] = [g1].[Id]
WHERE [e].[Status] = N'PendingRetry' AND [e].[NextRetryAt] <= @__now_0
2026-05-06 00:05:13.521 +07:00 [INF] [CQRS] Handling GetCategoriesQuery
2026-05-06 00:05:13.521 +07:00 [INF] [CQRS] Handling GetCardsQuery
2026-05-06 00:05:13.527 +07:00 [INF] Executed DbCommand (5ms) [Parameters=[], CommandType='"Text"', CommandTimeout='30']
SELECT COUNT(*)
FROM [GreetingCards] AS [g]
INNER JOIN (
    SELECT [c].[Id], [c].[IsDeleted], [c].[Status]
    FROM [Categories] AS [c]
    WHERE [c].[IsDeleted] = CAST(0 AS bit)
) AS [c0] ON [g].[CategoryId] = [c0].[Id]
WHERE [g].[IsDeleted] = CAST(0 AS bit) AND [g].[Status] = N'Active' AND [g].[IsDeleted] = CAST(0 AS bit) AND [c0].[Status] = N'Active' AND [c0].[IsDeleted] = CAST(0 AS bit)
2026-05-06 00:05:13.528 +07:00 [INF] Executed DbCommand (6ms) [Parameters=[], CommandType='"Text"', CommandTimeout='30']
SELECT [c].[Id], [c].[Name], [c].[Slug], [c].[Description], [c].[IconUrl], [c].[Color], (
    SELECT COUNT(*)
    FROM [GreetingCards] AS [g]
    WHERE [g].[IsDeleted] = CAST(0 AS bit) AND [c].[Id] = [g].[CategoryId] AND [g].[Status] = N'Active' AND [g].[IsDeleted] = CAST(0 AS bit))
FROM [Categories] AS [c]
WHERE [c].[IsDeleted] = CAST(0 AS bit) AND [c].[Status] = N'Active' AND [c].[IsDeleted] = CAST(0 AS bit)
ORDER BY [c].[DisplayOrder]
2026-05-06 00:05:13.528 +07:00 [INF] [CQRS] Handled GetCategoriesQuery successfully
2026-05-06 00:05:13.529 +07:00 [INF] HTTP GET /api/categories responded 200 in 10.2823 ms
2026-05-06 00:05:13.535 +07:00 [INF] Executed DbCommand (7ms) [Parameters=[@__p_0='?' (DbType = Int32), @__p_1='?' (DbType = Int32)], CommandType='"Text"', CommandTimeout='30']
SELECT [g].[Id], [g].[Name], [g].[Slug], [g].[ThumbnailUrl], [g].[Description], [g].[IsFeatured], [c0].[Name], [c0].[Slug], CAST([g].[Status] AS nvarchar(max))
FROM [GreetingCards] AS [g]
INNER JOIN (
    SELECT [c].[Id], [c].[IsDeleted], [c].[Name], [c].[Slug], [c].[Status]
    FROM [Categories] AS [c]
    WHERE [c].[IsDeleted] = CAST(0 AS bit)
) AS [c0] ON [g].[CategoryId] = [c0].[Id]
WHERE [g].[IsDeleted] = CAST(0 AS bit) AND [g].[Status] = N'Active' AND [g].[IsDeleted] = CAST(0 AS bit) AND [c0].[Status] = N'Active' AND [c0].[IsDeleted] = CAST(0 AS bit)
ORDER BY [g].[CreatedAt] DESC
OFFSET @__p_0 ROWS FETCH NEXT @__p_1 ROWS ONLY
2026-05-06 00:05:13.535 +07:00 [INF] [CQRS] Handled GetCardsQuery successfully
2026-05-06 00:05:13.535 +07:00 [INF] HTTP GET /api/cards responded 200 in 16.4114 ms
2026-05-06 00:05:20.072 +07:00 [INF] [CQRS] Handling GetCategoriesQuery
2026-05-06 00:05:20.072 +07:00 [INF] [CQRS] Handling GetCardsQuery
2026-05-06 00:05:20.079 +07:00 [INF] Executed DbCommand (6ms) [Parameters=[], CommandType='"Text"', CommandTimeout='30']
SELECT [c].[Id], [c].[Name], [c].[Slug], [c].[Description], [c].[IconUrl], [c].[Color], (
    SELECT COUNT(*)
    FROM [GreetingCards] AS [g]
    WHERE [g].[IsDeleted] = CAST(0 AS bit) AND [c].[Id] = [g].[CategoryId] AND [g].[Status] = N'Active' AND [g].[IsDeleted] = CAST(0 AS bit))
FROM [Categories] AS [c]
WHERE [c].[IsDeleted] = CAST(0 AS bit) AND [c].[Status] = N'Active' AND [c].[IsDeleted] = CAST(0 AS bit)
ORDER BY [c].[DisplayOrder]
2026-05-06 00:05:20.079 +07:00 [INF] Executed DbCommand (6ms) [Parameters=[], CommandType='"Text"', CommandTimeout='30']
SELECT COUNT(*)
FROM [GreetingCards] AS [g]
INNER JOIN (
    SELECT [c].[Id], [c].[IsDeleted], [c].[Status]
    FROM [Categories] AS [c]
    WHERE [c].[IsDeleted] = CAST(0 AS bit)
) AS [c0] ON [g].[CategoryId] = [c0].[Id]
WHERE [g].[IsDeleted] = CAST(0 AS bit) AND [g].[Status] = N'Active' AND [g].[IsDeleted] = CAST(0 AS bit) AND [c0].[Status] = N'Active' AND [c0].[IsDeleted] = CAST(0 AS bit)
2026-05-06 00:05:20.080 +07:00 [INF] [CQRS] Handled GetCategoriesQuery successfully
2026-05-06 00:05:20.081 +07:00 [INF] HTTP GET /api/categories responded 200 in 9.9436 ms
2026-05-06 00:05:20.087 +07:00 [INF] Executed DbCommand (6ms) [Parameters=[@__p_0='?' (DbType = Int32), @__p_1='?' (DbType = Int32)], CommandType='"Text"', CommandTimeout='30']
SELECT [g].[Id], [g].[Name], [g].[Slug], [g].[ThumbnailUrl], [g].[Description], [g].[IsFeatured], [c0].[Name], [c0].[Slug], CAST([g].[Status] AS nvarchar(max))
FROM [GreetingCards] AS [g]
INNER JOIN (
    SELECT [c].[Id], [c].[IsDeleted], [c].[Name], [c].[Slug], [c].[Status]
    FROM [Categories] AS [c]
    WHERE [c].[IsDeleted] = CAST(0 AS bit)
) AS [c0] ON [g].[CategoryId] = [c0].[Id]
WHERE [g].[IsDeleted] = CAST(0 AS bit) AND [g].[Status] = N'Active' AND [g].[IsDeleted] = CAST(0 AS bit) AND [c0].[Status] = N'Active' AND [c0].[IsDeleted] = CAST(0 AS bit)
ORDER BY [g].[CreatedAt] DESC
OFFSET @__p_0 ROWS FETCH NEXT @__p_1 ROWS ONLY
2026-05-06 00:05:20.087 +07:00 [INF] [CQRS] Handled GetCardsQuery successfully
2026-05-06 00:05:20.088 +07:00 [INF] HTTP GET /api/cards responded 200 in 16.9035 ms
2026-05-06 00:05:44.805 +07:00 [INF] [CQRS] Handling GetCardsQuery
2026-05-06 00:05:44.805 +07:00 [INF] [CQRS] Handling GetCategoriesQuery
2026-05-06 00:05:44.817 +07:00 [INF] Executed DbCommand (9ms) [Parameters=[], CommandType='"Text"', CommandTimeout='30']
SELECT COUNT(*)
FROM [GreetingCards] AS [g]
INNER JOIN (
    SELECT [c].[Id], [c].[IsDeleted], [c].[Status]
    FROM [Categories] AS [c]
    WHERE [c].[IsDeleted] = CAST(0 AS bit)
) AS [c0] ON [g].[CategoryId] = [c0].[Id]
WHERE [g].[IsDeleted] = CAST(0 AS bit) AND [g].[Status] = N'Active' AND [g].[IsDeleted] = CAST(0 AS bit) AND [c0].[Status] = N'Active' AND [c0].[IsDeleted] = CAST(0 AS bit)
2026-05-06 00:05:44.820 +07:00 [INF] Executed DbCommand (12ms) [Parameters=[], CommandType='"Text"', CommandTimeout='30']
SELECT [c].[Id], [c].[Name], [c].[Slug], [c].[Description], [c].[IconUrl], [c].[Color], (
    SELECT COUNT(*)
    FROM [GreetingCards] AS [g]
    WHERE [g].[IsDeleted] = CAST(0 AS bit) AND [c].[Id] = [g].[CategoryId] AND [g].[Status] = N'Active' AND [g].[IsDeleted] = CAST(0 AS bit))
FROM [Categories] AS [c]
WHERE [c].[IsDeleted] = CAST(0 AS bit) AND [c].[Status] = N'Active' AND [c].[IsDeleted] = CAST(0 AS bit)
ORDER BY [c].[DisplayOrder]
2026-05-06 00:05:44.821 +07:00 [INF] [CQRS] Handled GetCategoriesQuery successfully
2026-05-06 00:05:44.823 +07:00 [INF] HTTP GET /api/categories responded 200 in 22.2505 ms
2026-05-06 00:05:44.825 +07:00 [INF] Executed DbCommand (5ms) [Parameters=[@__p_0='?' (DbType = Int32), @__p_1='?' (DbType = Int32)], CommandType='"Text"', CommandTimeout='30']
SELECT [g].[Id], [g].[Name], [g].[Slug], [g].[ThumbnailUrl], [g].[Description], [g].[IsFeatured], [c0].[Name], [c0].[Slug], CAST([g].[Status] AS nvarchar(max))
FROM [GreetingCards] AS [g]
INNER JOIN (
    SELECT [c].[Id], [c].[IsDeleted], [c].[Name], [c].[Slug], [c].[Status]
    FROM [Categories] AS [c]
    WHERE [c].[IsDeleted] = CAST(0 AS bit)
) AS [c0] ON [g].[CategoryId] = [c0].[Id]
WHERE [g].[IsDeleted] = CAST(0 AS bit) AND [g].[Status] = N'Active' AND [g].[IsDeleted] = CAST(0 AS bit) AND [c0].[Status] = N'Active' AND [c0].[IsDeleted] = CAST(0 AS bit)
ORDER BY [g].[CreatedAt] DESC
OFFSET @__p_0 ROWS FETCH NEXT @__p_1 ROWS ONLY
2026-05-06 00:05:44.825 +07:00 [INF] [CQRS] Handled GetCardsQuery successfully
2026-05-06 00:05:44.826 +07:00 [INF] HTTP GET /api/cards responded 200 in 24.9395 ms
2026-05-06 00:08:30.628 +07:00 [INF] [CQRS] Handling GetCategoriesQuery
2026-05-06 00:08:30.628 +07:00 [INF] [CQRS] Handling GetCardsQuery
2026-05-06 00:08:30.644 +07:00 [INF] Executed DbCommand (7ms) [Parameters=[], CommandType='"Text"', CommandTimeout='30']
SELECT [c].[Id], [c].[Name], [c].[Slug], [c].[Description], [c].[IconUrl], [c].[Color], (
    SELECT COUNT(*)
    FROM [GreetingCards] AS [g]
    WHERE [g].[IsDeleted] = CAST(0 AS bit) AND [c].[Id] = [g].[CategoryId] AND [g].[Status] = N'Active' AND [g].[IsDeleted] = CAST(0 AS bit))
FROM [Categories] AS [c]
WHERE [c].[IsDeleted] = CAST(0 AS bit) AND [c].[Status] = N'Active' AND [c].[IsDeleted] = CAST(0 AS bit)
ORDER BY [c].[DisplayOrder]
2026-05-06 00:08:30.644 +07:00 [INF] Executed DbCommand (6ms) [Parameters=[], CommandType='"Text"', CommandTimeout='30']
SELECT COUNT(*)
FROM [GreetingCards] AS [g]
INNER JOIN (
    SELECT [c].[Id], [c].[IsDeleted], [c].[Status]
    FROM [Categories] AS [c]
    WHERE [c].[IsDeleted] = CAST(0 AS bit)
) AS [c0] ON [g].[CategoryId] = [c0].[Id]
WHERE [g].[IsDeleted] = CAST(0 AS bit) AND [g].[Status] = N'Active' AND [g].[IsDeleted] = CAST(0 AS bit) AND [c0].[Status] = N'Active' AND [c0].[IsDeleted] = CAST(0 AS bit)
2026-05-06 00:08:30.645 +07:00 [INF] [CQRS] Handled GetCategoriesQuery successfully
2026-05-06 00:08:30.645 +07:00 [INF] HTTP GET /api/categories responded 200 in 20.1882 ms
2026-05-06 00:08:30.649 +07:00 [INF] Executed DbCommand (3ms) [Parameters=[@__p_0='?' (DbType = Int32), @__p_1='?' (DbType = Int32)], CommandType='"Text"', CommandTimeout='30']
SELECT [g].[Id], [g].[Name], [g].[Slug], [g].[ThumbnailUrl], [g].[Description], [g].[IsFeatured], [c0].[Name], [c0].[Slug], CAST([g].[Status] AS nvarchar(max))
FROM [GreetingCards] AS [g]
INNER JOIN (
    SELECT [c].[Id], [c].[IsDeleted], [c].[Name], [c].[Slug], [c].[Status]
    FROM [Categories] AS [c]
    WHERE [c].[IsDeleted] = CAST(0 AS bit)
) AS [c0] ON [g].[CategoryId] = [c0].[Id]
WHERE [g].[IsDeleted] = CAST(0 AS bit) AND [g].[Status] = N'Active' AND [g].[IsDeleted] = CAST(0 AS bit) AND [c0].[Status] = N'Active' AND [c0].[IsDeleted] = CAST(0 AS bit)
ORDER BY [g].[CreatedAt] DESC
OFFSET @__p_0 ROWS FETCH NEXT @__p_1 ROWS ONLY
2026-05-06 00:08:30.649 +07:00 [INF] [CQRS] Handled GetCardsQuery successfully
2026-05-06 00:08:30.649 +07:00 [INF] HTTP GET /api/cards responded 200 in 23.7514 ms
2026-05-06 00:09:03.325 +07:00 [INF] [CQRS] Handling GetCardsQuery
2026-05-06 00:09:03.355 +07:00 [INF] [CQRS] Handling GetCategoriesQuery
2026-05-06 00:09:03.359 +07:00 [INF] Executed DbCommand (4ms) [Parameters=[], CommandType='"Text"', CommandTimeout='30']
SELECT COUNT(*)
FROM [GreetingCards] AS [g]
INNER JOIN (
    SELECT [c].[Id], [c].[IsDeleted], [c].[Status]
    FROM [Categories] AS [c]
    WHERE [c].[IsDeleted] = CAST(0 AS bit)
) AS [c0] ON [g].[CategoryId] = [c0].[Id]
WHERE [g].[IsDeleted] = CAST(0 AS bit) AND [g].[Status] = N'Active' AND [g].[IsDeleted] = CAST(0 AS bit) AND [c0].[Status] = N'Active' AND [c0].[IsDeleted] = CAST(0 AS bit)
2026-05-06 00:09:03.360 +07:00 [INF] Executed DbCommand (4ms) [Parameters=[], CommandType='"Text"', CommandTimeout='30']
SELECT [c].[Id], [c].[Name], [c].[Slug], [c].[Description], [c].[IconUrl], [c].[Color], (
    SELECT COUNT(*)
    FROM [GreetingCards] AS [g]
    WHERE [g].[IsDeleted] = CAST(0 AS bit) AND [c].[Id] = [g].[CategoryId] AND [g].[Status] = N'Active' AND [g].[IsDeleted] = CAST(0 AS bit))
FROM [Categories] AS [c]
WHERE [c].[IsDeleted] = CAST(0 AS bit) AND [c].[Status] = N'Active' AND [c].[IsDeleted] = CAST(0 AS bit)
ORDER BY [c].[DisplayOrder]
2026-05-06 00:09:03.360 +07:00 [INF] [CQRS] Handled GetCategoriesQuery successfully
2026-05-06 00:09:03.360 +07:00 [INF] HTTP GET /api/categories responded 200 in 33.3471 ms
2026-05-06 00:09:03.363 +07:00 [INF] Executed DbCommand (3ms) [Parameters=[@__p_0='?' (DbType = Int32), @__p_1='?' (DbType = Int32)], CommandType='"Text"', CommandTimeout='30']
SELECT [g].[Id], [g].[Name], [g].[Slug], [g].[ThumbnailUrl], [g].[Description], [g].[IsFeatured], [c0].[Name], [c0].[Slug], CAST([g].[Status] AS nvarchar(max))
FROM [GreetingCards] AS [g]
INNER JOIN (
    SELECT [c].[Id], [c].[IsDeleted], [c].[Name], [c].[Slug], [c].[Status]
    FROM [Categories] AS [c]
    WHERE [c].[IsDeleted] = CAST(0 AS bit)
) AS [c0] ON [g].[CategoryId] = [c0].[Id]
WHERE [g].[IsDeleted] = CAST(0 AS bit) AND [g].[Status] = N'Active' AND [g].[IsDeleted] = CAST(0 AS bit) AND [c0].[Status] = N'Active' AND [c0].[IsDeleted] = CAST(0 AS bit)
ORDER BY [g].[CreatedAt] DESC
OFFSET @__p_0 ROWS FETCH NEXT @__p_1 ROWS ONLY
2026-05-06 00:09:03.363 +07:00 [INF] [CQRS] Handled GetCardsQuery successfully
2026-05-06 00:09:03.363 +07:00 [INF] HTTP GET /api/cards responded 200 in 39.9808 ms
2026-05-06 00:09:35.840 +07:00 [INF] [CQRS] Handling GetCardsQuery
2026-05-06 00:09:35.840 +07:00 [INF] [CQRS] Handling GetCategoriesQuery
2026-05-06 00:09:35.849 +07:00 [INF] Executed DbCommand (6ms) [Parameters=[], CommandType='"Text"', CommandTimeout='30']
SELECT COUNT(*)
FROM [GreetingCards] AS [g]
INNER JOIN (
    SELECT [c].[Id], [c].[IsDeleted], [c].[Status]
    FROM [Categories] AS [c]
    WHERE [c].[IsDeleted] = CAST(0 AS bit)
) AS [c0] ON [g].[CategoryId] = [c0].[Id]
WHERE [g].[IsDeleted] = CAST(0 AS bit) AND [g].[Status] = N'Active' AND [g].[IsDeleted] = CAST(0 AS bit) AND [c0].[Status] = N'Active' AND [c0].[IsDeleted] = CAST(0 AS bit)
2026-05-06 00:09:35.850 +07:00 [INF] Executed DbCommand (7ms) [Parameters=[], CommandType='"Text"', CommandTimeout='30']
SELECT [c].[Id], [c].[Name], [c].[Slug], [c].[Description], [c].[IconUrl], [c].[Color], (
    SELECT COUNT(*)
    FROM [GreetingCards] AS [g]
    WHERE [g].[IsDeleted] = CAST(0 AS bit) AND [c].[Id] = [g].[CategoryId] AND [g].[Status] = N'Active' AND [g].[IsDeleted] = CAST(0 AS bit))
FROM [Categories] AS [c]
WHERE [c].[IsDeleted] = CAST(0 AS bit) AND [c].[Status] = N'Active' AND [c].[IsDeleted] = CAST(0 AS bit)
ORDER BY [c].[DisplayOrder]
2026-05-06 00:09:35.850 +07:00 [INF] [CQRS] Handled GetCategoriesQuery successfully
2026-05-06 00:09:35.851 +07:00 [INF] HTTP GET /api/categories responded 200 in 11.7748 ms
2026-05-06 00:09:35.855 +07:00 [INF] Executed DbCommand (4ms) [Parameters=[@__p_0='?' (DbType = Int32), @__p_1='?' (DbType = Int32)], CommandType='"Text"', CommandTimeout='30']
SELECT [g].[Id], [g].[Name], [g].[Slug], [g].[ThumbnailUrl], [g].[Description], [g].[IsFeatured], [c0].[Name], [c0].[Slug], CAST([g].[Status] AS nvarchar(max))
FROM [GreetingCards] AS [g]
INNER JOIN (
    SELECT [c].[Id], [c].[IsDeleted], [c].[Name], [c].[Slug], [c].[Status]
    FROM [Categories] AS [c]
    WHERE [c].[IsDeleted] = CAST(0 AS bit)
) AS [c0] ON [g].[CategoryId] = [c0].[Id]
WHERE [g].[IsDeleted] = CAST(0 AS bit) AND [g].[Status] = N'Active' AND [g].[IsDeleted] = CAST(0 AS bit) AND [c0].[Status] = N'Active' AND [c0].[IsDeleted] = CAST(0 AS bit)
ORDER BY [g].[CreatedAt] DESC
OFFSET @__p_0 ROWS FETCH NEXT @__p_1 ROWS ONLY
2026-05-06 00:09:35.855 +07:00 [INF] [CQRS] Handled GetCardsQuery successfully
2026-05-06 00:09:35.855 +07:00 [INF] HTTP GET /api/cards responded 200 in 16.5068 ms
2026-05-06 00:09:44.004 +07:00 [INF] [CQRS] Handling GetCardsQuery
2026-05-06 00:09:44.007 +07:00 [INF] [CQRS] Handling GetCategoriesQuery
2026-05-06 00:09:44.010 +07:00 [INF] Executed DbCommand (3ms) [Parameters=[], CommandType='"Text"', CommandTimeout='30']
SELECT COUNT(*)
FROM [GreetingCards] AS [g]
INNER JOIN (
    SELECT [c].[Id], [c].[IsDeleted], [c].[Status]
    FROM [Categories] AS [c]
    WHERE [c].[IsDeleted] = CAST(0 AS bit)
) AS [c0] ON [g].[CategoryId] = [c0].[Id]
WHERE [g].[IsDeleted] = CAST(0 AS bit) AND [g].[Status] = N'Active' AND [g].[IsDeleted] = CAST(0 AS bit) AND [c0].[Status] = N'Active' AND [c0].[IsDeleted] = CAST(0 AS bit)
2026-05-06 00:09:44.011 +07:00 [INF] Executed DbCommand (3ms) [Parameters=[], CommandType='"Text"', CommandTimeout='30']
SELECT [c].[Id], [c].[Name], [c].[Slug], [c].[Description], [c].[IconUrl], [c].[Color], (
    SELECT COUNT(*)
    FROM [GreetingCards] AS [g]
    WHERE [g].[IsDeleted] = CAST(0 AS bit) AND [c].[Id] = [g].[CategoryId] AND [g].[Status] = N'Active' AND [g].[IsDeleted] = CAST(0 AS bit))
FROM [Categories] AS [c]
WHERE [c].[IsDeleted] = CAST(0 AS bit) AND [c].[Status] = N'Active' AND [c].[IsDeleted] = CAST(0 AS bit)
ORDER BY [c].[DisplayOrder]
2026-05-06 00:09:44.011 +07:00 [INF] [CQRS] Handled GetCategoriesQuery successfully
2026-05-06 00:09:44.011 +07:00 [INF] HTTP GET /api/categories responded 200 in 4.8126 ms
2026-05-06 00:09:44.015 +07:00 [INF] Executed DbCommand (4ms) [Parameters=[@__p_0='?' (DbType = Int32), @__p_1='?' (DbType = Int32)], CommandType='"Text"', CommandTimeout='30']
SELECT [g].[Id], [g].[Name], [g].[Slug], [g].[ThumbnailUrl], [g].[Description], [g].[IsFeatured], [c0].[Name], [c0].[Slug], CAST([g].[Status] AS nvarchar(max))
FROM [GreetingCards] AS [g]
INNER JOIN (
    SELECT [c].[Id], [c].[IsDeleted], [c].[Name], [c].[Slug], [c].[Status]
    FROM [Categories] AS [c]
    WHERE [c].[IsDeleted] = CAST(0 AS bit)
) AS [c0] ON [g].[CategoryId] = [c0].[Id]
WHERE [g].[IsDeleted] = CAST(0 AS bit) AND [g].[Status] = N'Active' AND [g].[IsDeleted] = CAST(0 AS bit) AND [c0].[Status] = N'Active' AND [c0].[IsDeleted] = CAST(0 AS bit)
ORDER BY [g].[CreatedAt] DESC
OFFSET @__p_0 ROWS FETCH NEXT @__p_1 ROWS ONLY
2026-05-06 00:09:44.015 +07:00 [INF] [CQRS] Handled GetCardsQuery successfully
2026-05-06 00:09:44.016 +07:00 [INF] HTTP GET /api/cards responded 200 in 12.2062 ms
2026-05-06 00:10:02.358 +07:00 [INF] Executed DbCommand (2ms) [Parameters=[@__now_0='?' (DbType = DateTime2)], CommandType='"Text"', CommandTimeout='30']
SELECT [e].[Id], [e].[CreatedAt], [e].[GreetingTransactionId], [e].[LastError], [e].[NextRetryAt], [e].[RetryCount], [e].[Status], [e].[UpdatedAt], [g].[Id], [g].[CardId], [g].[CreatedAt], [g].[PersonalMessage], [g].[RecipientEmail], [g].[RetryCount], [g].[ScheduledSendAt], [g].[SenderId], [g].[SentAt], [g].[Status], [g].[Subject], [g].[SubscriptionId], [u0].[Id], [u0].[CreatedAt], [u0].[DeletedAt], [u0].[Email], [u0].[EmailVerificationToken], [u0].[EmailVerificationTokenExpiry], [u0].[FailedLoginCount], [u0].[FullName], [u0].[IsDeleted], [u0].[LastLoginAt], [u0].[LockReason], [u0].[LockoutEndTime], [u0].[PasswordHash], [u0].[PasswordResetToken], [u0].[PasswordResetTokenExpiry], [u0].[PasswordResetTokenUsed], [u0].[RefreshTokenExpiry], [u0].[RefreshTokenHash], [u0].[Role], [u0].[SocialProvider], [u0].[SocialProviderId], [u0].[Status], [u0].[UpdatedAt], [g1].[Id], [g1].[CategoryId], [g1].[CreatedAt], [g1].[DeletedAt], [g1].[Description], [g1].[FileUrl], [g1].[IsDeleted], [g1].[IsFeatured], [g1].[Name], [g1].[Slug], [g1].[Status], [g1].[Tags], [g1].[ThumbnailUrl], [g1].[UpdatedAt]
FROM [EmailRetryQueues] AS [e]
INNER JOIN [GreetingTransactions] AS [g] ON [e].[GreetingTransactionId] = [g].[Id]
INNER JOIN (
    SELECT [u].[Id], [u].[CreatedAt], [u].[DeletedAt], [u].[Email], [u].[EmailVerificationToken], [u].[EmailVerificationTokenExpiry], [u].[FailedLoginCount], [u].[FullName], [u].[IsDeleted], [u].[LastLoginAt], [u].[LockReason], [u].[LockoutEndTime], [u].[PasswordHash], [u].[PasswordResetToken], [u].[PasswordResetTokenExpiry], [u].[PasswordResetTokenUsed], [u].[RefreshTokenExpiry], [u].[RefreshTokenHash], [u].[Role], [u].[SocialProvider], [u].[SocialProviderId], [u].[Status], [u].[UpdatedAt]
    FROM [Users] AS [u]
    WHERE [u].[IsDeleted] = CAST(0 AS bit)
) AS [u0] ON [g].[SenderId] = [u0].[Id]
INNER JOIN (
    SELECT [g0].[Id], [g0].[CategoryId], [g0].[CreatedAt], [g0].[DeletedAt], [g0].[Description], [g0].[FileUrl], [g0].[IsDeleted], [g0].[IsFeatured], [g0].[Name], [g0].[Slug], [g0].[Status], [g0].[Tags], [g0].[ThumbnailUrl], [g0].[UpdatedAt]
    FROM [GreetingCards] AS [g0]
    WHERE [g0].[IsDeleted] = CAST(0 AS bit)
) AS [g1] ON [g].[CardId] = [g1].[Id]
WHERE [e].[Status] = N'PendingRetry' AND [e].[NextRetryAt] <= @__now_0
2026-05-06 00:10:06.033 +07:00 [INF] Server macbookpro:18652:aff3a087 caught stopping signal...
2026-05-06 00:10:06.371 +07:00 [INF] Server macbookpro:18652:aff3a087 All dispatchers stopped
2026-05-06 00:10:06.384 +07:00 [INF] Server macbookpro:18652:aff3a087 successfully reported itself as stopped in 11,5725 ms
2026-05-06 00:10:06.384 +07:00 [INF] Server macbookpro:18652:aff3a087 has been stopped in total 348,1114 ms
2026-05-06 00:10:20.468 +07:00 [WRN] Entity 'User' has a global query filter defined and is the required end of a relationship with the entity 'Feedback'. This may lead to unexpected results when the required entity is filtered out. Either configure the navigation as optional, or define matching query filters for both entities in the navigation. See https://go.microsoft.com/fwlink/?linkid=2131316 for more information.
2026-05-06 00:10:20.498 +07:00 [WRN] Entity 'GreetingCard' has a global query filter defined and is the required end of a relationship with the entity 'GreetingTransaction'. This may lead to unexpected results when the required entity is filtered out. Either configure the navigation as optional, or define matching query filters for both entities in the navigation. See https://go.microsoft.com/fwlink/?linkid=2131316 for more information.
2026-05-06 00:10:20.499 +07:00 [WRN] Entity 'User' has a global query filter defined and is the required end of a relationship with the entity 'Subscription'. This may lead to unexpected results when the required entity is filtered out. Either configure the navigation as optional, or define matching query filters for both entities in the navigation. See https://go.microsoft.com/fwlink/?linkid=2131316 for more information.
2026-05-06 00:10:20.793 +07:00 [INF] Executed DbCommand (18ms) [Parameters=[], CommandType='"Text"', CommandTimeout='30']
SELECT 1
2026-05-06 00:10:20.816 +07:00 [INF] Executed DbCommand (15ms) [Parameters=[], CommandType='"Text"', CommandTimeout='30']
DECLARE @result int;
EXEC @result = sp_getapplock @Resource = '__EFMigrationsLock', @LockOwner = 'Session', @LockMode = 'Exclusive';
SELECT @result
2026-05-06 00:10:20.858 +07:00 [INF] Executed DbCommand (6ms) [Parameters=[], CommandType='"Text"', CommandTimeout='30']
IF OBJECT_ID(N'[__EFMigrationsHistory]') IS NULL
BEGIN
    CREATE TABLE [__EFMigrationsHistory] (
        [MigrationId] nvarchar(150) NOT NULL,
        [ProductVersion] nvarchar(32) NOT NULL,
        CONSTRAINT [PK___EFMigrationsHistory] PRIMARY KEY ([MigrationId])
    );
END;
2026-05-06 00:10:20.871 +07:00 [INF] Executed DbCommand (3ms) [Parameters=[], CommandType='"Text"', CommandTimeout='30']
SELECT 1
2026-05-06 00:10:20.874 +07:00 [INF] Executed DbCommand (2ms) [Parameters=[], CommandType='"Text"', CommandTimeout='30']
SELECT OBJECT_ID(N'[__EFMigrationsHistory]');
2026-05-06 00:10:20.879 +07:00 [INF] Executed DbCommand (3ms) [Parameters=[], CommandType='"Text"', CommandTimeout='30']
SELECT [MigrationId], [ProductVersion]
FROM [__EFMigrationsHistory]
ORDER BY [MigrationId];
2026-05-06 00:10:20.928 +07:00 [INF] Executed DbCommand (31ms) [Parameters=[], CommandType='"Text"', CommandTimeout='30']
ALTER TABLE [GreetingCards] ADD [CustomJsonContent] nvarchar(max) NULL;
2026-05-06 00:10:20.930 +07:00 [INF] Executed DbCommand (2ms) [Parameters=[], CommandType='"Text"', CommandTimeout='30']
INSERT INTO [__EFMigrationsHistory] ([MigrationId], [ProductVersion])
VALUES (N'20260505170802_AddGreetingCardCustomJsonContent', N'9.0.4');
2026-05-06 00:10:20.934 +07:00 [INF] Executed DbCommand (2ms) [Parameters=[], CommandType='"Text"', CommandTimeout='30']
DECLARE @result int;
EXEC @result = sp_releaseapplock @Resource = '__EFMigrationsLock', @LockOwner = 'Session';
SELECT @result
2026-05-06 00:10:21.061 +07:00 [INF] Executed DbCommand (5ms) [Parameters=[], CommandType='"Text"', CommandTimeout='30']
SELECT CASE
    WHEN EXISTS (
        SELECT 1
        FROM [Categories] AS [c]
        WHERE [c].[IsDeleted] = CAST(0 AS bit)) THEN CAST(1 AS bit)
    ELSE CAST(0 AS bit)
END
2026-05-06 00:10:21.085 +07:00 [INF] Executed DbCommand (8ms) [Parameters=[@__adminEmail_0='?' (Size = 256) (DbType = AnsiString)], CommandType='"Text"', CommandTimeout='30']
SELECT CASE
    WHEN EXISTS (
        SELECT 1
        FROM [Users] AS [u]
        WHERE [u].[Email] = @__adminEmail_0) THEN CAST(1 AS bit)
    ELSE CAST(0 AS bit)
END
2026-05-06 00:10:21.089 +07:00 [INF] Executed DbCommand (2ms) [Parameters=[@__admin2Email_0='?' (Size = 256) (DbType = AnsiString)], CommandType='"Text"', CommandTimeout='30']
SELECT CASE
    WHEN EXISTS (
        SELECT 1
        FROM [Users] AS [u]
        WHERE [u].[Email] = @__admin2Email_0) THEN CAST(1 AS bit)
    ELSE CAST(0 AS bit)
END
2026-05-06 00:10:21.117 +07:00 [INF] Executed DbCommand (6ms) [Parameters=[@__admin2Email_0='?' (Size = 256) (DbType = AnsiString)], CommandType='"Text"', CommandTimeout='30']
SELECT TOP(1) [u].[Id], [u].[CreatedAt], [u].[DeletedAt], [u].[Email], [u].[EmailVerificationToken], [u].[EmailVerificationTokenExpiry], [u].[FailedLoginCount], [u].[FullName], [u].[IsDeleted], [u].[LastLoginAt], [u].[LockReason], [u].[LockoutEndTime], [u].[PasswordHash], [u].[PasswordResetToken], [u].[PasswordResetTokenExpiry], [u].[PasswordResetTokenUsed], [u].[RefreshTokenExpiry], [u].[RefreshTokenHash], [u].[Role], [u].[SocialProvider], [u].[SocialProviderId], [u].[Status], [u].[UpdatedAt]
FROM [Users] AS [u]
WHERE [u].[Email] = @__admin2Email_0
2026-05-06 00:10:21.177 +07:00 [INF] Executed DbCommand (16ms) [Parameters=[], CommandType='"Text"', CommandTimeout='30']
SELECT CASE
    WHEN EXISTS (
        SELECT 1
        FROM [GreetingCards] AS [g]
        WHERE [g].[IsDeleted] = CAST(0 AS bit)) THEN CAST(1 AS bit)
    ELSE CAST(0 AS bit)
END
2026-05-06 00:10:21.193 +07:00 [INF] Start installing Hangfire SQL objects...
2026-05-06 00:10:21.219 +07:00 [INF] Hangfire SQL objects installed.
2026-05-06 00:10:21.367 +07:00 [INF] Starting Hangfire Server using job storage: 'SQL Server: localhost,1433@EGreetingsDb_Dev'
2026-05-06 00:10:21.368 +07:00 [INF] Using the following options for SQL Server job storage: Queue poll interval: 00:00:00.
2026-05-06 00:10:21.368 +07:00 [INF] Using the following options for Hangfire Server:
    Worker count: 20
    Listening queues: 'default'
    Shutdown timeout: 00:00:15
    Schedule polling interval: 00:00:15
2026-05-06 00:10:21.384 +07:00 [INF] Server macbookpro:31145:91ae0d64 successfully announced in 10,3652 ms
2026-05-06 00:10:21.385 +07:00 [INF] Server macbookpro:31145:91ae0d64 is starting the registered dispatchers: ServerWatchdog, ServerJobCancellationWatcher, SqlServerHeartbeatProcess, ExpirationManager, CountersAggregator, Worker, DelayedJobScheduler, RecurringJobScheduler...
2026-05-06 00:10:21.388 +07:00 [INF] Server macbookpro:31145:91ae0d64 all the dispatchers started
2026-05-06 00:10:38.097 +07:00 [WRN] Failed to determine the https port for redirect.
2026-05-06 00:10:38.124 +07:00 [INF] [CQRS] Handling GetCategoriesQuery
2026-05-06 00:10:38.140 +07:00 [INF] [CQRS] Handling LoginCommand
2026-05-06 00:10:38.177 +07:00 [INF] Executed DbCommand (5ms) [Parameters=[@__ToLower_0='?' (Size = 256) (DbType = AnsiString)], CommandType='"Text"', CommandTimeout='30']
SELECT TOP(1) [u].[Id], [u].[CreatedAt], [u].[DeletedAt], [u].[Email], [u].[EmailVerificationToken], [u].[EmailVerificationTokenExpiry], [u].[FailedLoginCount], [u].[FullName], [u].[IsDeleted], [u].[LastLoginAt], [u].[LockReason], [u].[LockoutEndTime], [u].[PasswordHash], [u].[PasswordResetToken], [u].[PasswordResetTokenExpiry], [u].[PasswordResetTokenUsed], [u].[RefreshTokenExpiry], [u].[RefreshTokenHash], [u].[Role], [u].[SocialProvider], [u].[SocialProviderId], [u].[Status], [u].[UpdatedAt]
FROM [Users] AS [u]
WHERE [u].[IsDeleted] = CAST(0 AS bit) AND [u].[Email] = @__ToLower_0 AND [u].[IsDeleted] = CAST(0 AS bit)
2026-05-06 00:10:38.183 +07:00 [INF] Executed DbCommand (16ms) [Parameters=[], CommandType='"Text"', CommandTimeout='30']
SELECT [c].[Id], [c].[Name], [c].[Slug], [c].[Description], [c].[IconUrl], [c].[Color], (
    SELECT COUNT(*)
    FROM [GreetingCards] AS [g]
    WHERE [g].[IsDeleted] = CAST(0 AS bit) AND [c].[Id] = [g].[CategoryId] AND [g].[Status] = N'Active' AND [g].[IsDeleted] = CAST(0 AS bit))
FROM [Categories] AS [c]
WHERE [c].[IsDeleted] = CAST(0 AS bit) AND [c].[Status] = N'Active' AND [c].[IsDeleted] = CAST(0 AS bit)
ORDER BY [c].[DisplayOrder]
2026-05-06 00:10:38.184 +07:00 [INF] [CQRS] Handled GetCategoriesQuery successfully
2026-05-06 00:10:38.196 +07:00 [INF] HTTP GET /api/categories responded 200 in 99.4780 ms
2026-05-06 00:10:38.724 +07:00 [INF] Executed DbCommand (11ms) [Parameters=[@p3='?' (DbType = Guid), @p0='?' (DbType = DateTime2), @p1='?' (DbType = DateTime2), @p2='?' (Size = 256)], CommandType='"Text"', CommandTimeout='30']
SET IMPLICIT_TRANSACTIONS OFF;
SET NOCOUNT ON;
UPDATE [Users] SET [LastLoginAt] = @p0, [RefreshTokenExpiry] = @p1, [RefreshTokenHash] = @p2
OUTPUT 1
WHERE [Id] = @p3;
2026-05-06 00:10:38.769 +07:00 [INF] Executed DbCommand (8ms) [Parameters=[@p0='?' (DbType = Guid), @p1='?' (DbType = Guid), @p2='?' (Size = 20), @p3='?' (Size = 2000), @p4='?' (DbType = DateTime2), @p5='?' (Size = 1000), @p6='?' (Size = 30), @p7='?' (Size = 50), @p8='?' (Size = 20), @p9='?' (DbType = DateTime2)], CommandType='"Text"', CommandTimeout='30']
SET IMPLICIT_TRANSACTIONS OFF;
SET NOCOUNT ON;
INSERT INTO [SystemLogs] ([Id], [ActorId], [ActorType], [AdditionalData], [CreatedAt], [Description], [EventType], [IpAddress], [Status], [Timestamp])
VALUES (@p0, @p1, @p2, @p3, @p4, @p5, @p6, @p7, @p8, @p9);
2026-05-06 00:10:38.770 +07:00 [WRN] [PERFORMANCE] Slow request detected: LoginCommand took 625ms
2026-05-06 00:10:38.770 +07:00 [INF] [CQRS] Handled LoginCommand successfully
2026-05-06 00:10:38.775 +07:00 [INF] HTTP POST /api/auth/login responded 200 in 679.2839 ms
2026-05-06 00:10:44.909 +07:00 [INF] [CQRS] Handling GetCategoriesQuery
2026-05-06 00:10:44.914 +07:00 [INF] [CQRS] Handling GetCardsQuery
2026-05-06 00:10:44.918 +07:00 [INF] Executed DbCommand (6ms) [Parameters=[], CommandType='"Text"', CommandTimeout='30']
SELECT [c].[Id], [c].[Name], [c].[Slug], [c].[Description], [c].[IconUrl], [c].[Color], (
    SELECT COUNT(*)
    FROM [GreetingCards] AS [g]
    WHERE [g].[IsDeleted] = CAST(0 AS bit) AND [c].[Id] = [g].[CategoryId] AND [g].[Status] = N'Active' AND [g].[IsDeleted] = CAST(0 AS bit))
FROM [Categories] AS [c]
WHERE [c].[IsDeleted] = CAST(0 AS bit) AND [c].[Status] = N'Active' AND [c].[IsDeleted] = CAST(0 AS bit)
ORDER BY [c].[DisplayOrder]
2026-05-06 00:10:44.919 +07:00 [INF] [CQRS] Handled GetCategoriesQuery successfully
2026-05-06 00:10:44.919 +07:00 [INF] HTTP GET /api/categories responded 200 in 13.9701 ms
2026-05-06 00:10:44.945 +07:00 [INF] Executed DbCommand (10ms) [Parameters=[], CommandType='"Text"', CommandTimeout='30']
SELECT COUNT(*)
FROM [GreetingCards] AS [g]
INNER JOIN (
    SELECT [c].[Id], [c].[IsDeleted], [c].[Status]
    FROM [Categories] AS [c]
    WHERE [c].[IsDeleted] = CAST(0 AS bit)
) AS [c0] ON [g].[CategoryId] = [c0].[Id]
WHERE [g].[IsDeleted] = CAST(0 AS bit) AND [g].[Status] = N'Active' AND [g].[IsDeleted] = CAST(0 AS bit) AND [c0].[Status] = N'Active' AND [c0].[IsDeleted] = CAST(0 AS bit)
2026-05-06 00:10:44.961 +07:00 [INF] Executed DbCommand (8ms) [Parameters=[@__p_0='?' (DbType = Int32), @__p_1='?' (DbType = Int32)], CommandType='"Text"', CommandTimeout='30']
SELECT [g].[Id], [g].[Name], [g].[Slug], [g].[ThumbnailUrl], [g].[Description], [g].[IsFeatured], [c0].[Name], [c0].[Slug], CAST([g].[Status] AS nvarchar(max))
FROM [GreetingCards] AS [g]
INNER JOIN (
    SELECT [c].[Id], [c].[IsDeleted], [c].[Name], [c].[Slug], [c].[Status]
    FROM [Categories] AS [c]
    WHERE [c].[IsDeleted] = CAST(0 AS bit)
) AS [c0] ON [g].[CategoryId] = [c0].[Id]
WHERE [g].[IsDeleted] = CAST(0 AS bit) AND [g].[Status] = N'Active' AND [g].[IsDeleted] = CAST(0 AS bit) AND [c0].[Status] = N'Active' AND [c0].[IsDeleted] = CAST(0 AS bit)
ORDER BY [g].[CreatedAt] DESC
OFFSET @__p_0 ROWS FETCH NEXT @__p_1 ROWS ONLY
2026-05-06 00:10:44.962 +07:00 [INF] [CQRS] Handled GetCardsQuery successfully
2026-05-06 00:10:44.964 +07:00 [INF] HTTP GET /api/cards responded 200 in 59.3065 ms
2026-05-06 00:10:45.743 +07:00 [INF] [CQRS] Handling GetDraftsQuery
2026-05-06 00:10:45.754 +07:00 [INF] Executed DbCommand (7ms) [Parameters=[@__CurrentUserId_0='?' (DbType = Guid)], CommandType='"Text"', CommandTimeout='30']
SELECT [c].[Id], [c].[Name], [c].[OccasionDate], [c].[OccasionLabel]
FROM [Contacts] AS [c]
WHERE [c].[IsDeleted] = CAST(0 AS bit) AND [c].[UserId] = @__CurrentUserId_0 AND [c].[OccasionDate] IS NOT NULL
2026-05-06 00:10:45.756 +07:00 [INF] Executed DbCommand (8ms) [Parameters=[@__request_UserId_0='?' (DbType = Guid)], CommandType='"Text"', CommandTimeout='30']
SELECT COUNT(*)
FROM [Drafts] AS [d]
WHERE [d].[IsDeleted] = CAST(0 AS bit) AND [d].[UserId] = @__request_UserId_0 AND [d].[IsDeleted] = CAST(0 AS bit)
2026-05-06 00:10:45.759 +07:00 [INF] HTTP GET /api/contacts/upcoming responded 200 in 47.6192 ms
2026-05-06 00:10:45.767 +07:00 [INF] Executed DbCommand (7ms) [Parameters=[@__request_UserId_0='?' (DbType = Guid), @__p_1='?' (DbType = Int32), @__p_2='?' (DbType = Int32)], CommandType='"Text"', CommandTimeout='30']
SELECT [d0].[Id], [d0].[CardId], [g0].[Name], [g0].[ThumbnailUrl], [d0].[PersonalMessage], [d0].[LastAutoSavedAt]
FROM (
    SELECT [d].[Id], [d].[CardId], [d].[LastAutoSavedAt], [d].[PersonalMessage]
    FROM [Drafts] AS [d]
    WHERE [d].[IsDeleted] = CAST(0 AS bit) AND [d].[UserId] = @__request_UserId_0 AND [d].[IsDeleted] = CAST(0 AS bit)
    ORDER BY [d].[LastAutoSavedAt] DESC
    OFFSET @__p_1 ROWS FETCH NEXT @__p_2 ROWS ONLY
) AS [d0]
INNER JOIN (
    SELECT [g].[Id], [g].[Name], [g].[ThumbnailUrl]
    FROM [GreetingCards] AS [g]
    WHERE [g].[IsDeleted] = CAST(0 AS bit)
) AS [g0] ON [d0].[CardId] = [g0].[Id]
ORDER BY [d0].[LastAutoSavedAt] DESC
2026-05-06 00:10:45.767 +07:00 [INF] [CQRS] Handled GetDraftsQuery successfully
2026-05-06 00:10:45.768 +07:00 [INF] HTTP GET /api/me/drafts responded 200 in 56.8028 ms
2026-05-06 00:10:46.549 +07:00 [INF] [CQRS] Handling GetCardsQuery
2026-05-06 00:10:46.552 +07:00 [INF] [CQRS] Handling GetCurrentSubscriptionQuery
2026-05-06 00:10:46.554 +07:00 [INF] Executed DbCommand (4ms) [Parameters=[], CommandType='"Text"', CommandTimeout='30']
SELECT COUNT(*)
FROM [GreetingCards] AS [g]
INNER JOIN (
    SELECT [c].[Id], [c].[IsDeleted], [c].[Status]
    FROM [Categories] AS [c]
    WHERE [c].[IsDeleted] = CAST(0 AS bit)
) AS [c0] ON [g].[CategoryId] = [c0].[Id]
WHERE [g].[IsDeleted] = CAST(0 AS bit) AND [g].[Status] = N'Active' AND [g].[IsDeleted] = CAST(0 AS bit) AND [c0].[Status] = N'Active' AND [c0].[IsDeleted] = CAST(0 AS bit)
2026-05-06 00:10:46.559 +07:00 [INF] Executed DbCommand (4ms) [Parameters=[@__p_0='?' (DbType = Int32), @__p_1='?' (DbType = Int32)], CommandType='"Text"', CommandTimeout='30']
SELECT [g].[Id], [g].[Name], [g].[Slug], [g].[ThumbnailUrl], [g].[Description], [g].[IsFeatured], [c0].[Name], [c0].[Slug], CAST([g].[Status] AS nvarchar(max))
FROM [GreetingCards] AS [g]
INNER JOIN (
    SELECT [c].[Id], [c].[IsDeleted], [c].[Name], [c].[Slug], [c].[Status]
    FROM [Categories] AS [c]
    WHERE [c].[IsDeleted] = CAST(0 AS bit)
) AS [c0] ON [g].[CategoryId] = [c0].[Id]
WHERE [g].[IsDeleted] = CAST(0 AS bit) AND [g].[Status] = N'Active' AND [g].[IsDeleted] = CAST(0 AS bit) AND [c0].[Status] = N'Active' AND [c0].[IsDeleted] = CAST(0 AS bit)
ORDER BY [g].[CreatedAt] DESC
OFFSET @__p_0 ROWS FETCH NEXT @__p_1 ROWS ONLY
2026-05-06 00:10:46.559 +07:00 [INF] [CQRS] Handled GetCardsQuery successfully
2026-05-06 00:10:46.559 +07:00 [INF] HTTP GET /api/cards responded 200 in 10.9144 ms
2026-05-06 00:10:46.570 +07:00 [INF] Executed DbCommand (6ms) [Parameters=[@__request_UserId_0='?' (DbType = Guid)], CommandType='"Text"', CommandTimeout='30']
SELECT TOP(1) [s].[Id], [s].[CreatedAt], [s].[DisabledReason], [s].[ExpiryDate], [s].[PaymentMethod], [s].[StartDate], [s].[Status], [s].[UpdatedAt], [s].[UserId]
FROM [Subscriptions] AS [s]
WHERE [s].[UserId] = @__request_UserId_0
ORDER BY CASE
    WHEN [s].[Status] = N'Active' THEN 4
    WHEN [s].[Status] = N'Pending' THEN 3
    WHEN [s].[Status] = N'Expired' THEN 2
    ELSE 1
END DESC, [s].[CreatedAt] DESC
2026-05-06 00:10:46.570 +07:00 [INF] [CQRS] Handled GetCurrentSubscriptionQuery successfully
2026-05-06 00:10:46.573 +07:00 [INF] HTTP GET /api/subscriptions/current responded 200 in 25.1086 ms
2026-05-06 00:10:50.009 +07:00 [INF] [CQRS] Handling LoginCommand
2026-05-06 00:10:50.020 +07:00 [INF] Executed DbCommand (10ms) [Parameters=[@__ToLower_0='?' (Size = 256) (DbType = AnsiString)], CommandType='"Text"', CommandTimeout='30']
SELECT TOP(1) [u].[Id], [u].[CreatedAt], [u].[DeletedAt], [u].[Email], [u].[EmailVerificationToken], [u].[EmailVerificationTokenExpiry], [u].[FailedLoginCount], [u].[FullName], [u].[IsDeleted], [u].[LastLoginAt], [u].[LockReason], [u].[LockoutEndTime], [u].[PasswordHash], [u].[PasswordResetToken], [u].[PasswordResetTokenExpiry], [u].[PasswordResetTokenUsed], [u].[RefreshTokenExpiry], [u].[RefreshTokenHash], [u].[Role], [u].[SocialProvider], [u].[SocialProviderId], [u].[Status], [u].[UpdatedAt]
FROM [Users] AS [u]
WHERE [u].[IsDeleted] = CAST(0 AS bit) AND [u].[Email] = @__ToLower_0 AND [u].[IsDeleted] = CAST(0 AS bit)
2026-05-06 00:10:50.430 +07:00 [INF] Executed DbCommand (12ms) [Parameters=[@p3='?' (DbType = Guid), @p0='?' (DbType = DateTime2), @p1='?' (DbType = DateTime2), @p2='?' (Size = 256)], CommandType='"Text"', CommandTimeout='30']
SET IMPLICIT_TRANSACTIONS OFF;
SET NOCOUNT ON;
UPDATE [Users] SET [LastLoginAt] = @p0, [RefreshTokenExpiry] = @p1, [RefreshTokenHash] = @p2
OUTPUT 1
WHERE [Id] = @p3;
2026-05-06 00:10:50.435 +07:00 [INF] Executed DbCommand (3ms) [Parameters=[@p0='?' (DbType = Guid), @p1='?' (DbType = Guid), @p2='?' (Size = 20), @p3='?' (Size = 2000), @p4='?' (DbType = DateTime2), @p5='?' (Size = 1000), @p6='?' (Size = 30), @p7='?' (Size = 50), @p8='?' (Size = 20), @p9='?' (DbType = DateTime2)], CommandType='"Text"', CommandTimeout='30']
SET IMPLICIT_TRANSACTIONS OFF;
SET NOCOUNT ON;
INSERT INTO [SystemLogs] ([Id], [ActorId], [ActorType], [AdditionalData], [CreatedAt], [Description], [EventType], [IpAddress], [Status], [Timestamp])
VALUES (@p0, @p1, @p2, @p3, @p4, @p5, @p6, @p7, @p8, @p9);
2026-05-06 00:10:50.435 +07:00 [INF] [CQRS] Handled LoginCommand successfully
2026-05-06 00:10:50.436 +07:00 [INF] HTTP POST /api/auth/login responded 200 in 428.0429 ms
2026-05-06 00:10:50.448 +07:00 [INF] [CQRS] Handling GetCategoriesQuery
2026-05-06 00:10:50.453 +07:00 [INF] Executed DbCommand (4ms) [Parameters=[], CommandType='"Text"', CommandTimeout='30']
SELECT [c].[Id], [c].[Name], [c].[Slug], [c].[Description], [c].[IconUrl], [c].[Color], (
    SELECT COUNT(*)
    FROM [GreetingCards] AS [g]
    WHERE [g].[IsDeleted] = CAST(0 AS bit) AND [c].[Id] = [g].[CategoryId] AND [g].[Status] = N'Active' AND [g].[IsDeleted] = CAST(0 AS bit))
FROM [Categories] AS [c]
WHERE [c].[IsDeleted] = CAST(0 AS bit) AND [c].[Status] = N'Active' AND [c].[IsDeleted] = CAST(0 AS bit)
ORDER BY [c].[DisplayOrder]
2026-05-06 00:10:50.453 +07:00 [INF] [CQRS] Handled GetCategoriesQuery successfully
2026-05-06 00:10:50.454 +07:00 [INF] HTTP GET /api/categories responded 200 in 6.9812 ms
2026-05-06 00:10:50.472 +07:00 [INF] [CQRS] Handling CreateCardCommand
2026-05-06 00:10:50.487 +07:00 [INF] Executed DbCommand (6ms) [Parameters=[@__request_CategoryId_0='?' (DbType = Guid)], CommandType='"Text"', CommandTimeout='30']
SELECT TOP(1) [c].[Id], [c].[Color], [c].[CreatedAt], [c].[DeletedAt], [c].[Description], [c].[DisplayOrder], [c].[IconUrl], [c].[IsDeleted], [c].[IsSystem], [c].[Name], [c].[Slug], [c].[Status], [c].[UpdatedAt]
FROM [Categories] AS [c]
WHERE [c].[IsDeleted] = CAST(0 AS bit) AND [c].[Id] = @__request_CategoryId_0 AND [c].[IsDeleted] = CAST(0 AS bit)
2026-05-06 00:10:50.538 +07:00 [INF] Executed DbCommand (10ms) [Parameters=[@p0='?' (DbType = Guid), @p1='?' (DbType = Guid), @p2='?' (DbType = DateTime2), @p3='?' (Size = 4000), @p4='?' (DbType = DateTime2), @p5='?' (Size = 4000), @p6='?' (Size = 1000), @p7='?' (DbType = Boolean), @p8='?' (DbType = Boolean), @p9='?' (Size = 200), @p10='?' (Size = 220) (DbType = AnsiString), @p11='?' (Size = 20), @p12='?' (Size = 500), @p13='?' (Size = 1000), @p14='?' (DbType = DateTime2)], CommandType='"Text"', CommandTimeout='30']
SET IMPLICIT_TRANSACTIONS OFF;
SET NOCOUNT ON;
INSERT INTO [GreetingCards] ([Id], [CategoryId], [CreatedAt], [CustomJsonContent], [DeletedAt], [Description], [FileUrl], [IsDeleted], [IsFeatured], [Name], [Slug], [Status], [Tags], [ThumbnailUrl], [UpdatedAt])
VALUES (@p0, @p1, @p2, @p3, @p4, @p5, @p6, @p7, @p8, @p9, @p10, @p11, @p12, @p13, @p14);
2026-05-06 00:10:50.542 +07:00 [INF] Executed DbCommand (3ms) [Parameters=[@p0='?' (DbType = Guid), @p1='?' (DbType = Guid), @p2='?' (Size = 20), @p3='?' (Size = 2000), @p4='?' (DbType = DateTime2), @p5='?' (Size = 1000), @p6='?' (Size = 30), @p7='?' (Size = 50), @p8='?' (Size = 20), @p9='?' (DbType = DateTime2)], CommandType='"Text"', CommandTimeout='30']
SET IMPLICIT_TRANSACTIONS OFF;
SET NOCOUNT ON;
INSERT INTO [SystemLogs] ([Id], [ActorId], [ActorType], [AdditionalData], [CreatedAt], [Description], [EventType], [IpAddress], [Status], [Timestamp])
VALUES (@p0, @p1, @p2, @p3, @p4, @p5, @p6, @p7, @p8, @p9);
2026-05-06 00:10:50.543 +07:00 [INF] [CQRS] Handled CreateCardCommand successfully
2026-05-06 00:10:50.546 +07:00 [INF] Executed DbCommand (3ms) [Parameters=[@p0='?' (DbType = Guid), @p1='?' (DbType = Guid), @p2='?' (Size = 20), @p3='?' (Size = 2000), @p4='?' (DbType = DateTime2), @p5='?' (Size = 1000), @p6='?' (Size = 30), @p7='?' (Size = 50), @p8='?' (Size = 20), @p9='?' (DbType = DateTime2)], CommandType='"Text"', CommandTimeout='30']
SET IMPLICIT_TRANSACTIONS OFF;
SET NOCOUNT ON;
INSERT INTO [SystemLogs] ([Id], [ActorId], [ActorType], [AdditionalData], [CreatedAt], [Description], [EventType], [IpAddress], [Status], [Timestamp])
VALUES (@p0, @p1, @p2, @p3, @p4, @p5, @p6, @p7, @p8, @p9);
2026-05-06 00:10:50.547 +07:00 [INF] HTTP POST /api/admin/cards responded 201 in 83.7440 ms
2026-05-06 00:10:50.875 +07:00 [INF] [CQRS] Handling GetCategoriesQuery
2026-05-06 00:10:50.878 +07:00 [INF] [CQRS] Handling GetCardsQuery
2026-05-06 00:10:50.881 +07:00 [INF] Executed DbCommand (4ms) [Parameters=[], CommandType='"Text"', CommandTimeout='30']
SELECT [c].[Id], [c].[Name], [c].[Slug], [c].[Description], [c].[IconUrl], [c].[Color], (
    SELECT COUNT(*)
    FROM [GreetingCards] AS [g]
    WHERE [g].[IsDeleted] = CAST(0 AS bit) AND [c].[Id] = [g].[CategoryId] AND [g].[Status] = N'Active' AND [g].[IsDeleted] = CAST(0 AS bit))
FROM [Categories] AS [c]
WHERE [c].[IsDeleted] = CAST(0 AS bit) AND [c].[Status] = N'Active' AND [c].[IsDeleted] = CAST(0 AS bit)
ORDER BY [c].[DisplayOrder]
2026-05-06 00:10:50.881 +07:00 [INF] [CQRS] Handled GetCategoriesQuery successfully
2026-05-06 00:10:50.881 +07:00 [INF] HTTP GET /api/categories responded 200 in 6.9141 ms
2026-05-06 00:10:50.882 +07:00 [INF] Executed DbCommand (4ms) [Parameters=[], CommandType='"Text"', CommandTimeout='30']
SELECT COUNT(*)
FROM [GreetingCards] AS [g]
INNER JOIN (
    SELECT [c].[Id], [c].[IsDeleted], [c].[Status]
    FROM [Categories] AS [c]
    WHERE [c].[IsDeleted] = CAST(0 AS bit)
) AS [c0] ON [g].[CategoryId] = [c0].[Id]
WHERE [g].[IsDeleted] = CAST(0 AS bit) AND [g].[Status] = N'Active' AND [g].[IsDeleted] = CAST(0 AS bit) AND [c0].[Status] = N'Active' AND [c0].[IsDeleted] = CAST(0 AS bit)
2026-05-06 00:10:50.885 +07:00 [INF] Executed DbCommand (3ms) [Parameters=[@__p_0='?' (DbType = Int32), @__p_1='?' (DbType = Int32)], CommandType='"Text"', CommandTimeout='30']
SELECT [g].[Id], [g].[Name], [g].[Slug], [g].[ThumbnailUrl], [g].[Description], [g].[IsFeatured], [c0].[Name], [c0].[Slug], CAST([g].[Status] AS nvarchar(max))
FROM [GreetingCards] AS [g]
INNER JOIN (
    SELECT [c].[Id], [c].[IsDeleted], [c].[Name], [c].[Slug], [c].[Status]
    FROM [Categories] AS [c]
    WHERE [c].[IsDeleted] = CAST(0 AS bit)
) AS [c0] ON [g].[CategoryId] = [c0].[Id]
WHERE [g].[IsDeleted] = CAST(0 AS bit) AND [g].[Status] = N'Active' AND [g].[IsDeleted] = CAST(0 AS bit) AND [c0].[Status] = N'Active' AND [c0].[IsDeleted] = CAST(0 AS bit)
ORDER BY [g].[CreatedAt] DESC
OFFSET @__p_0 ROWS FETCH NEXT @__p_1 ROWS ONLY
2026-05-06 00:10:50.885 +07:00 [INF] [CQRS] Handled GetCardsQuery successfully
2026-05-06 00:10:50.886 +07:00 [INF] HTTP GET /api/cards responded 200 in 8.8477 ms
2026-05-06 00:10:53.745 +07:00 [INF] [CQRS] Handling GetCurrentSubscriptionQuery
2026-05-06 00:10:53.748 +07:00 [INF] [CQRS] Handling GetCardByIdQuery
2026-05-06 00:10:53.750 +07:00 [INF] Executed DbCommand (4ms) [Parameters=[@__request_UserId_0='?' (DbType = Guid)], CommandType='"Text"', CommandTimeout='30']
SELECT TOP(1) [s].[Id], [s].[CreatedAt], [s].[DisabledReason], [s].[ExpiryDate], [s].[PaymentMethod], [s].[StartDate], [s].[Status], [s].[UpdatedAt], [s].[UserId]
FROM [Subscriptions] AS [s]
WHERE [s].[UserId] = @__request_UserId_0
ORDER BY CASE
    WHEN [s].[Status] = N'Active' THEN 4
    WHEN [s].[Status] = N'Pending' THEN 3
    WHEN [s].[Status] = N'Expired' THEN 2
    ELSE 1
END DESC, [s].[CreatedAt] DESC
2026-05-06 00:10:53.751 +07:00 [INF] [CQRS] Handled GetCurrentSubscriptionQuery successfully
2026-05-06 00:10:53.751 +07:00 [INF] HTTP GET /api/subscriptions/current responded 200 in 6.6504 ms
2026-05-06 00:10:53.764 +07:00 [INF] Executed DbCommand (10ms) [Parameters=[@__request_CardId_0='?' (DbType = Guid)], CommandType='"Text"', CommandTimeout='30']
SELECT TOP(1) [g].[Id], [g].[Name], [g].[Slug], [g].[ThumbnailUrl], [g].[FileUrl], [g].[Description], [g].[Tags], [g].[CustomJsonContent], [g].[IsFeatured], [c0].[Name], [c0].[Slug]
FROM [GreetingCards] AS [g]
INNER JOIN (
    SELECT [c].[Id], [c].[Name], [c].[Slug]
    FROM [Categories] AS [c]
    WHERE [c].[IsDeleted] = CAST(0 AS bit)
) AS [c0] ON [g].[CategoryId] = [c0].[Id]
WHERE [g].[IsDeleted] = CAST(0 AS bit) AND [g].[Id] = @__request_CardId_0 AND [g].[Status] = N'Active' AND [g].[IsDeleted] = CAST(0 AS bit)
2026-05-06 00:10:53.765 +07:00 [INF] [CQRS] Handled GetCardByIdQuery successfully
2026-05-06 00:10:53.767 +07:00 [INF] HTTP GET /api/cards/7ab2decf-8840-4629-8db1-dc445b6bce9f responded 200 in 25.8308 ms
2026-05-06 00:10:57.444 +07:00 [INF] [CQRS] Handling GetCardByIdQuery
2026-05-06 00:10:57.449 +07:00 [INF] Executed DbCommand (3ms) [Parameters=[@__request_CardId_0='?' (DbType = Guid)], CommandType='"Text"', CommandTimeout='30']
SELECT TOP(1) [g].[Id], [g].[Name], [g].[Slug], [g].[ThumbnailUrl], [g].[FileUrl], [g].[Description], [g].[Tags], [g].[CustomJsonContent], [g].[IsFeatured], [c0].[Name], [c0].[Slug]
FROM [GreetingCards] AS [g]
INNER JOIN (
    SELECT [c].[Id], [c].[Name], [c].[Slug]
    FROM [Categories] AS [c]
    WHERE [c].[IsDeleted] = CAST(0 AS bit)
) AS [c0] ON [g].[CategoryId] = [c0].[Id]
WHERE [g].[IsDeleted] = CAST(0 AS bit) AND [g].[Id] = @__request_CardId_0 AND [g].[Status] = N'Active' AND [g].[IsDeleted] = CAST(0 AS bit)
2026-05-06 00:10:57.449 +07:00 [INF] [CQRS] Handled GetCardByIdQuery successfully
2026-05-06 00:10:57.449 +07:00 [INF] HTTP GET /api/cards/0d701f9b-e233-41c6-801a-869f59d71713 responded 200 in 5.4824 ms
2026-05-06 00:10:57.451 +07:00 [INF] [CQRS] Handling GetCardsQuery
2026-05-06 00:10:57.457 +07:00 [INF] Executed DbCommand (5ms) [Parameters=[], CommandType='"Text"', CommandTimeout='30']
SELECT COUNT(*)
FROM [GreetingCards] AS [g]
INNER JOIN (
    SELECT [c].[Id], [c].[IsDeleted], [c].[Status]
    FROM [Categories] AS [c]
    WHERE [c].[IsDeleted] = CAST(0 AS bit)
) AS [c0] ON [g].[CategoryId] = [c0].[Id]
WHERE [g].[IsDeleted] = CAST(0 AS bit) AND [g].[Status] = N'Active' AND [g].[IsDeleted] = CAST(0 AS bit) AND [c0].[Status] = N'Active' AND [c0].[IsDeleted] = CAST(0 AS bit)
2026-05-06 00:10:57.460 +07:00 [INF] Executed DbCommand (3ms) [Parameters=[@__p_0='?' (DbType = Int32), @__p_1='?' (DbType = Int32)], CommandType='"Text"', CommandTimeout='30']
SELECT [g].[Id], [g].[Name], [g].[Slug], [g].[ThumbnailUrl], [g].[Description], [g].[IsFeatured], [c0].[Name], [c0].[Slug], CAST([g].[Status] AS nvarchar(max))
FROM [GreetingCards] AS [g]
INNER JOIN (
    SELECT [c].[Id], [c].[IsDeleted], [c].[Name], [c].[Slug], [c].[Status]
    FROM [Categories] AS [c]
    WHERE [c].[IsDeleted] = CAST(0 AS bit)
) AS [c0] ON [g].[CategoryId] = [c0].[Id]
WHERE [g].[IsDeleted] = CAST(0 AS bit) AND [g].[Status] = N'Active' AND [g].[IsDeleted] = CAST(0 AS bit) AND [c0].[Status] = N'Active' AND [c0].[IsDeleted] = CAST(0 AS bit)
ORDER BY [g].[CreatedAt] DESC
OFFSET @__p_0 ROWS FETCH NEXT @__p_1 ROWS ONLY
2026-05-06 00:10:57.460 +07:00 [INF] [CQRS] Handled GetCardsQuery successfully
2026-05-06 00:10:57.461 +07:00 [INF] HTTP GET /api/cards responded 200 in 9.4403 ms
2026-05-06 00:10:59.581 +07:00 [INF] [CQRS] Handling GetCategoriesQuery
2026-05-06 00:10:59.581 +07:00 [INF] [CQRS] Handling GetCardsQuery
2026-05-06 00:10:59.587 +07:00 [INF] Executed DbCommand (5ms) [Parameters=[], CommandType='"Text"', CommandTimeout='30']
SELECT COUNT(*)
FROM [GreetingCards] AS [g]
INNER JOIN (
    SELECT [c].[Id], [c].[IsDeleted], [c].[Status]
    FROM [Categories] AS [c]
    WHERE [c].[IsDeleted] = CAST(0 AS bit)
) AS [c0] ON [g].[CategoryId] = [c0].[Id]
WHERE [g].[IsDeleted] = CAST(0 AS bit) AND [g].[Status] = N'Active' AND [g].[IsDeleted] = CAST(0 AS bit) AND [c0].[Status] = N'Active' AND [c0].[IsDeleted] = CAST(0 AS bit)
2026-05-06 00:10:59.589 +07:00 [INF] Executed DbCommand (7ms) [Parameters=[], CommandType='"Text"', CommandTimeout='30']
SELECT [c].[Id], [c].[Name], [c].[Slug], [c].[Description], [c].[IconUrl], [c].[Color], (
    SELECT COUNT(*)
    FROM [GreetingCards] AS [g]
    WHERE [g].[IsDeleted] = CAST(0 AS bit) AND [c].[Id] = [g].[CategoryId] AND [g].[Status] = N'Active' AND [g].[IsDeleted] = CAST(0 AS bit))
FROM [Categories] AS [c]
WHERE [c].[IsDeleted] = CAST(0 AS bit) AND [c].[Status] = N'Active' AND [c].[IsDeleted] = CAST(0 AS bit)
ORDER BY [c].[DisplayOrder]
2026-05-06 00:10:59.589 +07:00 [INF] [CQRS] Handled GetCategoriesQuery successfully
2026-05-06 00:10:59.589 +07:00 [INF] HTTP GET /api/categories responded 200 in 8.5240 ms
2026-05-06 00:10:59.592 +07:00 [INF] Executed DbCommand (3ms) [Parameters=[@__p_0='?' (DbType = Int32), @__p_1='?' (DbType = Int32)], CommandType='"Text"', CommandTimeout='30']
SELECT [g].[Id], [g].[Name], [g].[Slug], [g].[ThumbnailUrl], [g].[Description], [g].[IsFeatured], [c0].[Name], [c0].[Slug], CAST([g].[Status] AS nvarchar(max))
FROM [GreetingCards] AS [g]
INNER JOIN (
    SELECT [c].[Id], [c].[IsDeleted], [c].[Name], [c].[Slug], [c].[Status]
    FROM [Categories] AS [c]
    WHERE [c].[IsDeleted] = CAST(0 AS bit)
) AS [c0] ON [g].[CategoryId] = [c0].[Id]
WHERE [g].[IsDeleted] = CAST(0 AS bit) AND [g].[Status] = N'Active' AND [g].[IsDeleted] = CAST(0 AS bit) AND [c0].[Status] = N'Active' AND [c0].[IsDeleted] = CAST(0 AS bit)
ORDER BY [g].[CreatedAt] DESC
OFFSET @__p_0 ROWS FETCH NEXT @__p_1 ROWS ONLY
2026-05-06 00:10:59.592 +07:00 [INF] [CQRS] Handled GetCardsQuery successfully
2026-05-06 00:10:59.592 +07:00 [INF] HTTP GET /api/cards responded 200 in 11.4535 ms
2026-05-06 00:11:00.819 +07:00 [INF] [CQRS] Handling GetCurrentSubscriptionQuery
2026-05-06 00:11:00.819 +07:00 [INF] [CQRS] Handling GetCardByIdQuery
2026-05-06 00:11:00.825 +07:00 [INF] Executed DbCommand (5ms) [Parameters=[@__request_UserId_0='?' (DbType = Guid)], CommandType='"Text"', CommandTimeout='30']
SELECT TOP(1) [s].[Id], [s].[CreatedAt], [s].[DisabledReason], [s].[ExpiryDate], [s].[PaymentMethod], [s].[StartDate], [s].[Status], [s].[UpdatedAt], [s].[UserId]
FROM [Subscriptions] AS [s]
WHERE [s].[UserId] = @__request_UserId_0
ORDER BY CASE
    WHEN [s].[Status] = N'Active' THEN 4
    WHEN [s].[Status] = N'Pending' THEN 3
    WHEN [s].[Status] = N'Expired' THEN 2
    ELSE 1
END DESC, [s].[CreatedAt] DESC
2026-05-06 00:11:00.825 +07:00 [INF] [CQRS] Handled GetCurrentSubscriptionQuery successfully
2026-05-06 00:11:00.825 +07:00 [INF] HTTP GET /api/subscriptions/current responded 200 in 6.9209 ms
2026-05-06 00:11:00.825 +07:00 [INF] Executed DbCommand (6ms) [Parameters=[@__request_CardId_0='?' (DbType = Guid)], CommandType='"Text"', CommandTimeout='30']
SELECT TOP(1) [g].[Id], [g].[Name], [g].[Slug], [g].[ThumbnailUrl], [g].[FileUrl], [g].[Description], [g].[Tags], [g].[CustomJsonContent], [g].[IsFeatured], [c0].[Name], [c0].[Slug]
FROM [GreetingCards] AS [g]
INNER JOIN (
    SELECT [c].[Id], [c].[Name], [c].[Slug]
    FROM [Categories] AS [c]
    WHERE [c].[IsDeleted] = CAST(0 AS bit)
) AS [c0] ON [g].[CategoryId] = [c0].[Id]
WHERE [g].[IsDeleted] = CAST(0 AS bit) AND [g].[Id] = @__request_CardId_0 AND [g].[Status] = N'Active' AND [g].[IsDeleted] = CAST(0 AS bit)
2026-05-06 00:11:00.826 +07:00 [INF] [CQRS] Handled GetCardByIdQuery successfully
2026-05-06 00:11:00.826 +07:00 [INF] HTTP GET /api/cards/7ab2decf-8840-4629-8db1-dc445b6bce9f responded 200 in 7.4773 ms
2026-05-06 00:11:01.565 +07:00 [INF] [CQRS] Handling GetCurrentSubscriptionQuery
2026-05-06 00:11:01.581 +07:00 [INF] Executed DbCommand (14ms) [Parameters=[@__request_UserId_0='?' (DbType = Guid)], CommandType='"Text"', CommandTimeout='30']
SELECT TOP(1) [s].[Id], [s].[CreatedAt], [s].[DisabledReason], [s].[ExpiryDate], [s].[PaymentMethod], [s].[StartDate], [s].[Status], [s].[UpdatedAt], [s].[UserId]
FROM [Subscriptions] AS [s]
WHERE [s].[UserId] = @__request_UserId_0
ORDER BY CASE
    WHEN [s].[Status] = N'Active' THEN 4
    WHEN [s].[Status] = N'Pending' THEN 3
    WHEN [s].[Status] = N'Expired' THEN 2
    ELSE 1
END DESC, [s].[CreatedAt] DESC
2026-05-06 00:11:01.581 +07:00 [INF] [CQRS] Handled GetCurrentSubscriptionQuery successfully
2026-05-06 00:11:01.582 +07:00 [INF] HTTP GET /api/subscriptions/current responded 200 in 17.6511 ms
2026-05-06 00:11:04.387 +07:00 [INF] [CQRS] Handling GetCardByIdQuery
2026-05-06 00:11:04.388 +07:00 [INF] [CQRS] Handling GetCurrentSubscriptionQuery
2026-05-06 00:11:04.392 +07:00 [INF] Executed DbCommand (4ms) [Parameters=[@__request_CardId_0='?' (DbType = Guid)], CommandType='"Text"', CommandTimeout='30']
SELECT TOP(1) [g].[Id], [g].[Name], [g].[Slug], [g].[ThumbnailUrl], [g].[FileUrl], [g].[Description], [g].[Tags], [g].[CustomJsonContent], [g].[IsFeatured], [c0].[Name], [c0].[Slug]
FROM [GreetingCards] AS [g]
INNER JOIN (
    SELECT [c].[Id], [c].[Name], [c].[Slug]
    FROM [Categories] AS [c]
    WHERE [c].[IsDeleted] = CAST(0 AS bit)
) AS [c0] ON [g].[CategoryId] = [c0].[Id]
WHERE [g].[IsDeleted] = CAST(0 AS bit) AND [g].[Id] = @__request_CardId_0 AND [g].[Status] = N'Active' AND [g].[IsDeleted] = CAST(0 AS bit)
2026-05-06 00:11:04.392 +07:00 [INF] [CQRS] Handled GetCardByIdQuery successfully
2026-05-06 00:11:04.392 +07:00 [INF] HTTP GET /api/cards/7ab2decf-8840-4629-8db1-dc445b6bce9f responded 200 in 5.4425 ms
2026-05-06 00:11:04.393 +07:00 [INF] Executed DbCommand (4ms) [Parameters=[@__request_UserId_0='?' (DbType = Guid)], CommandType='"Text"', CommandTimeout='30']
SELECT TOP(1) [s].[Id], [s].[CreatedAt], [s].[DisabledReason], [s].[ExpiryDate], [s].[PaymentMethod], [s].[StartDate], [s].[Status], [s].[UpdatedAt], [s].[UserId]
FROM [Subscriptions] AS [s]
WHERE [s].[UserId] = @__request_UserId_0
ORDER BY CASE
    WHEN [s].[Status] = N'Active' THEN 4
    WHEN [s].[Status] = N'Pending' THEN 3
    WHEN [s].[Status] = N'Expired' THEN 2
    ELSE 1
END DESC, [s].[CreatedAt] DESC
2026-05-06 00:11:04.393 +07:00 [INF] [CQRS] Handled GetCurrentSubscriptionQuery successfully
2026-05-06 00:11:04.393 +07:00 [INF] HTTP GET /api/subscriptions/current responded 200 in 5.8976 ms
2026-05-06 00:11:07.132 +07:00 [INF] [CQRS] Handling GetCardByIdQuery
2026-05-06 00:11:07.140 +07:00 [INF] Executed DbCommand (7ms) [Parameters=[@__request_CardId_0='?' (DbType = Guid)], CommandType='"Text"', CommandTimeout='30']
SELECT TOP(1) [g].[Id], [g].[Name], [g].[Slug], [g].[ThumbnailUrl], [g].[FileUrl], [g].[Description], [g].[Tags], [g].[CustomJsonContent], [g].[IsFeatured], [c0].[Name], [c0].[Slug]
FROM [GreetingCards] AS [g]
INNER JOIN (
    SELECT [c].[Id], [c].[Name], [c].[Slug]
    FROM [Categories] AS [c]
    WHERE [c].[IsDeleted] = CAST(0 AS bit)
) AS [c0] ON [g].[CategoryId] = [c0].[Id]
WHERE [g].[IsDeleted] = CAST(0 AS bit) AND [g].[Id] = @__request_CardId_0 AND [g].[Status] = N'Active' AND [g].[IsDeleted] = CAST(0 AS bit)
2026-05-06 00:11:07.140 +07:00 [INF] [CQRS] Handled GetCardByIdQuery successfully
2026-05-06 00:11:07.140 +07:00 [INF] HTTP GET /api/cards/0d701f9b-e233-41c6-801a-869f59d71713 responded 200 in 8.1678 ms
2026-05-06 00:11:23.009 +07:00 [INF] [CQRS] Handling LoginCommand
2026-05-06 00:11:23.020 +07:00 [INF] Executed DbCommand (9ms) [Parameters=[@__ToLower_0='?' (Size = 256) (DbType = AnsiString)], CommandType='"Text"', CommandTimeout='30']
SELECT TOP(1) [u].[Id], [u].[CreatedAt], [u].[DeletedAt], [u].[Email], [u].[EmailVerificationToken], [u].[EmailVerificationTokenExpiry], [u].[FailedLoginCount], [u].[FullName], [u].[IsDeleted], [u].[LastLoginAt], [u].[LockReason], [u].[LockoutEndTime], [u].[PasswordHash], [u].[PasswordResetToken], [u].[PasswordResetTokenExpiry], [u].[PasswordResetTokenUsed], [u].[RefreshTokenExpiry], [u].[RefreshTokenHash], [u].[Role], [u].[SocialProvider], [u].[SocialProviderId], [u].[Status], [u].[UpdatedAt]
FROM [Users] AS [u]
WHERE [u].[IsDeleted] = CAST(0 AS bit) AND [u].[Email] = @__ToLower_0 AND [u].[IsDeleted] = CAST(0 AS bit)
2026-05-06 00:11:23.327 +07:00 [INF] Executed DbCommand (6ms) [Parameters=[@p3='?' (DbType = Guid), @p0='?' (DbType = DateTime2), @p1='?' (DbType = DateTime2), @p2='?' (Size = 256)], CommandType='"Text"', CommandTimeout='30']
SET IMPLICIT_TRANSACTIONS OFF;
SET NOCOUNT ON;
UPDATE [Users] SET [LastLoginAt] = @p0, [RefreshTokenExpiry] = @p1, [RefreshTokenHash] = @p2
OUTPUT 1
WHERE [Id] = @p3;
2026-05-06 00:11:23.330 +07:00 [INF] Executed DbCommand (3ms) [Parameters=[@p0='?' (DbType = Guid), @p1='?' (DbType = Guid), @p2='?' (Size = 20), @p3='?' (Size = 2000), @p4='?' (DbType = DateTime2), @p5='?' (Size = 1000), @p6='?' (Size = 30), @p7='?' (Size = 50), @p8='?' (Size = 20), @p9='?' (DbType = DateTime2)], CommandType='"Text"', CommandTimeout='30']
SET IMPLICIT_TRANSACTIONS OFF;
SET NOCOUNT ON;
INSERT INTO [SystemLogs] ([Id], [ActorId], [ActorType], [AdditionalData], [CreatedAt], [Description], [EventType], [IpAddress], [Status], [Timestamp])
VALUES (@p0, @p1, @p2, @p3, @p4, @p5, @p6, @p7, @p8, @p9);
2026-05-06 00:11:23.330 +07:00 [INF] [CQRS] Handled LoginCommand successfully
2026-05-06 00:11:23.330 +07:00 [INF] HTTP POST /api/auth/login responded 200 in 323.6410 ms
2026-05-06 00:11:23.348 +07:00 [INF] [CQRS] Handling UpdateCardCommand
2026-05-06 00:11:23.366 +07:00 [INF] Executed DbCommand (13ms) [Parameters=[@__request_CardId_0='?' (DbType = Guid)], CommandType='"Text"', CommandTimeout='30']
SELECT TOP(1) [g].[Id], [g].[CategoryId], [g].[CreatedAt], [g].[CustomJsonContent], [g].[DeletedAt], [g].[Description], [g].[FileUrl], [g].[IsDeleted], [g].[IsFeatured], [g].[Name], [g].[Slug], [g].[Status], [g].[Tags], [g].[ThumbnailUrl], [g].[UpdatedAt]
FROM [GreetingCards] AS [g]
WHERE [g].[IsDeleted] = CAST(0 AS bit) AND [g].[Id] = @__request_CardId_0 AND [g].[IsDeleted] = CAST(0 AS bit)
2026-05-06 00:11:23.369 +07:00 [INF] Executed DbCommand (1ms) [Parameters=[@__request_CategoryId_0='?' (DbType = Guid)], CommandType='"Text"', CommandTimeout='30']
SELECT TOP(1) [c].[Id], [c].[Color], [c].[CreatedAt], [c].[DeletedAt], [c].[Description], [c].[DisplayOrder], [c].[IconUrl], [c].[IsDeleted], [c].[IsSystem], [c].[Name], [c].[Slug], [c].[Status], [c].[UpdatedAt]
FROM [Categories] AS [c]
WHERE [c].[IsDeleted] = CAST(0 AS bit) AND [c].[Id] = @__request_CategoryId_0 AND [c].[IsDeleted] = CAST(0 AS bit)
2026-05-06 00:11:23.378 +07:00 [INF] Executed DbCommand (6ms) [Parameters=[@p2='?' (DbType = Guid), @p0='?' (Size = 4000), @p1='?' (DbType = DateTime2)], CommandType='"Text"', CommandTimeout='30']
SET IMPLICIT_TRANSACTIONS OFF;
SET NOCOUNT ON;
UPDATE [GreetingCards] SET [CustomJsonContent] = @p0, [UpdatedAt] = @p1
OUTPUT 1
WHERE [Id] = @p2;
2026-05-06 00:11:23.382 +07:00 [INF] Executed DbCommand (3ms) [Parameters=[@p0='?' (DbType = Guid), @p1='?' (DbType = Guid), @p2='?' (Size = 20), @p3='?' (Size = 2000), @p4='?' (DbType = DateTime2), @p5='?' (Size = 1000), @p6='?' (Size = 30), @p7='?' (Size = 50), @p8='?' (Size = 20), @p9='?' (DbType = DateTime2)], CommandType='"Text"', CommandTimeout='30']
SET IMPLICIT_TRANSACTIONS OFF;
SET NOCOUNT ON;
INSERT INTO [SystemLogs] ([Id], [ActorId], [ActorType], [AdditionalData], [CreatedAt], [Description], [EventType], [IpAddress], [Status], [Timestamp])
VALUES (@p0, @p1, @p2, @p3, @p4, @p5, @p6, @p7, @p8, @p9);
2026-05-06 00:11:23.383 +07:00 [INF] [CQRS] Handled UpdateCardCommand successfully
2026-05-06 00:11:23.385 +07:00 [INF] Executed DbCommand (2ms) [Parameters=[@p0='?' (DbType = Guid), @p1='?' (DbType = Guid), @p2='?' (Size = 20), @p3='?' (Size = 2000), @p4='?' (DbType = DateTime2), @p5='?' (Size = 1000), @p6='?' (Size = 30), @p7='?' (Size = 50), @p8='?' (Size = 20), @p9='?' (DbType = DateTime2)], CommandType='"Text"', CommandTimeout='30']
SET IMPLICIT_TRANSACTIONS OFF;
SET NOCOUNT ON;
INSERT INTO [SystemLogs] ([Id], [ActorId], [ActorType], [AdditionalData], [CreatedAt], [Description], [EventType], [IpAddress], [Status], [Timestamp])
VALUES (@p0, @p1, @p2, @p3, @p4, @p5, @p6, @p7, @p8, @p9);
2026-05-06 00:11:23.386 +07:00 [INF] HTTP PUT /api/admin/cards/0d701f9b-e233-41c6-801a-869f59d71713 responded 200 in 45.0800 ms
2026-05-06 00:11:30.013 +07:00 [INF] [CQRS] Handling GetCardByIdQuery
2026-05-06 00:11:30.021 +07:00 [INF] Executed DbCommand (7ms) [Parameters=[@__request_CardId_0='?' (DbType = Guid)], CommandType='"Text"', CommandTimeout='30']
SELECT TOP(1) [g].[Id], [g].[Name], [g].[Slug], [g].[ThumbnailUrl], [g].[FileUrl], [g].[Description], [g].[Tags], [g].[CustomJsonContent], [g].[IsFeatured], [c0].[Name], [c0].[Slug]
FROM [GreetingCards] AS [g]
INNER JOIN (
    SELECT [c].[Id], [c].[Name], [c].[Slug]
    FROM [Categories] AS [c]
    WHERE [c].[IsDeleted] = CAST(0 AS bit)
) AS [c0] ON [g].[CategoryId] = [c0].[Id]
WHERE [g].[IsDeleted] = CAST(0 AS bit) AND [g].[Id] = @__request_CardId_0 AND [g].[Status] = N'Active' AND [g].[IsDeleted] = CAST(0 AS bit)
2026-05-06 00:11:30.021 +07:00 [INF] [CQRS] Handled GetCardByIdQuery successfully
2026-05-06 00:11:30.021 +07:00 [INF] HTTP GET /api/cards/0d701f9b-e233-41c6-801a-869f59d71713 responded 200 in 8.4146 ms
2026-05-06 00:11:30.023 +07:00 [INF] [CQRS] Handling GetCardByIdQuery
2026-05-06 00:11:30.026 +07:00 [INF] Executed DbCommand (3ms) [Parameters=[@__request_CardId_0='?' (DbType = Guid)], CommandType='"Text"', CommandTimeout='30']
SELECT TOP(1) [g].[Id], [g].[Name], [g].[Slug], [g].[ThumbnailUrl], [g].[FileUrl], [g].[Description], [g].[Tags], [g].[CustomJsonContent], [g].[IsFeatured], [c0].[Name], [c0].[Slug]
FROM [GreetingCards] AS [g]
INNER JOIN (
    SELECT [c].[Id], [c].[Name], [c].[Slug]
    FROM [Categories] AS [c]
    WHERE [c].[IsDeleted] = CAST(0 AS bit)
) AS [c0] ON [g].[CategoryId] = [c0].[Id]
WHERE [g].[IsDeleted] = CAST(0 AS bit) AND [g].[Id] = @__request_CardId_0 AND [g].[Status] = N'Active' AND [g].[IsDeleted] = CAST(0 AS bit)
2026-05-06 00:11:30.026 +07:00 [INF] [CQRS] Handled GetCardByIdQuery successfully
2026-05-06 00:11:30.026 +07:00 [INF] HTTP GET /api/cards/0d701f9b-e233-41c6-801a-869f59d71713 responded 200 in 3.7925 ms
2026-05-06 00:15:06.885 +07:00 [INF] Executed DbCommand (16ms) [Parameters=[@__now_0='?' (DbType = DateTime2)], CommandType='"Text"', CommandTimeout='30']
SELECT [e].[Id], [e].[CreatedAt], [e].[GreetingTransactionId], [e].[LastError], [e].[NextRetryAt], [e].[RetryCount], [e].[Status], [e].[UpdatedAt], [g].[Id], [g].[CardId], [g].[CreatedAt], [g].[PersonalMessage], [g].[RecipientEmail], [g].[RetryCount], [g].[ScheduledSendAt], [g].[SenderId], [g].[SentAt], [g].[Status], [g].[Subject], [g].[SubscriptionId], [u0].[Id], [u0].[CreatedAt], [u0].[DeletedAt], [u0].[Email], [u0].[EmailVerificationToken], [u0].[EmailVerificationTokenExpiry], [u0].[FailedLoginCount], [u0].[FullName], [u0].[IsDeleted], [u0].[LastLoginAt], [u0].[LockReason], [u0].[LockoutEndTime], [u0].[PasswordHash], [u0].[PasswordResetToken], [u0].[PasswordResetTokenExpiry], [u0].[PasswordResetTokenUsed], [u0].[RefreshTokenExpiry], [u0].[RefreshTokenHash], [u0].[Role], [u0].[SocialProvider], [u0].[SocialProviderId], [u0].[Status], [u0].[UpdatedAt], [g1].[Id], [g1].[CategoryId], [g1].[CreatedAt], [g1].[CustomJsonContent], [g1].[DeletedAt], [g1].[Description], [g1].[FileUrl], [g1].[IsDeleted], [g1].[IsFeatured], [g1].[Name], [g1].[Slug], [g1].[Status], [g1].[Tags], [g1].[ThumbnailUrl], [g1].[UpdatedAt]
FROM [EmailRetryQueues] AS [e]
INNER JOIN [GreetingTransactions] AS [g] ON [e].[GreetingTransactionId] = [g].[Id]
INNER JOIN (
    SELECT [u].[Id], [u].[CreatedAt], [u].[DeletedAt], [u].[Email], [u].[EmailVerificationToken], [u].[EmailVerificationTokenExpiry], [u].[FailedLoginCount], [u].[FullName], [u].[IsDeleted], [u].[LastLoginAt], [u].[LockReason], [u].[LockoutEndTime], [u].[PasswordHash], [u].[PasswordResetToken], [u].[PasswordResetTokenExpiry], [u].[PasswordResetTokenUsed], [u].[RefreshTokenExpiry], [u].[RefreshTokenHash], [u].[Role], [u].[SocialProvider], [u].[SocialProviderId], [u].[Status], [u].[UpdatedAt]
    FROM [Users] AS [u]
    WHERE [u].[IsDeleted] = CAST(0 AS bit)
) AS [u0] ON [g].[SenderId] = [u0].[Id]
INNER JOIN (
    SELECT [g0].[Id], [g0].[CategoryId], [g0].[CreatedAt], [g0].[CustomJsonContent], [g0].[DeletedAt], [g0].[Description], [g0].[FileUrl], [g0].[IsDeleted], [g0].[IsFeatured], [g0].[Name], [g0].[Slug], [g0].[Status], [g0].[Tags], [g0].[ThumbnailUrl], [g0].[UpdatedAt]
    FROM [GreetingCards] AS [g0]
    WHERE [g0].[IsDeleted] = CAST(0 AS bit)
) AS [g1] ON [g].[CardId] = [g1].[Id]
WHERE [e].[Status] = N'PendingRetry' AND [e].[NextRetryAt] <= @__now_0
2026-05-06 00:20:05.676 +07:00 [INF] Server macbookpro:31145:91ae0d64 caught stopping signal...
2026-05-06 00:20:06.004 +07:00 [INF] Server macbookpro:31145:91ae0d64 All dispatchers stopped
2026-05-06 00:20:06.017 +07:00 [INF] Server macbookpro:31145:91ae0d64 successfully reported itself as stopped in 11,5166 ms
2026-05-06 00:20:06.017 +07:00 [INF] Server macbookpro:31145:91ae0d64 has been stopped in total 337,9168 ms
2026-05-06 00:20:11.012 +07:00 [WRN] Entity 'User' has a global query filter defined and is the required end of a relationship with the entity 'Feedback'. This may lead to unexpected results when the required entity is filtered out. Either configure the navigation as optional, or define matching query filters for both entities in the navigation. See https://go.microsoft.com/fwlink/?linkid=2131316 for more information.
2026-05-06 00:20:11.044 +07:00 [WRN] Entity 'GreetingCard' has a global query filter defined and is the required end of a relationship with the entity 'GreetingTransaction'. This may lead to unexpected results when the required entity is filtered out. Either configure the navigation as optional, or define matching query filters for both entities in the navigation. See https://go.microsoft.com/fwlink/?linkid=2131316 for more information.
2026-05-06 00:20:11.045 +07:00 [WRN] Entity 'User' has a global query filter defined and is the required end of a relationship with the entity 'Subscription'. This may lead to unexpected results when the required entity is filtered out. Either configure the navigation as optional, or define matching query filters for both entities in the navigation. See https://go.microsoft.com/fwlink/?linkid=2131316 for more information.
2026-05-06 00:20:11.322 +07:00 [INF] Executed DbCommand (19ms) [Parameters=[], CommandType='"Text"', CommandTimeout='30']
SELECT 1
2026-05-06 00:20:11.348 +07:00 [INF] Executed DbCommand (17ms) [Parameters=[], CommandType='"Text"', CommandTimeout='30']
DECLARE @result int;
EXEC @result = sp_getapplock @Resource = '__EFMigrationsLock', @LockOwner = 'Session', @LockMode = 'Exclusive';
SELECT @result
2026-05-06 00:20:11.392 +07:00 [INF] Executed DbCommand (9ms) [Parameters=[], CommandType='"Text"', CommandTimeout='30']
IF OBJECT_ID(N'[__EFMigrationsHistory]') IS NULL
BEGIN
    CREATE TABLE [__EFMigrationsHistory] (
        [MigrationId] nvarchar(150) NOT NULL,
        [ProductVersion] nvarchar(32) NOT NULL,
        CONSTRAINT [PK___EFMigrationsHistory] PRIMARY KEY ([MigrationId])
    );
END;
2026-05-06 00:20:11.406 +07:00 [INF] Executed DbCommand (3ms) [Parameters=[], CommandType='"Text"', CommandTimeout='30']
SELECT 1
2026-05-06 00:20:11.409 +07:00 [INF] Executed DbCommand (2ms) [Parameters=[], CommandType='"Text"', CommandTimeout='30']
SELECT OBJECT_ID(N'[__EFMigrationsHistory]');
2026-05-06 00:20:11.416 +07:00 [INF] Executed DbCommand (5ms) [Parameters=[], CommandType='"Text"', CommandTimeout='30']
SELECT [MigrationId], [ProductVersion]
FROM [__EFMigrationsHistory]
ORDER BY [MigrationId];
2026-05-06 00:20:11.468 +07:00 [INF] Executed DbCommand (33ms) [Parameters=[], CommandType='"Text"', CommandTimeout='30']
ALTER TABLE [GreetingCards] ADD [IsPremium] bit NOT NULL DEFAULT CAST(1 AS bit);
2026-05-06 00:20:11.470 +07:00 [INF] Executed DbCommand (2ms) [Parameters=[], CommandType='"Text"', CommandTimeout='30']
INSERT INTO [__EFMigrationsHistory] ([MigrationId], [ProductVersion])
VALUES (N'20260505171641_AddGreetingCardIsPremium', N'9.0.4');
2026-05-06 00:20:11.477 +07:00 [INF] Executed DbCommand (2ms) [Parameters=[], CommandType='"Text"', CommandTimeout='30']
DECLARE @result int;
EXEC @result = sp_releaseapplock @Resource = '__EFMigrationsLock', @LockOwner = 'Session';
SELECT @result
2026-05-06 00:20:11.601 +07:00 [INF] Executed DbCommand (5ms) [Parameters=[], CommandType='"Text"', CommandTimeout='30']
SELECT CASE
    WHEN EXISTS (
        SELECT 1
        FROM [Categories] AS [c]
        WHERE [c].[IsDeleted] = CAST(0 AS bit)) THEN CAST(1 AS bit)
    ELSE CAST(0 AS bit)
END
2026-05-06 00:20:11.626 +07:00 [INF] Executed DbCommand (9ms) [Parameters=[@__adminEmail_0='?' (Size = 256) (DbType = AnsiString)], CommandType='"Text"', CommandTimeout='30']
SELECT CASE
    WHEN EXISTS (
        SELECT 1
        FROM [Users] AS [u]
        WHERE [u].[Email] = @__adminEmail_0) THEN CAST(1 AS bit)
    ELSE CAST(0 AS bit)
END
2026-05-06 00:20:11.632 +07:00 [INF] Executed DbCommand (4ms) [Parameters=[@__admin2Email_0='?' (Size = 256) (DbType = AnsiString)], CommandType='"Text"', CommandTimeout='30']
SELECT CASE
    WHEN EXISTS (
        SELECT 1
        FROM [Users] AS [u]
        WHERE [u].[Email] = @__admin2Email_0) THEN CAST(1 AS bit)
    ELSE CAST(0 AS bit)
END
2026-05-06 00:20:11.660 +07:00 [INF] Executed DbCommand (5ms) [Parameters=[@__admin2Email_0='?' (Size = 256) (DbType = AnsiString)], CommandType='"Text"', CommandTimeout='30']
SELECT TOP(1) [u].[Id], [u].[CreatedAt], [u].[DeletedAt], [u].[Email], [u].[EmailVerificationToken], [u].[EmailVerificationTokenExpiry], [u].[FailedLoginCount], [u].[FullName], [u].[IsDeleted], [u].[LastLoginAt], [u].[LockReason], [u].[LockoutEndTime], [u].[PasswordHash], [u].[PasswordResetToken], [u].[PasswordResetTokenExpiry], [u].[PasswordResetTokenUsed], [u].[RefreshTokenExpiry], [u].[RefreshTokenHash], [u].[Role], [u].[SocialProvider], [u].[SocialProviderId], [u].[Status], [u].[UpdatedAt]
FROM [Users] AS [u]
WHERE [u].[Email] = @__admin2Email_0
2026-05-06 00:20:11.716 +07:00 [INF] Executed DbCommand (10ms) [Parameters=[], CommandType='"Text"', CommandTimeout='30']
SELECT CASE
    WHEN EXISTS (
        SELECT 1
        FROM [GreetingCards] AS [g]
        WHERE [g].[IsDeleted] = CAST(0 AS bit)) THEN CAST(1 AS bit)
    ELSE CAST(0 AS bit)
END
2026-05-06 00:20:11.730 +07:00 [INF] Start installing Hangfire SQL objects...
2026-05-06 00:20:11.759 +07:00 [INF] Hangfire SQL objects installed.
2026-05-06 00:20:11.923 +07:00 [INF] Starting Hangfire Server using job storage: 'SQL Server: localhost,1433@EGreetingsDb_Dev'
2026-05-06 00:20:11.924 +07:00 [INF] Using the following options for SQL Server job storage: Queue poll interval: 00:00:00.
2026-05-06 00:20:11.924 +07:00 [INF] Using the following options for Hangfire Server:
    Worker count: 20
    Listening queues: 'default'
    Shutdown timeout: 00:00:15
    Schedule polling interval: 00:00:15
2026-05-06 00:20:11.943 +07:00 [INF] Server macbookpro:44024:909a8e15 successfully announced in 12,6606 ms
2026-05-06 00:20:11.944 +07:00 [INF] Server macbookpro:44024:909a8e15 is starting the registered dispatchers: ServerWatchdog, ServerJobCancellationWatcher, SqlServerHeartbeatProcess, ExpirationManager, CountersAggregator, Worker, DelayedJobScheduler, RecurringJobScheduler...
2026-05-06 00:20:11.948 +07:00 [INF] Server macbookpro:44024:909a8e15 all the dispatchers started
2026-05-06 00:20:12.167 +07:00 [INF] Executed DbCommand (10ms) [Parameters=[@__now_0='?' (DbType = DateTime2)], CommandType='"Text"', CommandTimeout='30']
SELECT [e].[Id], [e].[CreatedAt], [e].[GreetingTransactionId], [e].[LastError], [e].[NextRetryAt], [e].[RetryCount], [e].[Status], [e].[UpdatedAt], [g].[Id], [g].[CardId], [g].[CreatedAt], [g].[PersonalMessage], [g].[RecipientEmail], [g].[RetryCount], [g].[ScheduledSendAt], [g].[SenderId], [g].[SentAt], [g].[Status], [g].[Subject], [g].[SubscriptionId], [u0].[Id], [u0].[CreatedAt], [u0].[DeletedAt], [u0].[Email], [u0].[EmailVerificationToken], [u0].[EmailVerificationTokenExpiry], [u0].[FailedLoginCount], [u0].[FullName], [u0].[IsDeleted], [u0].[LastLoginAt], [u0].[LockReason], [u0].[LockoutEndTime], [u0].[PasswordHash], [u0].[PasswordResetToken], [u0].[PasswordResetTokenExpiry], [u0].[PasswordResetTokenUsed], [u0].[RefreshTokenExpiry], [u0].[RefreshTokenHash], [u0].[Role], [u0].[SocialProvider], [u0].[SocialProviderId], [u0].[Status], [u0].[UpdatedAt], [g1].[Id], [g1].[CategoryId], [g1].[CreatedAt], [g1].[CustomJsonContent], [g1].[DeletedAt], [g1].[Description], [g1].[FileUrl], [g1].[IsDeleted], [g1].[IsFeatured], [g1].[IsPremium], [g1].[Name], [g1].[Slug], [g1].[Status], [g1].[Tags], [g1].[ThumbnailUrl], [g1].[UpdatedAt]
FROM [EmailRetryQueues] AS [e]
INNER JOIN [GreetingTransactions] AS [g] ON [e].[GreetingTransactionId] = [g].[Id]
INNER JOIN (
    SELECT [u].[Id], [u].[CreatedAt], [u].[DeletedAt], [u].[Email], [u].[EmailVerificationToken], [u].[EmailVerificationTokenExpiry], [u].[FailedLoginCount], [u].[FullName], [u].[IsDeleted], [u].[LastLoginAt], [u].[LockReason], [u].[LockoutEndTime], [u].[PasswordHash], [u].[PasswordResetToken], [u].[PasswordResetTokenExpiry], [u].[PasswordResetTokenUsed], [u].[RefreshTokenExpiry], [u].[RefreshTokenHash], [u].[Role], [u].[SocialProvider], [u].[SocialProviderId], [u].[Status], [u].[UpdatedAt]
    FROM [Users] AS [u]
    WHERE [u].[IsDeleted] = CAST(0 AS bit)
) AS [u0] ON [g].[SenderId] = [u0].[Id]
INNER JOIN (
    SELECT [g0].[Id], [g0].[CategoryId], [g0].[CreatedAt], [g0].[CustomJsonContent], [g0].[DeletedAt], [g0].[Description], [g0].[FileUrl], [g0].[IsDeleted], [g0].[IsFeatured], [g0].[IsPremium], [g0].[Name], [g0].[Slug], [g0].[Status], [g0].[Tags], [g0].[ThumbnailUrl], [g0].[UpdatedAt]
    FROM [GreetingCards] AS [g0]
    WHERE [g0].[IsDeleted] = CAST(0 AS bit)
) AS [g1] ON [g].[CardId] = [g1].[Id]
WHERE [e].[Status] = N'PendingRetry' AND [e].[NextRetryAt] <= @__now_0
2026-05-06 00:20:34.732 +07:00 [WRN] Failed to determine the https port for redirect.
2026-05-06 00:20:34.761 +07:00 [INF] [CQRS] Handling GetCardsQuery
2026-05-06 00:20:34.775 +07:00 [INF] [CQRS] Handling LoginCommand
2026-05-06 00:20:34.776 +07:00 [INF] [CQRS] Handling RegisterUserCommand
2026-05-06 00:20:34.797 +07:00 [INF] Executed DbCommand (5ms) [Parameters=[@__ToLower_0='?' (Size = 256) (DbType = AnsiString)], CommandType='"Text"', CommandTimeout='30']
SELECT TOP(1) [u].[Id], [u].[CreatedAt], [u].[DeletedAt], [u].[Email], [u].[EmailVerificationToken], [u].[EmailVerificationTokenExpiry], [u].[FailedLoginCount], [u].[FullName], [u].[IsDeleted], [u].[LastLoginAt], [u].[LockReason], [u].[LockoutEndTime], [u].[PasswordHash], [u].[PasswordResetToken], [u].[PasswordResetTokenExpiry], [u].[PasswordResetTokenUsed], [u].[RefreshTokenExpiry], [u].[RefreshTokenHash], [u].[Role], [u].[SocialProvider], [u].[SocialProviderId], [u].[Status], [u].[UpdatedAt]
FROM [Users] AS [u]
WHERE [u].[IsDeleted] = CAST(0 AS bit) AND [u].[Email] = @__ToLower_0 AND [u].[IsDeleted] = CAST(0 AS bit)
2026-05-06 00:20:34.799 +07:00 [INF] Executed DbCommand (10ms) [Parameters=[@__ToLower_0='?' (Size = 256) (DbType = AnsiString)], CommandType='"Text"', CommandTimeout='30']
SELECT CASE
    WHEN EXISTS (
        SELECT 1
        FROM [Users] AS [u]
        WHERE [u].[IsDeleted] = CAST(0 AS bit) AND [u].[Email] = @__ToLower_0 AND [u].[IsDeleted] = CAST(0 AS bit)) THEN CAST(1 AS bit)
    ELSE CAST(0 AS bit)
END
2026-05-06 00:20:34.805 +07:00 [INF] Executed DbCommand (7ms) [Parameters=[], CommandType='"Text"', CommandTimeout='30']
SELECT COUNT(*)
FROM [GreetingCards] AS [g]
INNER JOIN (
    SELECT [c].[Id], [c].[IsDeleted], [c].[Status]
    FROM [Categories] AS [c]
    WHERE [c].[IsDeleted] = CAST(0 AS bit)
) AS [c0] ON [g].[CategoryId] = [c0].[Id]
WHERE [g].[IsDeleted] = CAST(0 AS bit) AND [g].[Status] = N'Active' AND [g].[IsDeleted] = CAST(0 AS bit) AND [c0].[Status] = N'Active' AND [c0].[IsDeleted] = CAST(0 AS bit)
2026-05-06 00:20:34.819 +07:00 [INF] Executed DbCommand (7ms) [Parameters=[@__p_0='?' (DbType = Int32), @__p_1='?' (DbType = Int32)], CommandType='"Text"', CommandTimeout='30']
SELECT [g].[Id], [g].[Name], [g].[Slug], [g].[ThumbnailUrl], [g].[Description], [g].[IsFeatured], [g].[IsPremium], [c0].[Name], [c0].[Slug], CAST([g].[Status] AS nvarchar(max))
FROM [GreetingCards] AS [g]
INNER JOIN (
    SELECT [c].[Id], [c].[IsDeleted], [c].[Name], [c].[Slug], [c].[Status]
    FROM [Categories] AS [c]
    WHERE [c].[IsDeleted] = CAST(0 AS bit)
) AS [c0] ON [g].[CategoryId] = [c0].[Id]
WHERE [g].[IsDeleted] = CAST(0 AS bit) AND [g].[Status] = N'Active' AND [g].[IsDeleted] = CAST(0 AS bit) AND [c0].[Status] = N'Active' AND [c0].[IsDeleted] = CAST(0 AS bit)
ORDER BY [g].[CreatedAt] DESC
OFFSET @__p_0 ROWS FETCH NEXT @__p_1 ROWS ONLY
2026-05-06 00:20:34.820 +07:00 [INF] [CQRS] Handled GetCardsQuery successfully
2026-05-06 00:20:34.834 +07:00 [INF] HTTP GET /api/cards responded 200 in 101.4072 ms
2026-05-06 00:20:35.379 +07:00 [INF] Executed DbCommand (6ms) [Parameters=[@p3='?' (DbType = Guid), @p0='?' (DbType = DateTime2), @p1='?' (DbType = DateTime2), @p2='?' (Size = 256)], CommandType='"Text"', CommandTimeout='30']
SET IMPLICIT_TRANSACTIONS OFF;
SET NOCOUNT ON;
UPDATE [Users] SET [LastLoginAt] = @p0, [RefreshTokenExpiry] = @p1, [RefreshTokenHash] = @p2
OUTPUT 1
WHERE [Id] = @p3;
2026-05-06 00:20:35.379 +07:00 [INF] Executed DbCommand (5ms) [Parameters=[@p0='?' (DbType = Guid), @p1='?' (DbType = DateTime2), @p2='?' (DbType = DateTime2), @p3='?' (Size = 256) (DbType = AnsiString), @p4='?' (Size = 64), @p5='?' (DbType = DateTime2), @p6='?' (DbType = Int32), @p7='?' (Size = 100), @p8='?' (DbType = Boolean), @p9='?' (DbType = DateTime2), @p10='?' (Size = 4000), @p11='?' (DbType = DateTime2), @p12='?' (Size = 256), @p13='?' (Size = 64), @p14='?' (DbType = DateTime2), @p15='?' (DbType = Boolean), @p16='?' (DbType = DateTime2), @p17='?' (Size = 256), @p18='?' (Size = 20), @p19='?' (Size = 20), @p20='?' (Size = 200), @p21='?' (Size = 30), @p22='?' (DbType = DateTime2)], CommandType='"Text"', CommandTimeout='30']
SET IMPLICIT_TRANSACTIONS OFF;
SET NOCOUNT ON;
INSERT INTO [Users] ([Id], [CreatedAt], [DeletedAt], [Email], [EmailVerificationToken], [EmailVerificationTokenExpiry], [FailedLoginCount], [FullName], [IsDeleted], [LastLoginAt], [LockReason], [LockoutEndTime], [PasswordHash], [PasswordResetToken], [PasswordResetTokenExpiry], [PasswordResetTokenUsed], [RefreshTokenExpiry], [RefreshTokenHash], [Role], [SocialProvider], [SocialProviderId], [Status], [UpdatedAt])
VALUES (@p0, @p1, @p2, @p3, @p4, @p5, @p6, @p7, @p8, @p9, @p10, @p11, @p12, @p13, @p14, @p15, @p16, @p17, @p18, @p19, @p20, @p21, @p22);
2026-05-06 00:20:35.411 +07:00 [INF] Executed DbCommand (6ms) [Parameters=[@p0='?' (DbType = Guid), @p1='?' (DbType = Guid), @p2='?' (Size = 20), @p3='?' (Size = 2000), @p4='?' (DbType = DateTime2), @p5='?' (Size = 1000), @p6='?' (Size = 30), @p7='?' (Size = 50), @p8='?' (Size = 20), @p9='?' (DbType = DateTime2)], CommandType='"Text"', CommandTimeout='30']
SET IMPLICIT_TRANSACTIONS OFF;
SET NOCOUNT ON;
INSERT INTO [SystemLogs] ([Id], [ActorId], [ActorType], [AdditionalData], [CreatedAt], [Description], [EventType], [IpAddress], [Status], [Timestamp])
VALUES (@p0, @p1, @p2, @p3, @p4, @p5, @p6, @p7, @p8, @p9);
2026-05-06 00:20:35.412 +07:00 [WRN] [PERFORMANCE] Slow request detected: LoginCommand took 631ms
2026-05-06 00:20:35.412 +07:00 [INF] [CQRS] Handled LoginCommand successfully
2026-05-06 00:20:35.417 +07:00 [INF] HTTP POST /api/auth/login responded 200 in 685.8803 ms
2026-05-06 00:20:35.419 +07:00 [WRN] [BR-32] Failed to send activation email to user1778001634@example.com. Queued for retry.
System.Net.Sockets.SocketException (61): Connection refused
   at System.Net.Sockets.Socket.AwaitableSocketAsyncEventArgs.ThrowException(SocketError error, CancellationToken cancellationToken)
   at System.Net.Sockets.Socket.AwaitableSocketAsyncEventArgs.System.Threading.Tasks.Sources.IValueTaskSource.GetResult(Int16 token)
   at System.Threading.Tasks.ValueTask.ValueTaskSourceAsTask.<>c.<.cctor>b__4_0(Object state)
--- End of stack trace from previous location ---
   at System.Threading.Tasks.TaskToAsyncResult.End(IAsyncResult asyncResult)
   at MailKit.Net.SocketUtils.SocketConnectState.OnEndConnect(IAsyncResult ar)
--- End of stack trace from previous location ---
   at MailKit.Net.SocketUtils.ConnectAsync(String host, Int32 port, IPEndPoint localEndPoint, CancellationToken cancellationToken)
   at MailKit.Net.SocketUtils.ConnectAsync(String host, Int32 port, IPEndPoint localEndPoint, Int32 timeout, CancellationToken cancellationToken)
   at MailKit.MailService.ConnectNetworkAsync(String host, Int32 port, CancellationToken cancellationToken)
   at MailKit.Net.Smtp.SmtpClient.ConnectAsync(String host, Int32 port, SecureSocketOptions options, CancellationToken cancellationToken)
   at EGreetings.Infrastructure.Services.EmailService.SendAsync(EmailMessage message, CancellationToken cancellationToken) in /Users/alanstars1301/Documents/Claude/Projects/eGreeting/Backend/src/EGreetings.Infrastructure/Services/EmailService.cs:line 54
   at EGreetings.Application.Commands.Auth.RegisterUser.RegisterUserCommandHandler.Handle(RegisterUserCommand request, CancellationToken ct) in /Users/alanstars1301/Documents/Claude/Projects/eGreeting/Backend/src/EGreetings.Application/Commands/Auth/RegisterUser/RegisterUserCommandHandler.cs:line 93
2026-05-06 00:20:35.433 +07:00 [INF] Executed DbCommand (7ms) [Parameters=[@p0='?' (DbType = Guid), @p1='?' (DbType = Guid), @p2='?' (Size = 20), @p3='?' (Size = 2000), @p4='?' (DbType = DateTime2), @p5='?' (Size = 1000), @p6='?' (Size = 30), @p7='?' (Size = 50), @p8='?' (Size = 20), @p9='?' (DbType = DateTime2)], CommandType='"Text"', CommandTimeout='30']
SET IMPLICIT_TRANSACTIONS OFF;
SET NOCOUNT ON;
INSERT INTO [SystemLogs] ([Id], [ActorId], [ActorType], [AdditionalData], [CreatedAt], [Description], [EventType], [IpAddress], [Status], [Timestamp])
VALUES (@p0, @p1, @p2, @p3, @p4, @p5, @p6, @p7, @p8, @p9);
2026-05-06 00:20:35.433 +07:00 [WRN] [PERFORMANCE] Slow request detected: RegisterUserCommand took 652ms
2026-05-06 00:20:35.433 +07:00 [INF] [CQRS] Handled RegisterUserCommand successfully
2026-05-06 00:20:35.435 +07:00 [INF] HTTP POST /api/auth/register responded 201 in 700.2653 ms
2026-05-06 00:20:35.464 +07:00 [INF] [CQRS] Handling UpdateCardCommand
2026-05-06 00:20:35.515 +07:00 [INF] Executed DbCommand (7ms) [Parameters=[@__request_CardId_0='?' (DbType = Guid)], CommandType='"Text"', CommandTimeout='30']
SELECT TOP(1) [g].[Id], [g].[CategoryId], [g].[CreatedAt], [g].[CustomJsonContent], [g].[DeletedAt], [g].[Description], [g].[FileUrl], [g].[IsDeleted], [g].[IsFeatured], [g].[IsPremium], [g].[Name], [g].[Slug], [g].[Status], [g].[Tags], [g].[ThumbnailUrl], [g].[UpdatedAt]
FROM [GreetingCards] AS [g]
WHERE [g].[IsDeleted] = CAST(0 AS bit) AND [g].[Id] = @__request_CardId_0 AND [g].[IsDeleted] = CAST(0 AS bit)
2026-05-06 00:20:35.551 +07:00 [INF] Executed DbCommand (6ms) [Parameters=[@__request_CategoryId_0='?' (DbType = Guid)], CommandType='"Text"', CommandTimeout='30']
SELECT TOP(1) [c].[Id], [c].[Color], [c].[CreatedAt], [c].[DeletedAt], [c].[Description], [c].[DisplayOrder], [c].[IconUrl], [c].[IsDeleted], [c].[IsSystem], [c].[Name], [c].[Slug], [c].[Status], [c].[UpdatedAt]
FROM [Categories] AS [c]
WHERE [c].[IsDeleted] = CAST(0 AS bit) AND [c].[Id] = @__request_CategoryId_0 AND [c].[IsDeleted] = CAST(0 AS bit)
2026-05-06 00:20:35.587 +07:00 [INF] Executed DbCommand (9ms) [Parameters=[@p2='?' (DbType = Guid), @p0='?' (DbType = Boolean), @p1='?' (DbType = DateTime2)], CommandType='"Text"', CommandTimeout='30']
SET IMPLICIT_TRANSACTIONS OFF;
SET NOCOUNT ON;
UPDATE [GreetingCards] SET [IsPremium] = @p0, [UpdatedAt] = @p1
OUTPUT 1
WHERE [Id] = @p2;
2026-05-06 00:20:35.591 +07:00 [INF] Executed DbCommand (3ms) [Parameters=[@p0='?' (DbType = Guid), @p1='?' (DbType = Guid), @p2='?' (Size = 20), @p3='?' (Size = 2000), @p4='?' (DbType = DateTime2), @p5='?' (Size = 1000), @p6='?' (Size = 30), @p7='?' (Size = 50), @p8='?' (Size = 20), @p9='?' (DbType = DateTime2)], CommandType='"Text"', CommandTimeout='30']
SET IMPLICIT_TRANSACTIONS OFF;
SET NOCOUNT ON;
INSERT INTO [SystemLogs] ([Id], [ActorId], [ActorType], [AdditionalData], [CreatedAt], [Description], [EventType], [IpAddress], [Status], [Timestamp])
VALUES (@p0, @p1, @p2, @p3, @p4, @p5, @p6, @p7, @p8, @p9);
2026-05-06 00:20:35.592 +07:00 [INF] [CQRS] Handled UpdateCardCommand successfully
2026-05-06 00:20:35.595 +07:00 [INF] Executed DbCommand (3ms) [Parameters=[@p0='?' (DbType = Guid), @p1='?' (DbType = Guid), @p2='?' (Size = 20), @p3='?' (Size = 2000), @p4='?' (DbType = DateTime2), @p5='?' (Size = 1000), @p6='?' (Size = 30), @p7='?' (Size = 50), @p8='?' (Size = 20), @p9='?' (DbType = DateTime2)], CommandType='"Text"', CommandTimeout='30']
SET IMPLICIT_TRANSACTIONS OFF;
SET NOCOUNT ON;
INSERT INTO [SystemLogs] ([Id], [ActorId], [ActorType], [AdditionalData], [CreatedAt], [Description], [EventType], [IpAddress], [Status], [Timestamp])
VALUES (@p0, @p1, @p2, @p3, @p4, @p5, @p6, @p7, @p8, @p9);
2026-05-06 00:20:35.597 +07:00 [INF] HTTP PUT /api/admin/cards/0d701f9b-e233-41c6-801a-869f59d71713 responded 200 in 169.5745 ms
2026-05-06 00:20:46.215 +07:00 [INF] [CQRS] Handling GetCardByIdQuery
2026-05-06 00:20:46.215 +07:00 [INF] [CQRS] Handling GetCardByIdQuery
2026-05-06 00:20:46.216 +07:00 [INF] [CQRS] Handling LoginCommand
2026-05-06 00:20:46.223 +07:00 [INF] Executed DbCommand (4ms) [Parameters=[@__ToLower_0='?' (Size = 256) (DbType = AnsiString)], CommandType='"Text"', CommandTimeout='30']
SELECT TOP(1) [u].[Id], [u].[CreatedAt], [u].[DeletedAt], [u].[Email], [u].[EmailVerificationToken], [u].[EmailVerificationTokenExpiry], [u].[FailedLoginCount], [u].[FullName], [u].[IsDeleted], [u].[LastLoginAt], [u].[LockReason], [u].[LockoutEndTime], [u].[PasswordHash], [u].[PasswordResetToken], [u].[PasswordResetTokenExpiry], [u].[PasswordResetTokenUsed], [u].[RefreshTokenExpiry], [u].[RefreshTokenHash], [u].[Role], [u].[SocialProvider], [u].[SocialProviderId], [u].[Status], [u].[UpdatedAt]
FROM [Users] AS [u]
WHERE [u].[IsDeleted] = CAST(0 AS bit) AND [u].[Email] = @__ToLower_0 AND [u].[IsDeleted] = CAST(0 AS bit)
2026-05-06 00:20:46.288 +07:00 [INF] Executed DbCommand (49ms) [Parameters=[@__request_CardId_0='?' (DbType = Guid)], CommandType='"Text"', CommandTimeout='30']
SELECT TOP(1) [g].[Id], [g].[Name], [g].[Slug], [g].[ThumbnailUrl], [g].[FileUrl], [g].[Description], [g].[Tags], [g].[CustomJsonContent], [g].[IsFeatured], [g].[IsPremium], [c0].[Name], [c0].[Slug]
FROM [GreetingCards] AS [g]
INNER JOIN (
    SELECT [c].[Id], [c].[Name], [c].[Slug]
    FROM [Categories] AS [c]
    WHERE [c].[IsDeleted] = CAST(0 AS bit)
) AS [c0] ON [g].[CategoryId] = [c0].[Id]
WHERE [g].[IsDeleted] = CAST(0 AS bit) AND [g].[Id] = @__request_CardId_0 AND [g].[Status] = N'Active' AND [g].[IsDeleted] = CAST(0 AS bit)
2026-05-06 00:20:46.289 +07:00 [INF] [CQRS] Handled GetCardByIdQuery successfully
2026-05-06 00:20:46.289 +07:00 [INF] Executed DbCommand (53ms) [Parameters=[@__request_CardId_0='?' (DbType = Guid)], CommandType='"Text"', CommandTimeout='30']
SELECT TOP(1) [g].[Id], [g].[Name], [g].[Slug], [g].[ThumbnailUrl], [g].[FileUrl], [g].[Description], [g].[Tags], [g].[CustomJsonContent], [g].[IsFeatured], [g].[IsPremium], [c0].[Name], [c0].[Slug]
FROM [GreetingCards] AS [g]
INNER JOIN (
    SELECT [c].[Id], [c].[Name], [c].[Slug]
    FROM [Categories] AS [c]
    WHERE [c].[IsDeleted] = CAST(0 AS bit)
) AS [c0] ON [g].[CategoryId] = [c0].[Id]
WHERE [g].[IsDeleted] = CAST(0 AS bit) AND [g].[Id] = @__request_CardId_0 AND [g].[Status] = N'Active' AND [g].[IsDeleted] = CAST(0 AS bit)
2026-05-06 00:20:46.289 +07:00 [INF] [CQRS] Handled GetCardByIdQuery successfully
2026-05-06 00:20:46.292 +07:00 [INF] HTTP GET /api/cards/7ab2decf-8840-4629-8db1-dc445b6bce9f responded 200 in 79.8830 ms
2026-05-06 00:20:46.292 +07:00 [INF] HTTP GET /api/cards/0d701f9b-e233-41c6-801a-869f59d71713 responded 200 in 79.8851 ms
2026-05-06 00:20:46.736 +07:00 [INF] Executed DbCommand (8ms) [Parameters=[@p3='?' (DbType = Guid), @p0='?' (DbType = DateTime2), @p1='?' (DbType = DateTime2), @p2='?' (Size = 256)], CommandType='"Text"', CommandTimeout='30']
SET IMPLICIT_TRANSACTIONS OFF;
SET NOCOUNT ON;
UPDATE [Users] SET [LastLoginAt] = @p0, [RefreshTokenExpiry] = @p1, [RefreshTokenHash] = @p2
OUTPUT 1
WHERE [Id] = @p3;
2026-05-06 00:20:46.740 +07:00 [INF] Executed DbCommand (3ms) [Parameters=[@p0='?' (DbType = Guid), @p1='?' (DbType = Guid), @p2='?' (Size = 20), @p3='?' (Size = 2000), @p4='?' (DbType = DateTime2), @p5='?' (Size = 1000), @p6='?' (Size = 30), @p7='?' (Size = 50), @p8='?' (Size = 20), @p9='?' (DbType = DateTime2)], CommandType='"Text"', CommandTimeout='30']
SET IMPLICIT_TRANSACTIONS OFF;
SET NOCOUNT ON;
INSERT INTO [SystemLogs] ([Id], [ActorId], [ActorType], [AdditionalData], [CreatedAt], [Description], [EventType], [IpAddress], [Status], [Timestamp])
VALUES (@p0, @p1, @p2, @p3, @p4, @p5, @p6, @p7, @p8, @p9);
2026-05-06 00:20:46.740 +07:00 [WRN] [PERFORMANCE] Slow request detected: LoginCommand took 523ms
2026-05-06 00:20:46.740 +07:00 [INF] [CQRS] Handled LoginCommand successfully
2026-05-06 00:20:46.740 +07:00 [INF] HTTP POST /api/auth/login responded 200 in 525.6034 ms
2026-05-06 00:20:57.112 +07:00 [INF] [CQRS] Handling LoginCommand
2026-05-06 00:20:57.121 +07:00 [INF] Executed DbCommand (5ms) [Parameters=[@__ToLower_0='?' (Size = 256) (DbType = AnsiString)], CommandType='"Text"', CommandTimeout='30']
SELECT TOP(1) [u].[Id], [u].[CreatedAt], [u].[DeletedAt], [u].[Email], [u].[EmailVerificationToken], [u].[EmailVerificationTokenExpiry], [u].[FailedLoginCount], [u].[FullName], [u].[IsDeleted], [u].[LastLoginAt], [u].[LockReason], [u].[LockoutEndTime], [u].[PasswordHash], [u].[PasswordResetToken], [u].[PasswordResetTokenExpiry], [u].[PasswordResetTokenUsed], [u].[RefreshTokenExpiry], [u].[RefreshTokenHash], [u].[Role], [u].[SocialProvider], [u].[SocialProviderId], [u].[Status], [u].[UpdatedAt]
FROM [Users] AS [u]
WHERE [u].[IsDeleted] = CAST(0 AS bit) AND [u].[Email] = @__ToLower_0 AND [u].[IsDeleted] = CAST(0 AS bit)
2026-05-06 00:20:57.445 +07:00 [INF] Executed DbCommand (8ms) [Parameters=[@p3='?' (DbType = Guid), @p0='?' (DbType = DateTime2), @p1='?' (DbType = DateTime2), @p2='?' (Size = 256)], CommandType='"Text"', CommandTimeout='30']
SET IMPLICIT_TRANSACTIONS OFF;
SET NOCOUNT ON;
UPDATE [Users] SET [LastLoginAt] = @p0, [RefreshTokenExpiry] = @p1, [RefreshTokenHash] = @p2
OUTPUT 1
WHERE [Id] = @p3;
2026-05-06 00:20:57.452 +07:00 [INF] Executed DbCommand (4ms) [Parameters=[@p0='?' (DbType = Guid), @p1='?' (DbType = Guid), @p2='?' (Size = 20), @p3='?' (Size = 2000), @p4='?' (DbType = DateTime2), @p5='?' (Size = 1000), @p6='?' (Size = 30), @p7='?' (Size = 50), @p8='?' (Size = 20), @p9='?' (DbType = DateTime2)], CommandType='"Text"', CommandTimeout='30']
SET IMPLICIT_TRANSACTIONS OFF;
SET NOCOUNT ON;
INSERT INTO [SystemLogs] ([Id], [ActorId], [ActorType], [AdditionalData], [CreatedAt], [Description], [EventType], [IpAddress], [Status], [Timestamp])
VALUES (@p0, @p1, @p2, @p3, @p4, @p5, @p6, @p7, @p8, @p9);
2026-05-06 00:20:57.452 +07:00 [INF] [CQRS] Handled LoginCommand successfully
2026-05-06 00:20:57.452 +07:00 [INF] HTTP POST /api/auth/login responded 200 in 343.1863 ms
2026-05-06 00:20:57.475 +07:00 [INF] [CQRS] Handling CreateDraftCommand
2026-05-06 00:20:57.485 +07:00 [INF] Executed DbCommand (4ms) [Parameters=[@__request_UserId_0='?' (DbType = Guid)], CommandType='"Text"', CommandTimeout='30']
SELECT COUNT(*)
FROM [Drafts] AS [d]
WHERE [d].[IsDeleted] = CAST(0 AS bit) AND [d].[UserId] = @__request_UserId_0 AND [d].[IsDeleted] = CAST(0 AS bit)
2026-05-06 00:20:57.489 +07:00 [INF] Executed DbCommand (3ms) [Parameters=[@__request_CardId_0='?' (DbType = Guid)], CommandType='"Text"', CommandTimeout='30']
SELECT TOP(1) [g].[Id], [g].[CategoryId], [g].[CreatedAt], [g].[CustomJsonContent], [g].[DeletedAt], [g].[Description], [g].[FileUrl], [g].[IsDeleted], [g].[IsFeatured], [g].[IsPremium], [g].[Name], [g].[Slug], [g].[Status], [g].[Tags], [g].[ThumbnailUrl], [g].[UpdatedAt]
FROM [GreetingCards] AS [g]
WHERE [g].[IsDeleted] = CAST(0 AS bit) AND [g].[Id] = @__request_CardId_0 AND [g].[IsDeleted] = CAST(0 AS bit)
2026-05-06 00:20:57.499 +07:00 [INF] Executed DbCommand (7ms) [Parameters=[@__request_UserId_0='?' (DbType = Guid)], CommandType='"Text"', CommandTimeout='30']
SELECT CASE
    WHEN EXISTS (
        SELECT 1
        FROM [Subscriptions] AS [s]
        WHERE [s].[UserId] = @__request_UserId_0 AND [s].[Status] = N'Active') THEN CAST(1 AS bit)
    ELSE CAST(0 AS bit)
END
2026-05-06 00:20:57.499 +07:00 [ERR] [CQRS] Error handling CreateDraftCommand: Mẫu thiệp này chỉ dành cho tài khoản Premium.
EGreetings.Domain.Exceptions.BusinessRuleViolationException: Mẫu thiệp này chỉ dành cho tài khoản Premium.
   at EGreetings.Application.Commands.Cards.CreateDraft.CreateDraftCommandHandler.Handle(CreateDraftCommand request, CancellationToken ct) in /Users/alanstars1301/Documents/Claude/Projects/eGreeting/Backend/src/EGreetings.Application/Commands/Cards/CreateDraft/CreateDraftCommand.cs:line 53
   at EGreetings.Application.Behaviors.PerformanceBehavior`2.Handle(TRequest request, RequestHandlerDelegate`1 next, CancellationToken cancellationToken) in /Users/alanstars1301/Documents/Claude/Projects/eGreeting/Backend/src/EGreetings.Application/Behaviors/PerformanceBehavior.cs:line 25
   at EGreetings.Application.Behaviors.ValidationBehavior`2.Handle(TRequest request, RequestHandlerDelegate`1 next, CancellationToken cancellationToken) in /Users/alanstars1301/Documents/Claude/Projects/eGreeting/Backend/src/EGreetings.Application/Behaviors/ValidationBehavior.cs:line 39
   at EGreetings.Application.Behaviors.LoggingBehavior`2.Handle(TRequest request, RequestHandlerDelegate`1 next, CancellationToken cancellationToken) in /Users/alanstars1301/Documents/Claude/Projects/eGreeting/Backend/src/EGreetings.Application/Behaviors/LoggingBehavior.cs:line 39
2026-05-06 00:20:57.501 +07:00 [ERR] HTTP POST /api/drafts responded 500 in 37.5826 ms
EGreetings.Domain.Exceptions.BusinessRuleViolationException: Mẫu thiệp này chỉ dành cho tài khoản Premium.
   at EGreetings.Application.Commands.Cards.CreateDraft.CreateDraftCommandHandler.Handle(CreateDraftCommand request, CancellationToken ct) in /Users/alanstars1301/Documents/Claude/Projects/eGreeting/Backend/src/EGreetings.Application/Commands/Cards/CreateDraft/CreateDraftCommand.cs:line 53
   at EGreetings.Application.Behaviors.PerformanceBehavior`2.Handle(TRequest request, RequestHandlerDelegate`1 next, CancellationToken cancellationToken) in /Users/alanstars1301/Documents/Claude/Projects/eGreeting/Backend/src/EGreetings.Application/Behaviors/PerformanceBehavior.cs:line 25
   at EGreetings.Application.Behaviors.ValidationBehavior`2.Handle(TRequest request, RequestHandlerDelegate`1 next, CancellationToken cancellationToken) in /Users/alanstars1301/Documents/Claude/Projects/eGreeting/Backend/src/EGreetings.Application/Behaviors/ValidationBehavior.cs:line 39
   at EGreetings.Application.Behaviors.LoggingBehavior`2.Handle(TRequest request, RequestHandlerDelegate`1 next, CancellationToken cancellationToken) in /Users/alanstars1301/Documents/Claude/Projects/eGreeting/Backend/src/EGreetings.Application/Behaviors/LoggingBehavior.cs:line 39
   at EGreetings.Application.Behaviors.LoggingBehavior`2.Handle(TRequest request, RequestHandlerDelegate`1 next, CancellationToken cancellationToken) in /Users/alanstars1301/Documents/Claude/Projects/eGreeting/Backend/src/EGreetings.Application/Behaviors/LoggingBehavior.cs:line 68
   at EGreetings.API.Controllers.CardsController.CreateDraft(CreateDraftCommand command, CancellationToken ct) in /Users/alanstars1301/Documents/Claude/Projects/eGreeting/Backend/src/EGreetings.API/Controllers/CardsController.cs:line 68
   at Microsoft.AspNetCore.Mvc.Infrastructure.ActionMethodExecutor.TaskOfIActionResultExecutor.Execute(ActionContext actionContext, IActionResultTypeMapper mapper, ObjectMethodExecutor executor, Object controller, Object[] arguments)
   at Microsoft.AspNetCore.Mvc.Infrastructure.ControllerActionInvoker.<InvokeActionMethodAsync>g__Awaited|12_0(ControllerActionInvoker invoker, ValueTask`1 actionResultValueTask)
   at Microsoft.AspNetCore.Mvc.Infrastructure.ControllerActionInvoker.<InvokeNextActionFilterAsync>g__Awaited|10_0(ControllerActionInvoker invoker, Task lastTask, State next, Scope scope, Object state, Boolean isCompleted)
   at Microsoft.AspNetCore.Mvc.Infrastructure.ControllerActionInvoker.Rethrow(ActionExecutedContextSealed context)
   at Microsoft.AspNetCore.Mvc.Infrastructure.ControllerActionInvoker.Next(State& next, Scope& scope, Object& state, Boolean& isCompleted)
   at Microsoft.AspNetCore.Mvc.Infrastructure.ControllerActionInvoker.<InvokeInnerFilterAsync>g__Awaited|13_0(ControllerActionInvoker invoker, Task lastTask, State next, Scope scope, Object state, Boolean isCompleted)
   at Microsoft.AspNetCore.Mvc.Infrastructure.ResourceInvoker.<InvokeFilterPipelineAsync>g__Awaited|20_0(ResourceInvoker invoker, Task lastTask, State next, Scope scope, Object state, Boolean isCompleted)
   at Microsoft.AspNetCore.Mvc.Infrastructure.ResourceInvoker.<InvokeAsync>g__Awaited|17_0(ResourceInvoker invoker, Task task, IDisposable scope)
   at Microsoft.AspNetCore.Mvc.Infrastructure.ResourceInvoker.<InvokeAsync>g__Awaited|17_0(ResourceInvoker invoker, Task task, IDisposable scope)
   at Microsoft.AspNetCore.Authorization.AuthorizationMiddleware.Invoke(HttpContext context)
   at Microsoft.AspNetCore.Authentication.AuthenticationMiddleware.Invoke(HttpContext context)
   at Serilog.AspNetCore.RequestLoggingMiddleware.Invoke(HttpContext httpContext)
2026-05-06 00:20:57.509 +07:00 [INF] Executed DbCommand (4ms) [Parameters=[@p0='?' (DbType = Guid), @p1='?' (DbType = Guid), @p2='?' (Size = 20), @p3='?' (Size = 2000), @p4='?' (DbType = DateTime2), @p5='?' (Size = 1000), @p6='?' (Size = 30), @p7='?' (Size = 50), @p8='?' (Size = 20), @p9='?' (DbType = DateTime2)], CommandType='"Text"', CommandTimeout='30']
SET IMPLICIT_TRANSACTIONS OFF;
SET NOCOUNT ON;
INSERT INTO [SystemLogs] ([Id], [ActorId], [ActorType], [AdditionalData], [CreatedAt], [Description], [EventType], [IpAddress], [Status], [Timestamp])
VALUES (@p0, @p1, @p2, @p3, @p4, @p5, @p6, @p7, @p8, @p9);
2026-05-06 00:20:57.510 +07:00 [ERR] [EXCEPTION] 422 /api/drafts – Mẫu thiệp này chỉ dành cho tài khoản Premium.
EGreetings.Domain.Exceptions.BusinessRuleViolationException: Mẫu thiệp này chỉ dành cho tài khoản Premium.
   at EGreetings.Application.Commands.Cards.CreateDraft.CreateDraftCommandHandler.Handle(CreateDraftCommand request, CancellationToken ct) in /Users/alanstars1301/Documents/Claude/Projects/eGreeting/Backend/src/EGreetings.Application/Commands/Cards/CreateDraft/CreateDraftCommand.cs:line 53
   at EGreetings.Application.Behaviors.PerformanceBehavior`2.Handle(TRequest request, RequestHandlerDelegate`1 next, CancellationToken cancellationToken) in /Users/alanstars1301/Documents/Claude/Projects/eGreeting/Backend/src/EGreetings.Application/Behaviors/PerformanceBehavior.cs:line 25
   at EGreetings.Application.Behaviors.ValidationBehavior`2.Handle(TRequest request, RequestHandlerDelegate`1 next, CancellationToken cancellationToken) in /Users/alanstars1301/Documents/Claude/Projects/eGreeting/Backend/src/EGreetings.Application/Behaviors/ValidationBehavior.cs:line 39
   at EGreetings.Application.Behaviors.LoggingBehavior`2.Handle(TRequest request, RequestHandlerDelegate`1 next, CancellationToken cancellationToken) in /Users/alanstars1301/Documents/Claude/Projects/eGreeting/Backend/src/EGreetings.Application/Behaviors/LoggingBehavior.cs:line 39
   at EGreetings.Application.Behaviors.LoggingBehavior`2.Handle(TRequest request, RequestHandlerDelegate`1 next, CancellationToken cancellationToken) in /Users/alanstars1301/Documents/Claude/Projects/eGreeting/Backend/src/EGreetings.Application/Behaviors/LoggingBehavior.cs:line 68
   at EGreetings.API.Controllers.CardsController.CreateDraft(CreateDraftCommand command, CancellationToken ct) in /Users/alanstars1301/Documents/Claude/Projects/eGreeting/Backend/src/EGreetings.API/Controllers/CardsController.cs:line 68
   at Microsoft.AspNetCore.Mvc.Infrastructure.ActionMethodExecutor.TaskOfIActionResultExecutor.Execute(ActionContext actionContext, IActionResultTypeMapper mapper, ObjectMethodExecutor executor, Object controller, Object[] arguments)
   at Microsoft.AspNetCore.Mvc.Infrastructure.ControllerActionInvoker.<InvokeActionMethodAsync>g__Awaited|12_0(ControllerActionInvoker invoker, ValueTask`1 actionResultValueTask)
   at Microsoft.AspNetCore.Mvc.Infrastructure.ControllerActionInvoker.<InvokeNextActionFilterAsync>g__Awaited|10_0(ControllerActionInvoker invoker, Task lastTask, State next, Scope scope, Object state, Boolean isCompleted)
   at Microsoft.AspNetCore.Mvc.Infrastructure.ControllerActionInvoker.Rethrow(ActionExecutedContextSealed context)
   at Microsoft.AspNetCore.Mvc.Infrastructure.ControllerActionInvoker.Next(State& next, Scope& scope, Object& state, Boolean& isCompleted)
   at Microsoft.AspNetCore.Mvc.Infrastructure.ControllerActionInvoker.<InvokeInnerFilterAsync>g__Awaited|13_0(ControllerActionInvoker invoker, Task lastTask, State next, Scope scope, Object state, Boolean isCompleted)
   at Microsoft.AspNetCore.Mvc.Infrastructure.ResourceInvoker.<InvokeFilterPipelineAsync>g__Awaited|20_0(ResourceInvoker invoker, Task lastTask, State next, Scope scope, Object state, Boolean isCompleted)
   at Microsoft.AspNetCore.Mvc.Infrastructure.ResourceInvoker.<InvokeAsync>g__Awaited|17_0(ResourceInvoker invoker, Task task, IDisposable scope)
   at Microsoft.AspNetCore.Mvc.Infrastructure.ResourceInvoker.<InvokeAsync>g__Awaited|17_0(ResourceInvoker invoker, Task task, IDisposable scope)
   at Microsoft.AspNetCore.Authorization.AuthorizationMiddleware.Invoke(HttpContext context)
   at Microsoft.AspNetCore.Authentication.AuthenticationMiddleware.Invoke(HttpContext context)
   at Serilog.AspNetCore.RequestLoggingMiddleware.Invoke(HttpContext httpContext)
   at EGreetings.API.Middlewares.SecurityHeadersMiddleware.InvokeAsync(HttpContext context) in /Users/alanstars1301/Documents/Claude/Projects/eGreeting/Backend/src/EGreetings.API/Middlewares/ApiMiddlewares.cs:line 121
   at EGreetings.API.Middlewares.GlobalExceptionMiddleware.InvokeAsync(HttpContext context) in /Users/alanstars1301/Documents/Claude/Projects/eGreeting/Backend/src/EGreetings.API/Middlewares/ApiMiddlewares.cs:line 36
2026-05-06 00:20:57.526 +07:00 [INF] [CQRS] Handling CreateDraftCommand
2026-05-06 00:20:57.530 +07:00 [INF] Executed DbCommand (3ms) [Parameters=[@__request_UserId_0='?' (DbType = Guid)], CommandType='"Text"', CommandTimeout='30']
SELECT COUNT(*)
FROM [Drafts] AS [d]
WHERE [d].[IsDeleted] = CAST(0 AS bit) AND [d].[UserId] = @__request_UserId_0 AND [d].[IsDeleted] = CAST(0 AS bit)
2026-05-06 00:20:57.534 +07:00 [INF] Executed DbCommand (3ms) [Parameters=[@__request_CardId_0='?' (DbType = Guid)], CommandType='"Text"', CommandTimeout='30']
SELECT TOP(1) [g].[Id], [g].[CategoryId], [g].[CreatedAt], [g].[CustomJsonContent], [g].[DeletedAt], [g].[Description], [g].[FileUrl], [g].[IsDeleted], [g].[IsFeatured], [g].[IsPremium], [g].[Name], [g].[Slug], [g].[Status], [g].[Tags], [g].[ThumbnailUrl], [g].[UpdatedAt]
FROM [GreetingCards] AS [g]
WHERE [g].[IsDeleted] = CAST(0 AS bit) AND [g].[Id] = @__request_CardId_0 AND [g].[IsDeleted] = CAST(0 AS bit)
2026-05-06 00:20:57.559 +07:00 [INF] Executed DbCommand (11ms) [Parameters=[@p0='?' (DbType = Guid), @p1='?' (DbType = Guid), @p2='?' (DbType = DateTime2), @p3='?' (Size = 4000), @p4='?' (DbType = DateTime2), @p5='?' (DbType = Boolean), @p6='?' (DbType = DateTime2), @p7='?' (Size = 500), @p8='?' (DbType = DateTime2), @p9='?' (DbType = Guid)], CommandType='"Text"', CommandTimeout='30']
SET IMPLICIT_TRANSACTIONS OFF;
SET NOCOUNT ON;
INSERT INTO [Drafts] ([Id], [CardId], [CreatedAt], [CustomJsonContent], [DeletedAt], [IsDeleted], [LastAutoSavedAt], [PersonalMessage], [UpdatedAt], [UserId])
VALUES (@p0, @p1, @p2, @p3, @p4, @p5, @p6, @p7, @p8, @p9);
2026-05-06 00:20:57.560 +07:00 [INF] [CQRS] Handled CreateDraftCommand successfully
2026-05-06 00:20:57.561 +07:00 [INF] HTTP POST /api/drafts responded 201 in 37.0618 ms
2026-05-06 00:25:12.355 +07:00 [INF] Executed DbCommand (2ms) [Parameters=[@__now_0='?' (DbType = DateTime2)], CommandType='"Text"', CommandTimeout='30']
SELECT [e].[Id], [e].[CreatedAt], [e].[GreetingTransactionId], [e].[LastError], [e].[NextRetryAt], [e].[RetryCount], [e].[Status], [e].[UpdatedAt], [g].[Id], [g].[CardId], [g].[CreatedAt], [g].[PersonalMessage], [g].[RecipientEmail], [g].[RetryCount], [g].[ScheduledSendAt], [g].[SenderId], [g].[SentAt], [g].[Status], [g].[Subject], [g].[SubscriptionId], [u0].[Id], [u0].[CreatedAt], [u0].[DeletedAt], [u0].[Email], [u0].[EmailVerificationToken], [u0].[EmailVerificationTokenExpiry], [u0].[FailedLoginCount], [u0].[FullName], [u0].[IsDeleted], [u0].[LastLoginAt], [u0].[LockReason], [u0].[LockoutEndTime], [u0].[PasswordHash], [u0].[PasswordResetToken], [u0].[PasswordResetTokenExpiry], [u0].[PasswordResetTokenUsed], [u0].[RefreshTokenExpiry], [u0].[RefreshTokenHash], [u0].[Role], [u0].[SocialProvider], [u0].[SocialProviderId], [u0].[Status], [u0].[UpdatedAt], [g1].[Id], [g1].[CategoryId], [g1].[CreatedAt], [g1].[CustomJsonContent], [g1].[DeletedAt], [g1].[Description], [g1].[FileUrl], [g1].[IsDeleted], [g1].[IsFeatured], [g1].[IsPremium], [g1].[Name], [g1].[Slug], [g1].[Status], [g1].[Tags], [g1].[ThumbnailUrl], [g1].[UpdatedAt]
FROM [EmailRetryQueues] AS [e]
INNER JOIN [GreetingTransactions] AS [g] ON [e].[GreetingTransactionId] = [g].[Id]
INNER JOIN (
    SELECT [u].[Id], [u].[CreatedAt], [u].[DeletedAt], [u].[Email], [u].[EmailVerificationToken], [u].[EmailVerificationTokenExpiry], [u].[FailedLoginCount], [u].[FullName], [u].[IsDeleted], [u].[LastLoginAt], [u].[LockReason], [u].[LockoutEndTime], [u].[PasswordHash], [u].[PasswordResetToken], [u].[PasswordResetTokenExpiry], [u].[PasswordResetTokenUsed], [u].[RefreshTokenExpiry], [u].[RefreshTokenHash], [u].[Role], [u].[SocialProvider], [u].[SocialProviderId], [u].[Status], [u].[UpdatedAt]
    FROM [Users] AS [u]
    WHERE [u].[IsDeleted] = CAST(0 AS bit)
) AS [u0] ON [g].[SenderId] = [u0].[Id]
INNER JOIN (
    SELECT [g0].[Id], [g0].[CategoryId], [g0].[CreatedAt], [g0].[CustomJsonContent], [g0].[DeletedAt], [g0].[Description], [g0].[FileUrl], [g0].[IsDeleted], [g0].[IsFeatured], [g0].[IsPremium], [g0].[Name], [g0].[Slug], [g0].[Status], [g0].[Tags], [g0].[ThumbnailUrl], [g0].[UpdatedAt]
    FROM [GreetingCards] AS [g0]
    WHERE [g0].[IsDeleted] = CAST(0 AS bit)
) AS [g1] ON [g].[CardId] = [g1].[Id]
WHERE [e].[Status] = N'PendingRetry' AND [e].[NextRetryAt] <= @__now_0
2026-05-06 00:46:52.798 +07:00 [WRN] Entity 'User' has a global query filter defined and is the required end of a relationship with the entity 'Feedback'. This may lead to unexpected results when the required entity is filtered out. Either configure the navigation as optional, or define matching query filters for both entities in the navigation. See https://go.microsoft.com/fwlink/?linkid=2131316 for more information.
2026-05-06 00:46:52.830 +07:00 [WRN] Entity 'GreetingCard' has a global query filter defined and is the required end of a relationship with the entity 'GreetingTransaction'. This may lead to unexpected results when the required entity is filtered out. Either configure the navigation as optional, or define matching query filters for both entities in the navigation. See https://go.microsoft.com/fwlink/?linkid=2131316 for more information.
2026-05-06 00:46:52.831 +07:00 [WRN] Entity 'User' has a global query filter defined and is the required end of a relationship with the entity 'Subscription'. This may lead to unexpected results when the required entity is filtered out. Either configure the navigation as optional, or define matching query filters for both entities in the navigation. See https://go.microsoft.com/fwlink/?linkid=2131316 for more information.
2026-05-06 00:46:53.134 +07:00 [INF] Executed DbCommand (19ms) [Parameters=[], CommandType='"Text"', CommandTimeout='30']
SELECT 1
2026-05-06 00:46:53.158 +07:00 [INF] Executed DbCommand (17ms) [Parameters=[], CommandType='"Text"', CommandTimeout='30']
DECLARE @result int;
EXEC @result = sp_getapplock @Resource = '__EFMigrationsLock', @LockOwner = 'Session', @LockMode = 'Exclusive';
SELECT @result
2026-05-06 00:46:53.200 +07:00 [INF] Executed DbCommand (8ms) [Parameters=[], CommandType='"Text"', CommandTimeout='30']
IF OBJECT_ID(N'[__EFMigrationsHistory]') IS NULL
BEGIN
    CREATE TABLE [__EFMigrationsHistory] (
        [MigrationId] nvarchar(150) NOT NULL,
        [ProductVersion] nvarchar(32) NOT NULL,
        CONSTRAINT [PK___EFMigrationsHistory] PRIMARY KEY ([MigrationId])
    );
END;
2026-05-06 00:46:53.218 +07:00 [INF] Executed DbCommand (3ms) [Parameters=[], CommandType='"Text"', CommandTimeout='30']
SELECT 1
2026-05-06 00:46:53.222 +07:00 [INF] Executed DbCommand (4ms) [Parameters=[], CommandType='"Text"', CommandTimeout='30']
SELECT OBJECT_ID(N'[__EFMigrationsHistory]');
2026-05-06 00:46:53.228 +07:00 [INF] Executed DbCommand (5ms) [Parameters=[], CommandType='"Text"', CommandTimeout='30']
SELECT [MigrationId], [ProductVersion]
FROM [__EFMigrationsHistory]
ORDER BY [MigrationId];
2026-05-06 00:46:53.242 +07:00 [INF] Executed DbCommand (3ms) [Parameters=[], CommandType='"Text"', CommandTimeout='30']
DECLARE @result int;
EXEC @result = sp_releaseapplock @Resource = '__EFMigrationsLock', @LockOwner = 'Session';
SELECT @result
2026-05-06 00:46:53.359 +07:00 [INF] Executed DbCommand (6ms) [Parameters=[], CommandType='"Text"', CommandTimeout='30']
SELECT CASE
    WHEN EXISTS (
        SELECT 1
        FROM [Categories] AS [c]
        WHERE [c].[IsDeleted] = CAST(0 AS bit)) THEN CAST(1 AS bit)
    ELSE CAST(0 AS bit)
END
2026-05-06 00:46:53.391 +07:00 [INF] Executed DbCommand (16ms) [Parameters=[@__adminEmail_0='?' (Size = 256) (DbType = AnsiString)], CommandType='"Text"', CommandTimeout='30']
SELECT CASE
    WHEN EXISTS (
        SELECT 1
        FROM [Users] AS [u]
        WHERE [u].[Email] = @__adminEmail_0) THEN CAST(1 AS bit)
    ELSE CAST(0 AS bit)
END
2026-05-06 00:46:53.396 +07:00 [INF] Executed DbCommand (3ms) [Parameters=[@__admin2Email_0='?' (Size = 256) (DbType = AnsiString)], CommandType='"Text"', CommandTimeout='30']
SELECT CASE
    WHEN EXISTS (
        SELECT 1
        FROM [Users] AS [u]
        WHERE [u].[Email] = @__admin2Email_0) THEN CAST(1 AS bit)
    ELSE CAST(0 AS bit)
END
2026-05-06 00:46:53.422 +07:00 [INF] Executed DbCommand (6ms) [Parameters=[@__admin2Email_0='?' (Size = 256) (DbType = AnsiString)], CommandType='"Text"', CommandTimeout='30']
SELECT TOP(1) [u].[Id], [u].[CreatedAt], [u].[DeletedAt], [u].[Email], [u].[EmailVerificationToken], [u].[EmailVerificationTokenExpiry], [u].[FailedLoginCount], [u].[FullName], [u].[IsDeleted], [u].[LastLoginAt], [u].[LockReason], [u].[LockoutEndTime], [u].[PasswordHash], [u].[PasswordResetToken], [u].[PasswordResetTokenExpiry], [u].[PasswordResetTokenUsed], [u].[RefreshTokenExpiry], [u].[RefreshTokenHash], [u].[Role], [u].[SocialProvider], [u].[SocialProviderId], [u].[Status], [u].[UpdatedAt]
FROM [Users] AS [u]
WHERE [u].[Email] = @__admin2Email_0
2026-05-06 00:46:53.474 +07:00 [INF] Executed DbCommand (8ms) [Parameters=[], CommandType='"Text"', CommandTimeout='30']
SELECT CASE
    WHEN EXISTS (
        SELECT 1
        FROM [GreetingCards] AS [g]
        WHERE [g].[IsDeleted] = CAST(0 AS bit)) THEN CAST(1 AS bit)
    ELSE CAST(0 AS bit)
END
2026-05-06 00:46:53.489 +07:00 [INF] Start installing Hangfire SQL objects...
2026-05-06 00:46:53.518 +07:00 [INF] Hangfire SQL objects installed.
2026-05-06 00:46:53.668 +07:00 [INF] Starting Hangfire Server using job storage: 'SQL Server: localhost,1433@EGreetingsDb_Dev'
2026-05-06 00:46:53.668 +07:00 [INF] Using the following options for SQL Server job storage: Queue poll interval: 00:00:00.
2026-05-06 00:46:53.668 +07:00 [INF] Using the following options for Hangfire Server:
    Worker count: 20
    Listening queues: 'default'
    Shutdown timeout: 00:00:15
    Schedule polling interval: 00:00:15
2026-05-06 00:46:53.684 +07:00 [INF] Server macbookpro:50039:98976378 successfully announced in 10,6044 ms
2026-05-06 00:46:53.685 +07:00 [INF] Server macbookpro:50039:98976378 is starting the registered dispatchers: ServerWatchdog, ServerJobCancellationWatcher, SqlServerHeartbeatProcess, ExpirationManager, CountersAggregator, Worker, DelayedJobScheduler, RecurringJobScheduler...
2026-05-06 00:46:53.687 +07:00 [INF] Server macbookpro:50039:98976378 all the dispatchers started
2026-05-06 00:46:53.693 +07:00 [INF] 1 servers were removed due to timeout
2026-05-06 00:46:53.874 +07:00 [INF] Executed DbCommand (2ms) [Parameters=[@__now_0='?' (DbType = DateTime2)], CommandType='"Text"', CommandTimeout='30']
SELECT [e].[Id], [e].[CreatedAt], [e].[GreetingTransactionId], [e].[LastError], [e].[NextRetryAt], [e].[RetryCount], [e].[Status], [e].[UpdatedAt], [g].[Id], [g].[CardId], [g].[CreatedAt], [g].[PersonalMessage], [g].[RecipientEmail], [g].[RetryCount], [g].[ScheduledSendAt], [g].[SenderId], [g].[SentAt], [g].[Status], [g].[Subject], [g].[SubscriptionId], [u0].[Id], [u0].[CreatedAt], [u0].[DeletedAt], [u0].[Email], [u0].[EmailVerificationToken], [u0].[EmailVerificationTokenExpiry], [u0].[FailedLoginCount], [u0].[FullName], [u0].[IsDeleted], [u0].[LastLoginAt], [u0].[LockReason], [u0].[LockoutEndTime], [u0].[PasswordHash], [u0].[PasswordResetToken], [u0].[PasswordResetTokenExpiry], [u0].[PasswordResetTokenUsed], [u0].[RefreshTokenExpiry], [u0].[RefreshTokenHash], [u0].[Role], [u0].[SocialProvider], [u0].[SocialProviderId], [u0].[Status], [u0].[UpdatedAt], [g1].[Id], [g1].[CategoryId], [g1].[CreatedAt], [g1].[CustomJsonContent], [g1].[DeletedAt], [g1].[Description], [g1].[FileUrl], [g1].[IsDeleted], [g1].[IsFeatured], [g1].[IsPremium], [g1].[Name], [g1].[Slug], [g1].[Status], [g1].[Tags], [g1].[ThumbnailUrl], [g1].[UpdatedAt]
FROM [EmailRetryQueues] AS [e]
INNER JOIN [GreetingTransactions] AS [g] ON [e].[GreetingTransactionId] = [g].[Id]
INNER JOIN (
    SELECT [u].[Id], [u].[CreatedAt], [u].[DeletedAt], [u].[Email], [u].[EmailVerificationToken], [u].[EmailVerificationTokenExpiry], [u].[FailedLoginCount], [u].[FullName], [u].[IsDeleted], [u].[LastLoginAt], [u].[LockReason], [u].[LockoutEndTime], [u].[PasswordHash], [u].[PasswordResetToken], [u].[PasswordResetTokenExpiry], [u].[PasswordResetTokenUsed], [u].[RefreshTokenExpiry], [u].[RefreshTokenHash], [u].[Role], [u].[SocialProvider], [u].[SocialProviderId], [u].[Status], [u].[UpdatedAt]
    FROM [Users] AS [u]
    WHERE [u].[IsDeleted] = CAST(0 AS bit)
) AS [u0] ON [g].[SenderId] = [u0].[Id]
INNER JOIN (
    SELECT [g0].[Id], [g0].[CategoryId], [g0].[CreatedAt], [g0].[CustomJsonContent], [g0].[DeletedAt], [g0].[Description], [g0].[FileUrl], [g0].[IsDeleted], [g0].[IsFeatured], [g0].[IsPremium], [g0].[Name], [g0].[Slug], [g0].[Status], [g0].[Tags], [g0].[ThumbnailUrl], [g0].[UpdatedAt]
    FROM [GreetingCards] AS [g0]
    WHERE [g0].[IsDeleted] = CAST(0 AS bit)
) AS [g1] ON [g].[CardId] = [g1].[Id]
WHERE [e].[Status] = N'PendingRetry' AND [e].[NextRetryAt] <= @__now_0
2026-05-06 00:47:55.808 +07:00 [WRN] Failed to determine the https port for redirect.
2026-05-06 00:47:55.876 +07:00 [INF] [CQRS] Handling GetCategoriesQuery
2026-05-06 00:47:55.876 +07:00 [INF] [CQRS] Handling GetCardsQuery
2026-05-06 00:47:55.960 +07:00 [INF] Executed DbCommand (7ms) [Parameters=[], CommandType='"Text"', CommandTimeout='30']
SELECT COUNT(*)
FROM [GreetingCards] AS [g]
INNER JOIN (
    SELECT [c].[Id], [c].[IsDeleted], [c].[Status]
    FROM [Categories] AS [c]
    WHERE [c].[IsDeleted] = CAST(0 AS bit)
) AS [c0] ON [g].[CategoryId] = [c0].[Id]
WHERE [g].[IsDeleted] = CAST(0 AS bit) AND [g].[Status] = N'Active' AND [g].[IsDeleted] = CAST(0 AS bit) AND [c0].[Status] = N'Active' AND [c0].[IsDeleted] = CAST(0 AS bit)
2026-05-06 00:47:55.982 +07:00 [INF] Executed DbCommand (5ms) [Parameters=[@__p_0='?' (DbType = Int32), @__p_1='?' (DbType = Int32)], CommandType='"Text"', CommandTimeout='30']
SELECT [g].[Id], [g].[Name], [g].[Slug], [g].[ThumbnailUrl], [g].[Description], [g].[IsFeatured], [g].[IsPremium], [c0].[Name], [c0].[Slug], CAST([g].[Status] AS nvarchar(max))
FROM [GreetingCards] AS [g]
INNER JOIN (
    SELECT [c].[Id], [c].[IsDeleted], [c].[Name], [c].[Slug], [c].[Status]
    FROM [Categories] AS [c]
    WHERE [c].[IsDeleted] = CAST(0 AS bit)
) AS [c0] ON [g].[CategoryId] = [c0].[Id]
WHERE [g].[IsDeleted] = CAST(0 AS bit) AND [g].[Status] = N'Active' AND [g].[IsDeleted] = CAST(0 AS bit) AND [c0].[Status] = N'Active' AND [c0].[IsDeleted] = CAST(0 AS bit)
ORDER BY [g].[CreatedAt] DESC
OFFSET @__p_0 ROWS FETCH NEXT @__p_1 ROWS ONLY
2026-05-06 00:47:55.985 +07:00 [INF] [CQRS] Handled GetCardsQuery successfully
2026-05-06 00:47:56.005 +07:00 [INF] Executed DbCommand (53ms) [Parameters=[], CommandType='"Text"', CommandTimeout='30']
SELECT [c].[Id], [c].[Name], [c].[Slug], [c].[Description], [c].[IconUrl], [c].[Color], (
    SELECT COUNT(*)
    FROM [GreetingCards] AS [g]
    WHERE [g].[IsDeleted] = CAST(0 AS bit) AND [c].[Id] = [g].[CategoryId] AND [g].[Status] = N'Active' AND [g].[IsDeleted] = CAST(0 AS bit))
FROM [Categories] AS [c]
WHERE [c].[IsDeleted] = CAST(0 AS bit) AND [c].[Status] = N'Active' AND [c].[IsDeleted] = CAST(0 AS bit)
ORDER BY [c].[DisplayOrder]
2026-05-06 00:47:56.006 +07:00 [INF] [CQRS] Handled GetCategoriesQuery successfully
2026-05-06 00:47:56.023 +07:00 [INF] HTTP GET /api/categories responded 200 in 214.8382 ms
2026-05-06 00:47:56.023 +07:00 [INF] HTTP GET /api/cards responded 200 in 214.8222 ms
2026-05-06 00:47:57.540 +07:00 [INF] [CQRS] Handling GetDraftsQuery
2026-05-06 00:47:57.556 +07:00 [INF] Executed DbCommand (7ms) [Parameters=[@__CurrentUserId_0='?' (DbType = Guid)], CommandType='"Text"', CommandTimeout='30']
SELECT [c].[Id], [c].[Name], [c].[OccasionDate], [c].[OccasionLabel]
FROM [Contacts] AS [c]
WHERE [c].[IsDeleted] = CAST(0 AS bit) AND [c].[UserId] = @__CurrentUserId_0 AND [c].[OccasionDate] IS NOT NULL
2026-05-06 00:47:57.563 +07:00 [INF] HTTP GET /api/contacts/upcoming responded 200 in 67.5225 ms
2026-05-06 00:47:57.585 +07:00 [INF] Executed DbCommand (36ms) [Parameters=[@__request_UserId_0='?' (DbType = Guid)], CommandType='"Text"', CommandTimeout='30']
SELECT COUNT(*)
FROM [Drafts] AS [d]
WHERE [d].[IsDeleted] = CAST(0 AS bit) AND [d].[UserId] = @__request_UserId_0 AND [d].[IsDeleted] = CAST(0 AS bit)
2026-05-06 00:47:57.598 +07:00 [INF] Executed DbCommand (9ms) [Parameters=[@__request_UserId_0='?' (DbType = Guid), @__p_1='?' (DbType = Int32), @__p_2='?' (DbType = Int32)], CommandType='"Text"', CommandTimeout='30']
SELECT [d0].[Id], [d0].[CardId], [g0].[Name], [g0].[ThumbnailUrl], [d0].[PersonalMessage], [d0].[LastAutoSavedAt]
FROM (
    SELECT [d].[Id], [d].[CardId], [d].[LastAutoSavedAt], [d].[PersonalMessage]
    FROM [Drafts] AS [d]
    WHERE [d].[IsDeleted] = CAST(0 AS bit) AND [d].[UserId] = @__request_UserId_0 AND [d].[IsDeleted] = CAST(0 AS bit)
    ORDER BY [d].[LastAutoSavedAt] DESC
    OFFSET @__p_1 ROWS FETCH NEXT @__p_2 ROWS ONLY
) AS [d0]
INNER JOIN (
    SELECT [g].[Id], [g].[Name], [g].[ThumbnailUrl]
    FROM [GreetingCards] AS [g]
    WHERE [g].[IsDeleted] = CAST(0 AS bit)
) AS [g0] ON [d0].[CardId] = [g0].[Id]
ORDER BY [d0].[LastAutoSavedAt] DESC
2026-05-06 00:47:57.599 +07:00 [INF] [CQRS] Handled GetDraftsQuery successfully
2026-05-06 00:47:57.602 +07:00 [INF] HTTP GET /api/me/drafts responded 200 in 106.4798 ms
2026-05-06 00:47:58.316 +07:00 [INF] [CQRS] Handling GetCategoriesQuery
2026-05-06 00:47:58.316 +07:00 [INF] [CQRS] Handling GetCardsQuery
2026-05-06 00:47:58.324 +07:00 [INF] Executed DbCommand (5ms) [Parameters=[], CommandType='"Text"', CommandTimeout='30']
SELECT COUNT(*)
FROM [GreetingCards] AS [g]
INNER JOIN (
    SELECT [c].[Id], [c].[IsDeleted], [c].[Status]
    FROM [Categories] AS [c]
    WHERE [c].[IsDeleted] = CAST(0 AS bit)
) AS [c0] ON [g].[CategoryId] = [c0].[Id]
WHERE [g].[IsDeleted] = CAST(0 AS bit) AND [g].[Status] = N'Active' AND [g].[IsDeleted] = CAST(0 AS bit) AND [c0].[Status] = N'Active' AND [c0].[IsDeleted] = CAST(0 AS bit)
2026-05-06 00:47:58.325 +07:00 [INF] Executed DbCommand (7ms) [Parameters=[], CommandType='"Text"', CommandTimeout='30']
SELECT [c].[Id], [c].[Name], [c].[Slug], [c].[Description], [c].[IconUrl], [c].[Color], (
    SELECT COUNT(*)
    FROM [GreetingCards] AS [g]
    WHERE [g].[IsDeleted] = CAST(0 AS bit) AND [c].[Id] = [g].[CategoryId] AND [g].[Status] = N'Active' AND [g].[IsDeleted] = CAST(0 AS bit))
FROM [Categories] AS [c]
WHERE [c].[IsDeleted] = CAST(0 AS bit) AND [c].[Status] = N'Active' AND [c].[IsDeleted] = CAST(0 AS bit)
ORDER BY [c].[DisplayOrder]
2026-05-06 00:47:58.325 +07:00 [INF] [CQRS] Handled GetCategoriesQuery successfully
2026-05-06 00:47:58.326 +07:00 [INF] HTTP GET /api/categories responded 200 in 11.8628 ms
2026-05-06 00:47:58.337 +07:00 [INF] Executed DbCommand (10ms) [Parameters=[@__p_0='?' (DbType = Int32), @__p_1='?' (DbType = Int32)], CommandType='"Text"', CommandTimeout='30']
SELECT [g].[Id], [g].[Name], [g].[Slug], [g].[ThumbnailUrl], [g].[Description], [g].[IsFeatured], [g].[IsPremium], [c0].[Name], [c0].[Slug], CAST([g].[Status] AS nvarchar(max))
FROM [GreetingCards] AS [g]
INNER JOIN (
    SELECT [c].[Id], [c].[IsDeleted], [c].[Name], [c].[Slug], [c].[Status]
    FROM [Categories] AS [c]
    WHERE [c].[IsDeleted] = CAST(0 AS bit)
) AS [c0] ON [g].[CategoryId] = [c0].[Id]
WHERE [g].[IsDeleted] = CAST(0 AS bit) AND [g].[Status] = N'Active' AND [g].[IsDeleted] = CAST(0 AS bit) AND [c0].[Status] = N'Active' AND [c0].[IsDeleted] = CAST(0 AS bit)
ORDER BY [g].[CreatedAt] DESC
OFFSET @__p_0 ROWS FETCH NEXT @__p_1 ROWS ONLY
2026-05-06 00:47:58.337 +07:00 [INF] [CQRS] Handled GetCardsQuery successfully
2026-05-06 00:47:58.340 +07:00 [INF] HTTP GET /api/cards responded 200 in 24.9753 ms
2026-05-06 00:48:00.288 +07:00 [INF] [CQRS] Handling GetCardByIdQuery
2026-05-06 00:48:00.288 +07:00 [INF] [CQRS] Handling GetCurrentSubscriptionQuery
2026-05-06 00:48:00.300 +07:00 [INF] Executed DbCommand (4ms) [Parameters=[@__request_CardId_0='?' (DbType = Guid)], CommandType='"Text"', CommandTimeout='30']
SELECT TOP(1) [g].[Id], [g].[Name], [g].[Slug], [g].[ThumbnailUrl], [g].[FileUrl], [g].[Description], [g].[Tags], [g].[CustomJsonContent], [g].[IsFeatured], [g].[IsPremium], [c0].[Name], [c0].[Slug]
FROM [GreetingCards] AS [g]
INNER JOIN (
    SELECT [c].[Id], [c].[Name], [c].[Slug]
    FROM [Categories] AS [c]
    WHERE [c].[IsDeleted] = CAST(0 AS bit)
) AS [c0] ON [g].[CategoryId] = [c0].[Id]
WHERE [g].[IsDeleted] = CAST(0 AS bit) AND [g].[Id] = @__request_CardId_0 AND [g].[Status] = N'Active' AND [g].[IsDeleted] = CAST(0 AS bit)
2026-05-06 00:48:00.302 +07:00 [INF] [CQRS] Handled GetCardByIdQuery successfully
2026-05-06 00:48:00.304 +07:00 [INF] HTTP GET /api/cards/7ab2decf-8840-4629-8db1-dc445b6bce9f responded 200 in 21.4911 ms
2026-05-06 00:48:00.310 +07:00 [INF] Executed DbCommand (8ms) [Parameters=[@__request_UserId_0='?' (DbType = Guid)], CommandType='"Text"', CommandTimeout='30']
SELECT TOP(1) [s].[Id], [s].[CreatedAt], [s].[DisabledReason], [s].[ExpiryDate], [s].[PaymentMethod], [s].[StartDate], [s].[Status], [s].[UpdatedAt], [s].[UserId]
FROM [Subscriptions] AS [s]
WHERE [s].[UserId] = @__request_UserId_0
ORDER BY CASE
    WHEN [s].[Status] = N'Active' THEN 4
    WHEN [s].[Status] = N'Pending' THEN 3
    WHEN [s].[Status] = N'Expired' THEN 2
    ELSE 1
END DESC, [s].[CreatedAt] DESC
2026-05-06 00:48:00.311 +07:00 [INF] [CQRS] Handled GetCurrentSubscriptionQuery successfully
2026-05-06 00:48:00.314 +07:00 [INF] HTTP GET /api/subscriptions/current responded 200 in 31.6767 ms
2026-05-06 00:48:07.483 +07:00 [INF] [CQRS] Handling GetCardsQuery
2026-05-06 00:48:07.483 +07:00 [INF] [CQRS] Handling GetCategoriesQuery
2026-05-06 00:48:07.491 +07:00 [INF] Executed DbCommand (4ms) [Parameters=[], CommandType='"Text"', CommandTimeout='30']
SELECT COUNT(*)
FROM [GreetingCards] AS [g]
INNER JOIN (
    SELECT [c].[Id], [c].[IsDeleted], [c].[Status]
    FROM [Categories] AS [c]
    WHERE [c].[IsDeleted] = CAST(0 AS bit)
) AS [c0] ON [g].[CategoryId] = [c0].[Id]
WHERE [g].[IsDeleted] = CAST(0 AS bit) AND [g].[Status] = N'Active' AND [g].[IsDeleted] = CAST(0 AS bit) AND [c0].[Status] = N'Active' AND [c0].[IsDeleted] = CAST(0 AS bit)
2026-05-06 00:48:07.494 +07:00 [INF] Executed DbCommand (6ms) [Parameters=[], CommandType='"Text"', CommandTimeout='30']
SELECT [c].[Id], [c].[Name], [c].[Slug], [c].[Description], [c].[IconUrl], [c].[Color], (
    SELECT COUNT(*)
    FROM [GreetingCards] AS [g]
    WHERE [g].[IsDeleted] = CAST(0 AS bit) AND [c].[Id] = [g].[CategoryId] AND [g].[Status] = N'Active' AND [g].[IsDeleted] = CAST(0 AS bit))
FROM [Categories] AS [c]
WHERE [c].[IsDeleted] = CAST(0 AS bit) AND [c].[Status] = N'Active' AND [c].[IsDeleted] = CAST(0 AS bit)
ORDER BY [c].[DisplayOrder]
2026-05-06 00:48:07.494 +07:00 [INF] [CQRS] Handled GetCategoriesQuery successfully
2026-05-06 00:48:07.494 +07:00 [INF] HTTP GET /api/categories responded 200 in 12.3695 ms
2026-05-06 00:48:07.496 +07:00 [INF] Executed DbCommand (5ms) [Parameters=[@__p_0='?' (DbType = Int32), @__p_1='?' (DbType = Int32)], CommandType='"Text"', CommandTimeout='30']
SELECT [g].[Id], [g].[Name], [g].[Slug], [g].[ThumbnailUrl], [g].[Description], [g].[IsFeatured], [g].[IsPremium], [c0].[Name], [c0].[Slug], CAST([g].[Status] AS nvarchar(max))
FROM [GreetingCards] AS [g]
INNER JOIN (
    SELECT [c].[Id], [c].[IsDeleted], [c].[Name], [c].[Slug], [c].[Status]
    FROM [Categories] AS [c]
    WHERE [c].[IsDeleted] = CAST(0 AS bit)
) AS [c0] ON [g].[CategoryId] = [c0].[Id]
WHERE [g].[IsDeleted] = CAST(0 AS bit) AND [g].[Status] = N'Active' AND [g].[IsDeleted] = CAST(0 AS bit) AND [c0].[Status] = N'Active' AND [c0].[IsDeleted] = CAST(0 AS bit)
ORDER BY [g].[CreatedAt] DESC
OFFSET @__p_0 ROWS FETCH NEXT @__p_1 ROWS ONLY
2026-05-06 00:48:07.497 +07:00 [INF] [CQRS] Handled GetCardsQuery successfully
2026-05-06 00:48:07.497 +07:00 [INF] HTTP GET /api/cards responded 200 in 14.7607 ms
2026-05-06 00:48:09.647 +07:00 [INF] [CQRS] Handling GetCardByIdQuery
2026-05-06 00:48:09.651 +07:00 [INF] [CQRS] Handling GetCurrentSubscriptionQuery
2026-05-06 00:48:09.657 +07:00 [INF] Executed DbCommand (7ms) [Parameters=[@__request_CardId_0='?' (DbType = Guid)], CommandType='"Text"', CommandTimeout='30']
SELECT TOP(1) [g].[Id], [g].[Name], [g].[Slug], [g].[ThumbnailUrl], [g].[FileUrl], [g].[Description], [g].[Tags], [g].[CustomJsonContent], [g].[IsFeatured], [g].[IsPremium], [c0].[Name], [c0].[Slug]
FROM [GreetingCards] AS [g]
INNER JOIN (
    SELECT [c].[Id], [c].[Name], [c].[Slug]
    FROM [Categories] AS [c]
    WHERE [c].[IsDeleted] = CAST(0 AS bit)
) AS [c0] ON [g].[CategoryId] = [c0].[Id]
WHERE [g].[IsDeleted] = CAST(0 AS bit) AND [g].[Id] = @__request_CardId_0 AND [g].[Status] = N'Active' AND [g].[IsDeleted] = CAST(0 AS bit)
2026-05-06 00:48:09.657 +07:00 [INF] Executed DbCommand (4ms) [Parameters=[@__request_UserId_0='?' (DbType = Guid)], CommandType='"Text"', CommandTimeout='30']
SELECT TOP(1) [s].[Id], [s].[CreatedAt], [s].[DisabledReason], [s].[ExpiryDate], [s].[PaymentMethod], [s].[StartDate], [s].[Status], [s].[UpdatedAt], [s].[UserId]
FROM [Subscriptions] AS [s]
WHERE [s].[UserId] = @__request_UserId_0
ORDER BY CASE
    WHEN [s].[Status] = N'Active' THEN 4
    WHEN [s].[Status] = N'Pending' THEN 3
    WHEN [s].[Status] = N'Expired' THEN 2
    ELSE 1
END DESC, [s].[CreatedAt] DESC
2026-05-06 00:48:09.657 +07:00 [INF] [CQRS] Handled GetCardByIdQuery successfully
2026-05-06 00:48:09.657 +07:00 [INF] [CQRS] Handled GetCurrentSubscriptionQuery successfully
2026-05-06 00:48:09.657 +07:00 [INF] HTTP GET /api/subscriptions/current responded 200 in 8.3553 ms
2026-05-06 00:48:09.657 +07:00 [INF] HTTP GET /api/cards/0d701f9b-e233-41c6-801a-869f59d71713 responded 200 in 10.6367 ms
2026-05-06 00:48:11.173 +07:00 [INF] [CQRS] Handling GetCardByIdQuery
2026-05-06 00:48:11.174 +07:00 [INF] [CQRS] Handling GetCurrentSubscriptionQuery
2026-05-06 00:48:11.178 +07:00 [INF] Executed DbCommand (4ms) [Parameters=[@__request_CardId_0='?' (DbType = Guid)], CommandType='"Text"', CommandTimeout='30']
SELECT TOP(1) [g].[Id], [g].[Name], [g].[Slug], [g].[ThumbnailUrl], [g].[FileUrl], [g].[Description], [g].[Tags], [g].[CustomJsonContent], [g].[IsFeatured], [g].[IsPremium], [c0].[Name], [c0].[Slug]
FROM [GreetingCards] AS [g]
INNER JOIN (
    SELECT [c].[Id], [c].[Name], [c].[Slug]
    FROM [Categories] AS [c]
    WHERE [c].[IsDeleted] = CAST(0 AS bit)
) AS [c0] ON [g].[CategoryId] = [c0].[Id]
WHERE [g].[IsDeleted] = CAST(0 AS bit) AND [g].[Id] = @__request_CardId_0 AND [g].[Status] = N'Active' AND [g].[IsDeleted] = CAST(0 AS bit)
2026-05-06 00:48:11.179 +07:00 [INF] [CQRS] Handled GetCardByIdQuery successfully
2026-05-06 00:48:11.179 +07:00 [INF] HTTP GET /api/cards/0d701f9b-e233-41c6-801a-869f59d71713 responded 200 in 6.8428 ms
2026-05-06 00:48:11.179 +07:00 [INF] Executed DbCommand (5ms) [Parameters=[@__request_UserId_0='?' (DbType = Guid)], CommandType='"Text"', CommandTimeout='30']
SELECT TOP(1) [s].[Id], [s].[CreatedAt], [s].[DisabledReason], [s].[ExpiryDate], [s].[PaymentMethod], [s].[StartDate], [s].[Status], [s].[UpdatedAt], [s].[UserId]
FROM [Subscriptions] AS [s]
WHERE [s].[UserId] = @__request_UserId_0
ORDER BY CASE
    WHEN [s].[Status] = N'Active' THEN 4
    WHEN [s].[Status] = N'Pending' THEN 3
    WHEN [s].[Status] = N'Expired' THEN 2
    ELSE 1
END DESC, [s].[CreatedAt] DESC
2026-05-06 00:48:11.179 +07:00 [INF] [CQRS] Handled GetCurrentSubscriptionQuery successfully
2026-05-06 00:48:11.179 +07:00 [INF] HTTP GET /api/subscriptions/current responded 200 in 7.3635 ms
2026-05-06 00:48:13.180 +07:00 [INF] [CQRS] Handling GetCardByIdQuery
2026-05-06 00:48:13.180 +07:00 [INF] [CQRS] Handling GetCurrentSubscriptionQuery
2026-05-06 00:48:13.199 +07:00 [INF] Executed DbCommand (18ms) [Parameters=[@__request_UserId_0='?' (DbType = Guid)], CommandType='"Text"', CommandTimeout='30']
SELECT TOP(1) [s].[Id], [s].[CreatedAt], [s].[DisabledReason], [s].[ExpiryDate], [s].[PaymentMethod], [s].[StartDate], [s].[Status], [s].[UpdatedAt], [s].[UserId]
FROM [Subscriptions] AS [s]
WHERE [s].[UserId] = @__request_UserId_0
ORDER BY CASE
    WHEN [s].[Status] = N'Active' THEN 4
    WHEN [s].[Status] = N'Pending' THEN 3
    WHEN [s].[Status] = N'Expired' THEN 2
    ELSE 1
END DESC, [s].[CreatedAt] DESC
2026-05-06 00:48:13.200 +07:00 [INF] [CQRS] Handled GetCurrentSubscriptionQuery successfully
2026-05-06 00:48:13.202 +07:00 [INF] Executed DbCommand (21ms) [Parameters=[@__request_CardId_0='?' (DbType = Guid)], CommandType='"Text"', CommandTimeout='30']
SELECT TOP(1) [g].[Id], [g].[Name], [g].[Slug], [g].[ThumbnailUrl], [g].[FileUrl], [g].[Description], [g].[Tags], [g].[CustomJsonContent], [g].[IsFeatured], [g].[IsPremium], [c0].[Name], [c0].[Slug]
FROM [GreetingCards] AS [g]
INNER JOIN (
    SELECT [c].[Id], [c].[Name], [c].[Slug]
    FROM [Categories] AS [c]
    WHERE [c].[IsDeleted] = CAST(0 AS bit)
) AS [c0] ON [g].[CategoryId] = [c0].[Id]
WHERE [g].[IsDeleted] = CAST(0 AS bit) AND [g].[Id] = @__request_CardId_0 AND [g].[Status] = N'Active' AND [g].[IsDeleted] = CAST(0 AS bit)
2026-05-06 00:48:13.203 +07:00 [INF] HTTP GET /api/subscriptions/current responded 200 in 23.3873 ms
2026-05-06 00:48:13.204 +07:00 [INF] [CQRS] Handled GetCardByIdQuery successfully
2026-05-06 00:48:13.204 +07:00 [INF] HTTP GET /api/cards/0d701f9b-e233-41c6-801a-869f59d71713 responded 200 in 24.8485 ms
2026-05-06 00:48:13.904 +07:00 [INF] [CQRS] Handling GetCardsQuery
2026-05-06 00:48:13.904 +07:00 [INF] [CQRS] Handling GetCategoriesQuery
2026-05-06 00:48:13.911 +07:00 [INF] Executed DbCommand (7ms) [Parameters=[], CommandType='"Text"', CommandTimeout='30']
SELECT COUNT(*)
FROM [GreetingCards] AS [g]
INNER JOIN (
    SELECT [c].[Id], [c].[IsDeleted], [c].[Status]
    FROM [Categories] AS [c]
    WHERE [c].[IsDeleted] = CAST(0 AS bit)
) AS [c0] ON [g].[CategoryId] = [c0].[Id]
WHERE [g].[IsDeleted] = CAST(0 AS bit) AND [g].[Status] = N'Active' AND [g].[IsDeleted] = CAST(0 AS bit) AND [c0].[Status] = N'Active' AND [c0].[IsDeleted] = CAST(0 AS bit)
2026-05-06 00:48:13.913 +07:00 [INF] Executed DbCommand (8ms) [Parameters=[], CommandType='"Text"', CommandTimeout='30']
SELECT [c].[Id], [c].[Name], [c].[Slug], [c].[Description], [c].[IconUrl], [c].[Color], (
    SELECT COUNT(*)
    FROM [GreetingCards] AS [g]
    WHERE [g].[IsDeleted] = CAST(0 AS bit) AND [c].[Id] = [g].[CategoryId] AND [g].[Status] = N'Active' AND [g].[IsDeleted] = CAST(0 AS bit))
FROM [Categories] AS [c]
WHERE [c].[IsDeleted] = CAST(0 AS bit) AND [c].[Status] = N'Active' AND [c].[IsDeleted] = CAST(0 AS bit)
ORDER BY [c].[DisplayOrder]
2026-05-06 00:48:13.913 +07:00 [INF] [CQRS] Handled GetCategoriesQuery successfully
2026-05-06 00:48:13.913 +07:00 [INF] HTTP GET /api/categories responded 200 in 9.8675 ms
2026-05-06 00:48:13.922 +07:00 [INF] Executed DbCommand (10ms) [Parameters=[@__p_0='?' (DbType = Int32), @__p_1='?' (DbType = Int32)], CommandType='"Text"', CommandTimeout='30']
SELECT [g].[Id], [g].[Name], [g].[Slug], [g].[ThumbnailUrl], [g].[Description], [g].[IsFeatured], [g].[IsPremium], [c0].[Name], [c0].[Slug], CAST([g].[Status] AS nvarchar(max))
FROM [GreetingCards] AS [g]
INNER JOIN (
    SELECT [c].[Id], [c].[IsDeleted], [c].[Name], [c].[Slug], [c].[Status]
    FROM [Categories] AS [c]
    WHERE [c].[IsDeleted] = CAST(0 AS bit)
) AS [c0] ON [g].[CategoryId] = [c0].[Id]
WHERE [g].[IsDeleted] = CAST(0 AS bit) AND [g].[Status] = N'Active' AND [g].[IsDeleted] = CAST(0 AS bit) AND [c0].[Status] = N'Active' AND [c0].[IsDeleted] = CAST(0 AS bit)
ORDER BY [g].[CreatedAt] DESC
OFFSET @__p_0 ROWS FETCH NEXT @__p_1 ROWS ONLY
2026-05-06 00:48:13.925 +07:00 [INF] [CQRS] Handled GetCardsQuery successfully
2026-05-06 00:48:13.926 +07:00 [INF] HTTP GET /api/cards responded 200 in 22.6847 ms
2026-05-06 00:48:21.089 +07:00 [INF] [CQRS] Handling GetCurrentSubscriptionQuery
2026-05-06 00:48:21.097 +07:00 [INF] Executed DbCommand (7ms) [Parameters=[@__request_UserId_0='?' (DbType = Guid)], CommandType='"Text"', CommandTimeout='30']
SELECT TOP(1) [s].[Id], [s].[CreatedAt], [s].[DisabledReason], [s].[ExpiryDate], [s].[PaymentMethod], [s].[StartDate], [s].[Status], [s].[UpdatedAt], [s].[UserId]
FROM [Subscriptions] AS [s]
WHERE [s].[UserId] = @__request_UserId_0
ORDER BY CASE
    WHEN [s].[Status] = N'Active' THEN 4
    WHEN [s].[Status] = N'Pending' THEN 3
    WHEN [s].[Status] = N'Expired' THEN 2
    ELSE 1
END DESC, [s].[CreatedAt] DESC
2026-05-06 00:48:21.098 +07:00 [INF] [CQRS] Handled GetCurrentSubscriptionQuery successfully
2026-05-06 00:48:21.098 +07:00 [INF] HTTP GET /api/subscriptions/current responded 200 in 9.9386 ms
2026-05-06 00:48:54.558 +07:00 [INF] [CQRS] Handling GetCurrentSubscriptionQuery
2026-05-06 00:48:54.569 +07:00 [INF] Executed DbCommand (6ms) [Parameters=[@__request_UserId_0='?' (DbType = Guid)], CommandType='"Text"', CommandTimeout='30']
SELECT TOP(1) [s].[Id], [s].[CreatedAt], [s].[DisabledReason], [s].[ExpiryDate], [s].[PaymentMethod], [s].[StartDate], [s].[Status], [s].[UpdatedAt], [s].[UserId]
FROM [Subscriptions] AS [s]
WHERE [s].[UserId] = @__request_UserId_0
ORDER BY CASE
    WHEN [s].[Status] = N'Active' THEN 4
    WHEN [s].[Status] = N'Pending' THEN 3
    WHEN [s].[Status] = N'Expired' THEN 2
    ELSE 1
END DESC, [s].[CreatedAt] DESC
2026-05-06 00:48:54.569 +07:00 [INF] [CQRS] Handled GetCurrentSubscriptionQuery successfully
2026-05-06 00:48:54.572 +07:00 [INF] HTTP GET /api/subscriptions/current responded 200 in 17.4695 ms
2026-05-06 00:48:58.635 +07:00 [INF] HTTP GET /api/greetings/history responded 404 in 1.0636 ms
2026-05-06 00:48:59.724 +07:00 [INF] [CQRS] Handling GetCurrentSubscriptionQuery
2026-05-06 00:48:59.728 +07:00 [INF] Executed DbCommand (3ms) [Parameters=[@__request_UserId_0='?' (DbType = Guid)], CommandType='"Text"', CommandTimeout='30']
SELECT TOP(1) [s].[Id], [s].[CreatedAt], [s].[DisabledReason], [s].[ExpiryDate], [s].[PaymentMethod], [s].[StartDate], [s].[Status], [s].[UpdatedAt], [s].[UserId]
FROM [Subscriptions] AS [s]
WHERE [s].[UserId] = @__request_UserId_0
ORDER BY CASE
    WHEN [s].[Status] = N'Active' THEN 4
    WHEN [s].[Status] = N'Pending' THEN 3
    WHEN [s].[Status] = N'Expired' THEN 2
    ELSE 1
END DESC, [s].[CreatedAt] DESC
2026-05-06 00:48:59.728 +07:00 [INF] [CQRS] Handled GetCurrentSubscriptionQuery successfully
2026-05-06 00:48:59.728 +07:00 [INF] HTTP GET /api/subscriptions/current responded 200 in 4.2698 ms
2026-05-06 00:49:00.642 +07:00 [INF] [CQRS] Handling GetDraftsQuery
2026-05-06 00:49:00.651 +07:00 [INF] Executed DbCommand (8ms) [Parameters=[@__request_UserId_0='?' (DbType = Guid)], CommandType='"Text"', CommandTimeout='30']
SELECT COUNT(*)
FROM [Drafts] AS [d]
WHERE [d].[IsDeleted] = CAST(0 AS bit) AND [d].[UserId] = @__request_UserId_0 AND [d].[IsDeleted] = CAST(0 AS bit)
2026-05-06 00:49:00.652 +07:00 [INF] Executed DbCommand (8ms) [Parameters=[@__CurrentUserId_0='?' (DbType = Guid)], CommandType='"Text"', CommandTimeout='30']
SELECT [c].[Id], [c].[Name], [c].[OccasionDate], [c].[OccasionLabel]
FROM [Contacts] AS [c]
WHERE [c].[IsDeleted] = CAST(0 AS bit) AND [c].[UserId] = @__CurrentUserId_0 AND [c].[OccasionDate] IS NOT NULL
2026-05-06 00:49:00.652 +07:00 [INF] HTTP GET /api/contacts/upcoming responded 200 in 9.7904 ms
2026-05-06 00:49:00.655 +07:00 [INF] Executed DbCommand (3ms) [Parameters=[@__request_UserId_0='?' (DbType = Guid), @__p_1='?' (DbType = Int32), @__p_2='?' (DbType = Int32)], CommandType='"Text"', CommandTimeout='30']
SELECT [d0].[Id], [d0].[CardId], [g0].[Name], [g0].[ThumbnailUrl], [d0].[PersonalMessage], [d0].[LastAutoSavedAt]
FROM (
    SELECT [d].[Id], [d].[CardId], [d].[LastAutoSavedAt], [d].[PersonalMessage]
    FROM [Drafts] AS [d]
    WHERE [d].[IsDeleted] = CAST(0 AS bit) AND [d].[UserId] = @__request_UserId_0 AND [d].[IsDeleted] = CAST(0 AS bit)
    ORDER BY [d].[LastAutoSavedAt] DESC
    OFFSET @__p_1 ROWS FETCH NEXT @__p_2 ROWS ONLY
) AS [d0]
INNER JOIN (
    SELECT [g].[Id], [g].[Name], [g].[ThumbnailUrl]
    FROM [GreetingCards] AS [g]
    WHERE [g].[IsDeleted] = CAST(0 AS bit)
) AS [g0] ON [d0].[CardId] = [g0].[Id]
ORDER BY [d0].[LastAutoSavedAt] DESC
2026-05-06 00:49:00.655 +07:00 [INF] [CQRS] Handled GetDraftsQuery successfully
2026-05-06 00:49:00.655 +07:00 [INF] HTTP GET /api/me/drafts responded 200 in 14.4136 ms
2026-05-06 00:49:03.454 +07:00 [INF] [CQRS] Handling GetCategoriesQuery
2026-05-06 00:49:03.454 +07:00 [INF] [CQRS] Handling GetCardsQuery
2026-05-06 00:49:03.466 +07:00 [INF] Executed DbCommand (10ms) [Parameters=[], CommandType='"Text"', CommandTimeout='30']
SELECT COUNT(*)
FROM [GreetingCards] AS [g]
INNER JOIN (
    SELECT [c].[Id], [c].[IsDeleted], [c].[Status]
    FROM [Categories] AS [c]
    WHERE [c].[IsDeleted] = CAST(0 AS bit)
) AS [c0] ON [g].[CategoryId] = [c0].[Id]
WHERE [g].[IsDeleted] = CAST(0 AS bit) AND [g].[Status] = N'Active' AND [g].[IsDeleted] = CAST(0 AS bit) AND [c0].[Status] = N'Active' AND [c0].[IsDeleted] = CAST(0 AS bit)
2026-05-06 00:49:03.469 +07:00 [INF] Executed DbCommand (14ms) [Parameters=[], CommandType='"Text"', CommandTimeout='30']
SELECT [c].[Id], [c].[Name], [c].[Slug], [c].[Description], [c].[IconUrl], [c].[Color], (
    SELECT COUNT(*)
    FROM [GreetingCards] AS [g]
    WHERE [g].[IsDeleted] = CAST(0 AS bit) AND [c].[Id] = [g].[CategoryId] AND [g].[Status] = N'Active' AND [g].[IsDeleted] = CAST(0 AS bit))
FROM [Categories] AS [c]
WHERE [c].[IsDeleted] = CAST(0 AS bit) AND [c].[Status] = N'Active' AND [c].[IsDeleted] = CAST(0 AS bit)
ORDER BY [c].[DisplayOrder]
2026-05-06 00:49:03.470 +07:00 [INF] [CQRS] Handled GetCategoriesQuery successfully
2026-05-06 00:49:03.473 +07:00 [INF] HTTP GET /api/categories responded 200 in 19.3727 ms
2026-05-06 00:49:03.480 +07:00 [INF] Executed DbCommand (10ms) [Parameters=[@__p_0='?' (DbType = Int32), @__p_1='?' (DbType = Int32)], CommandType='"Text"', CommandTimeout='30']
SELECT [g].[Id], [g].[Name], [g].[Slug], [g].[ThumbnailUrl], [g].[Description], [g].[IsFeatured], [g].[IsPremium], [c0].[Name], [c0].[Slug], CAST([g].[Status] AS nvarchar(max))
FROM [GreetingCards] AS [g]
INNER JOIN (
    SELECT [c].[Id], [c].[IsDeleted], [c].[Name], [c].[Slug], [c].[Status]
    FROM [Categories] AS [c]
    WHERE [c].[IsDeleted] = CAST(0 AS bit)
) AS [c0] ON [g].[CategoryId] = [c0].[Id]
WHERE [g].[IsDeleted] = CAST(0 AS bit) AND [g].[Status] = N'Active' AND [g].[IsDeleted] = CAST(0 AS bit) AND [c0].[Status] = N'Active' AND [c0].[IsDeleted] = CAST(0 AS bit)
ORDER BY [g].[CreatedAt] DESC
OFFSET @__p_0 ROWS FETCH NEXT @__p_1 ROWS ONLY
2026-05-06 00:49:03.481 +07:00 [INF] [CQRS] Handled GetCardsQuery successfully
2026-05-06 00:49:03.482 +07:00 [INF] HTTP GET /api/cards responded 200 in 28.7864 ms
2026-05-06 00:49:04.732 +07:00 [INF] [CQRS] Handling GetCurrentSubscriptionQuery
2026-05-06 00:49:04.732 +07:00 [INF] [CQRS] Handling GetCardByIdQuery
2026-05-06 00:49:04.748 +07:00 [INF] Executed DbCommand (15ms) [Parameters=[@__request_UserId_0='?' (DbType = Guid)], CommandType='"Text"', CommandTimeout='30']
SELECT TOP(1) [s].[Id], [s].[CreatedAt], [s].[DisabledReason], [s].[ExpiryDate], [s].[PaymentMethod], [s].[StartDate], [s].[Status], [s].[UpdatedAt], [s].[UserId]
FROM [Subscriptions] AS [s]
WHERE [s].[UserId] = @__request_UserId_0
ORDER BY CASE
    WHEN [s].[Status] = N'Active' THEN 4
    WHEN [s].[Status] = N'Pending' THEN 3
    WHEN [s].[Status] = N'Expired' THEN 2
    ELSE 1
END DESC, [s].[CreatedAt] DESC
2026-05-06 00:49:04.748 +07:00 [INF] [CQRS] Handled GetCurrentSubscriptionQuery successfully
2026-05-06 00:49:04.748 +07:00 [INF] HTTP GET /api/subscriptions/current responded 200 in 17.1241 ms
2026-05-06 00:49:04.749 +07:00 [INF] Executed DbCommand (16ms) [Parameters=[@__request_CardId_0='?' (DbType = Guid)], CommandType='"Text"', CommandTimeout='30']
SELECT TOP(1) [g].[Id], [g].[Name], [g].[Slug], [g].[ThumbnailUrl], [g].[FileUrl], [g].[Description], [g].[Tags], [g].[CustomJsonContent], [g].[IsFeatured], [g].[IsPremium], [c0].[Name], [c0].[Slug]
FROM [GreetingCards] AS [g]
INNER JOIN (
    SELECT [c].[Id], [c].[Name], [c].[Slug]
    FROM [Categories] AS [c]
    WHERE [c].[IsDeleted] = CAST(0 AS bit)
) AS [c0] ON [g].[CategoryId] = [c0].[Id]
WHERE [g].[IsDeleted] = CAST(0 AS bit) AND [g].[Id] = @__request_CardId_0 AND [g].[Status] = N'Active' AND [g].[IsDeleted] = CAST(0 AS bit)
2026-05-06 00:49:04.749 +07:00 [INF] [CQRS] Handled GetCardByIdQuery successfully
2026-05-06 00:49:04.749 +07:00 [INF] HTTP GET /api/cards/7ab2decf-8840-4629-8db1-dc445b6bce9f responded 200 in 17.7323 ms
2026-05-06 00:49:06.264 +07:00 [INF] [CQRS] Handling GetCardsQuery
2026-05-06 00:49:06.264 +07:00 [INF] [CQRS] Handling GetCategoriesQuery
2026-05-06 00:49:06.274 +07:00 [INF] Executed DbCommand (9ms) [Parameters=[], CommandType='"Text"', CommandTimeout='30']
SELECT COUNT(*)
FROM [GreetingCards] AS [g]
INNER JOIN (
    SELECT [c].[Id], [c].[IsDeleted], [c].[Status]
    FROM [Categories] AS [c]
    WHERE [c].[IsDeleted] = CAST(0 AS bit)
) AS [c0] ON [g].[CategoryId] = [c0].[Id]
WHERE [g].[IsDeleted] = CAST(0 AS bit) AND [g].[Status] = N'Active' AND [g].[IsDeleted] = CAST(0 AS bit) AND [c0].[Status] = N'Active' AND [c0].[IsDeleted] = CAST(0 AS bit)
2026-05-06 00:49:06.278 +07:00 [INF] Executed DbCommand (13ms) [Parameters=[], CommandType='"Text"', CommandTimeout='30']
SELECT [c].[Id], [c].[Name], [c].[Slug], [c].[Description], [c].[IconUrl], [c].[Color], (
    SELECT COUNT(*)
    FROM [GreetingCards] AS [g]
    WHERE [g].[IsDeleted] = CAST(0 AS bit) AND [c].[Id] = [g].[CategoryId] AND [g].[Status] = N'Active' AND [g].[IsDeleted] = CAST(0 AS bit))
FROM [Categories] AS [c]
WHERE [c].[IsDeleted] = CAST(0 AS bit) AND [c].[Status] = N'Active' AND [c].[IsDeleted] = CAST(0 AS bit)
ORDER BY [c].[DisplayOrder]
2026-05-06 00:49:06.281 +07:00 [INF] [CQRS] Handled GetCategoriesQuery successfully
2026-05-06 00:49:06.281 +07:00 [INF] HTTP GET /api/categories responded 200 in 17.8435 ms
2026-05-06 00:49:06.286 +07:00 [INF] Executed DbCommand (8ms) [Parameters=[@__p_0='?' (DbType = Int32), @__p_1='?' (DbType = Int32)], CommandType='"Text"', CommandTimeout='30']
SELECT [g].[Id], [g].[Name], [g].[Slug], [g].[ThumbnailUrl], [g].[Description], [g].[IsFeatured], [g].[IsPremium], [c0].[Name], [c0].[Slug], CAST([g].[Status] AS nvarchar(max))
FROM [GreetingCards] AS [g]
INNER JOIN (
    SELECT [c].[Id], [c].[IsDeleted], [c].[Name], [c].[Slug], [c].[Status]
    FROM [Categories] AS [c]
    WHERE [c].[IsDeleted] = CAST(0 AS bit)
) AS [c0] ON [g].[CategoryId] = [c0].[Id]
WHERE [g].[IsDeleted] = CAST(0 AS bit) AND [g].[Status] = N'Active' AND [g].[IsDeleted] = CAST(0 AS bit) AND [c0].[Status] = N'Active' AND [c0].[IsDeleted] = CAST(0 AS bit)
ORDER BY [g].[CreatedAt] DESC
OFFSET @__p_0 ROWS FETCH NEXT @__p_1 ROWS ONLY
2026-05-06 00:49:06.286 +07:00 [INF] [CQRS] Handled GetCardsQuery successfully
2026-05-06 00:49:06.286 +07:00 [INF] HTTP GET /api/cards responded 200 in 22.9388 ms
2026-05-06 00:49:07.707 +07:00 [INF] [CQRS] Handling GetCardByIdQuery
2026-05-06 00:49:07.710 +07:00 [INF] [CQRS] Handling GetCurrentSubscriptionQuery
2026-05-06 00:49:07.717 +07:00 [INF] Executed DbCommand (8ms) [Parameters=[@__request_CardId_0='?' (DbType = Guid)], CommandType='"Text"', CommandTimeout='30']
SELECT TOP(1) [g].[Id], [g].[Name], [g].[Slug], [g].[ThumbnailUrl], [g].[FileUrl], [g].[Description], [g].[Tags], [g].[CustomJsonContent], [g].[IsFeatured], [g].[IsPremium], [c0].[Name], [c0].[Slug]
FROM [GreetingCards] AS [g]
INNER JOIN (
    SELECT [c].[Id], [c].[Name], [c].[Slug]
    FROM [Categories] AS [c]
    WHERE [c].[IsDeleted] = CAST(0 AS bit)
) AS [c0] ON [g].[CategoryId] = [c0].[Id]
WHERE [g].[IsDeleted] = CAST(0 AS bit) AND [g].[Id] = @__request_CardId_0 AND [g].[Status] = N'Active' AND [g].[IsDeleted] = CAST(0 AS bit)
2026-05-06 00:49:07.718 +07:00 [INF] [CQRS] Handled GetCardByIdQuery successfully
2026-05-06 00:49:07.718 +07:00 [INF] HTTP GET /api/cards/4ebb14e9-12f8-458b-bbf8-f293b70710c5 responded 200 in 11.4866 ms
2026-05-06 00:49:07.718 +07:00 [INF] Executed DbCommand (7ms) [Parameters=[@__request_UserId_0='?' (DbType = Guid)], CommandType='"Text"', CommandTimeout='30']
SELECT TOP(1) [s].[Id], [s].[CreatedAt], [s].[DisabledReason], [s].[ExpiryDate], [s].[PaymentMethod], [s].[StartDate], [s].[Status], [s].[UpdatedAt], [s].[UserId]
FROM [Subscriptions] AS [s]
WHERE [s].[UserId] = @__request_UserId_0
ORDER BY CASE
    WHEN [s].[Status] = N'Active' THEN 4
    WHEN [s].[Status] = N'Pending' THEN 3
    WHEN [s].[Status] = N'Expired' THEN 2
    ELSE 1
END DESC, [s].[CreatedAt] DESC
2026-05-06 00:49:07.718 +07:00 [INF] [CQRS] Handled GetCurrentSubscriptionQuery successfully
2026-05-06 00:49:07.718 +07:00 [INF] HTTP GET /api/subscriptions/current responded 200 in 9.1589 ms
2026-05-06 00:49:08.577 +07:00 [INF] [CQRS] Handling GetCardsQuery
2026-05-06 00:49:08.578 +07:00 [INF] [CQRS] Handling GetCategoriesQuery
2026-05-06 00:49:08.587 +07:00 [INF] Executed DbCommand (9ms) [Parameters=[], CommandType='"Text"', CommandTimeout='30']
SELECT [c].[Id], [c].[Name], [c].[Slug], [c].[Description], [c].[IconUrl], [c].[Color], (
    SELECT COUNT(*)
    FROM [GreetingCards] AS [g]
    WHERE [g].[IsDeleted] = CAST(0 AS bit) AND [c].[Id] = [g].[CategoryId] AND [g].[Status] = N'Active' AND [g].[IsDeleted] = CAST(0 AS bit))
FROM [Categories] AS [c]
WHERE [c].[IsDeleted] = CAST(0 AS bit) AND [c].[Status] = N'Active' AND [c].[IsDeleted] = CAST(0 AS bit)
ORDER BY [c].[DisplayOrder]
2026-05-06 00:49:08.588 +07:00 [INF] [CQRS] Handled GetCategoriesQuery successfully
2026-05-06 00:49:08.589 +07:00 [INF] HTTP GET /api/categories responded 200 in 14.6239 ms
2026-05-06 00:49:08.590 +07:00 [INF] Executed DbCommand (11ms) [Parameters=[], CommandType='"Text"', CommandTimeout='30']
SELECT COUNT(*)
FROM [GreetingCards] AS [g]
INNER JOIN (
    SELECT [c].[Id], [c].[IsDeleted], [c].[Status]
    FROM [Categories] AS [c]
    WHERE [c].[IsDeleted] = CAST(0 AS bit)
) AS [c0] ON [g].[CategoryId] = [c0].[Id]
WHERE [g].[IsDeleted] = CAST(0 AS bit) AND [g].[Status] = N'Active' AND [g].[IsDeleted] = CAST(0 AS bit) AND [c0].[Status] = N'Active' AND [c0].[IsDeleted] = CAST(0 AS bit)
2026-05-06 00:49:08.598 +07:00 [INF] Executed DbCommand (5ms) [Parameters=[@__p_0='?' (DbType = Int32), @__p_1='?' (DbType = Int32)], CommandType='"Text"', CommandTimeout='30']
SELECT [g].[Id], [g].[Name], [g].[Slug], [g].[ThumbnailUrl], [g].[Description], [g].[IsFeatured], [g].[IsPremium], [c0].[Name], [c0].[Slug], CAST([g].[Status] AS nvarchar(max))
FROM [GreetingCards] AS [g]
INNER JOIN (
    SELECT [c].[Id], [c].[IsDeleted], [c].[Name], [c].[Slug], [c].[Status]
    FROM [Categories] AS [c]
    WHERE [c].[IsDeleted] = CAST(0 AS bit)
) AS [c0] ON [g].[CategoryId] = [c0].[Id]
WHERE [g].[IsDeleted] = CAST(0 AS bit) AND [g].[Status] = N'Active' AND [g].[IsDeleted] = CAST(0 AS bit) AND [c0].[Status] = N'Active' AND [c0].[IsDeleted] = CAST(0 AS bit)
ORDER BY [g].[CreatedAt] DESC
OFFSET @__p_0 ROWS FETCH NEXT @__p_1 ROWS ONLY
2026-05-06 00:49:08.599 +07:00 [INF] [CQRS] Handled GetCardsQuery successfully
2026-05-06 00:49:08.600 +07:00 [INF] HTTP GET /api/cards responded 200 in 25.0465 ms
2026-05-06 00:49:10.639 +07:00 [INF] [CQRS] Handling GetCategoriesQuery
2026-05-06 00:49:10.639 +07:00 [INF] [CQRS] Handling GetCardsQuery
2026-05-06 00:49:10.645 +07:00 [INF] Executed DbCommand (6ms) [Parameters=[], CommandType='"Text"', CommandTimeout='30']
SELECT [c].[Id], [c].[Name], [c].[Slug], [c].[Description], [c].[IconUrl], [c].[Color], (
    SELECT COUNT(*)
    FROM [GreetingCards] AS [g]
    WHERE [g].[IsDeleted] = CAST(0 AS bit) AND [c].[Id] = [g].[CategoryId] AND [g].[Status] = N'Active' AND [g].[IsDeleted] = CAST(0 AS bit))
FROM [Categories] AS [c]
WHERE [c].[IsDeleted] = CAST(0 AS bit) AND [c].[Status] = N'Active' AND [c].[IsDeleted] = CAST(0 AS bit)
ORDER BY [c].[DisplayOrder]
2026-05-06 00:49:10.646 +07:00 [INF] [CQRS] Handled GetCategoriesQuery successfully
2026-05-06 00:49:10.646 +07:00 [INF] HTTP GET /api/categories responded 200 in 7.6682 ms
2026-05-06 00:49:10.648 +07:00 [INF] Executed DbCommand (8ms) [Parameters=[], CommandType='"Text"', CommandTimeout='30']
SELECT COUNT(*)
FROM [GreetingCards] AS [g]
INNER JOIN (
    SELECT [c].[Id], [c].[IsDeleted], [c].[Status]
    FROM [Categories] AS [c]
    WHERE [c].[IsDeleted] = CAST(0 AS bit)
) AS [c0] ON [g].[CategoryId] = [c0].[Id]
WHERE [g].[IsDeleted] = CAST(0 AS bit) AND [g].[Status] = N'Active' AND [g].[IsDeleted] = CAST(0 AS bit) AND [c0].[Status] = N'Active' AND [c0].[IsDeleted] = CAST(0 AS bit)
2026-05-06 00:49:10.652 +07:00 [INF] Executed DbCommand (3ms) [Parameters=[@__p_0='?' (DbType = Int32), @__p_1='?' (DbType = Int32)], CommandType='"Text"', CommandTimeout='30']
SELECT [g].[Id], [g].[Name], [g].[Slug], [g].[ThumbnailUrl], [g].[Description], [g].[IsFeatured], [g].[IsPremium], [c0].[Name], [c0].[Slug], CAST([g].[Status] AS nvarchar(max))
FROM [GreetingCards] AS [g]
INNER JOIN (
    SELECT [c].[Id], [c].[IsDeleted], [c].[Name], [c].[Slug], [c].[Status]
    FROM [Categories] AS [c]
    WHERE [c].[IsDeleted] = CAST(0 AS bit)
) AS [c0] ON [g].[CategoryId] = [c0].[Id]
WHERE [g].[IsDeleted] = CAST(0 AS bit) AND [g].[Status] = N'Active' AND [g].[IsDeleted] = CAST(0 AS bit) AND [c0].[Status] = N'Active' AND [c0].[IsDeleted] = CAST(0 AS bit)
ORDER BY [g].[CreatedAt] DESC
OFFSET @__p_0 ROWS FETCH NEXT @__p_1 ROWS ONLY
2026-05-06 00:49:10.652 +07:00 [INF] [CQRS] Handled GetCardsQuery successfully
2026-05-06 00:49:10.652 +07:00 [INF] HTTP GET /api/cards responded 200 in 13.5354 ms
2026-05-06 00:49:11.360 +07:00 [INF] [CQRS] Handling GetDraftsQuery
2026-05-06 00:49:11.365 +07:00 [INF] Executed DbCommand (5ms) [Parameters=[@__CurrentUserId_0='?' (DbType = Guid)], CommandType='"Text"', CommandTimeout='30']
SELECT [c].[Id], [c].[Name], [c].[OccasionDate], [c].[OccasionLabel]
FROM [Contacts] AS [c]
WHERE [c].[IsDeleted] = CAST(0 AS bit) AND [c].[UserId] = @__CurrentUserId_0 AND [c].[OccasionDate] IS NOT NULL
2026-05-06 00:49:11.365 +07:00 [INF] HTTP GET /api/contacts/upcoming responded 200 in 6.2285 ms
2026-05-06 00:49:11.368 +07:00 [INF] Executed DbCommand (7ms) [Parameters=[@__request_UserId_0='?' (DbType = Guid)], CommandType='"Text"', CommandTimeout='30']
SELECT COUNT(*)
FROM [Drafts] AS [d]
WHERE [d].[IsDeleted] = CAST(0 AS bit) AND [d].[UserId] = @__request_UserId_0 AND [d].[IsDeleted] = CAST(0 AS bit)
2026-05-06 00:49:11.371 +07:00 [INF] Executed DbCommand (2ms) [Parameters=[@__request_UserId_0='?' (DbType = Guid), @__p_1='?' (DbType = Int32), @__p_2='?' (DbType = Int32)], CommandType='"Text"', CommandTimeout='30']
SELECT [d0].[Id], [d0].[CardId], [g0].[Name], [g0].[ThumbnailUrl], [d0].[PersonalMessage], [d0].[LastAutoSavedAt]
FROM (
    SELECT [d].[Id], [d].[CardId], [d].[LastAutoSavedAt], [d].[PersonalMessage]
    FROM [Drafts] AS [d]
    WHERE [d].[IsDeleted] = CAST(0 AS bit) AND [d].[UserId] = @__request_UserId_0 AND [d].[IsDeleted] = CAST(0 AS bit)
    ORDER BY [d].[LastAutoSavedAt] DESC
    OFFSET @__p_1 ROWS FETCH NEXT @__p_2 ROWS ONLY
) AS [d0]
INNER JOIN (
    SELECT [g].[Id], [g].[Name], [g].[ThumbnailUrl]
    FROM [GreetingCards] AS [g]
    WHERE [g].[IsDeleted] = CAST(0 AS bit)
) AS [g0] ON [d0].[CardId] = [g0].[Id]
ORDER BY [d0].[LastAutoSavedAt] DESC
2026-05-06 00:49:11.371 +07:00 [INF] [CQRS] Handled GetDraftsQuery successfully
2026-05-06 00:49:11.371 +07:00 [INF] HTTP GET /api/me/drafts responded 200 in 12.2310 ms
2026-05-06 00:49:12.389 +07:00 [INF] [CQRS] Handling GetCardsQuery
2026-05-06 00:49:12.389 +07:00 [INF] [CQRS] Handling GetCurrentSubscriptionQuery
2026-05-06 00:49:12.393 +07:00 [INF] Executed DbCommand (4ms) [Parameters=[], CommandType='"Text"', CommandTimeout='30']
SELECT COUNT(*)
FROM [GreetingCards] AS [g]
INNER JOIN (
    SELECT [c].[Id], [c].[IsDeleted], [c].[Status]
    FROM [Categories] AS [c]
    WHERE [c].[IsDeleted] = CAST(0 AS bit)
) AS [c0] ON [g].[CategoryId] = [c0].[Id]
WHERE [g].[IsDeleted] = CAST(0 AS bit) AND [g].[Status] = N'Active' AND [g].[IsDeleted] = CAST(0 AS bit) AND [c0].[Status] = N'Active' AND [c0].[IsDeleted] = CAST(0 AS bit)
2026-05-06 00:49:12.394 +07:00 [INF] Executed DbCommand (4ms) [Parameters=[@__request_UserId_0='?' (DbType = Guid)], CommandType='"Text"', CommandTimeout='30']
SELECT TOP(1) [s].[Id], [s].[CreatedAt], [s].[DisabledReason], [s].[ExpiryDate], [s].[PaymentMethod], [s].[StartDate], [s].[Status], [s].[UpdatedAt], [s].[UserId]
FROM [Subscriptions] AS [s]
WHERE [s].[UserId] = @__request_UserId_0
ORDER BY CASE
    WHEN [s].[Status] = N'Active' THEN 4
    WHEN [s].[Status] = N'Pending' THEN 3
    WHEN [s].[Status] = N'Expired' THEN 2
    ELSE 1
END DESC, [s].[CreatedAt] DESC
2026-05-06 00:49:12.394 +07:00 [INF] [CQRS] Handled GetCurrentSubscriptionQuery successfully
2026-05-06 00:49:12.394 +07:00 [INF] HTTP GET /api/subscriptions/current responded 200 in 5.4320 ms
2026-05-06 00:49:12.396 +07:00 [INF] Executed DbCommand (2ms) [Parameters=[@__p_0='?' (DbType = Int32), @__p_1='?' (DbType = Int32)], CommandType='"Text"', CommandTimeout='30']
SELECT [g].[Id], [g].[Name], [g].[Slug], [g].[ThumbnailUrl], [g].[Description], [g].[IsFeatured], [g].[IsPremium], [c0].[Name], [c0].[Slug], CAST([g].[Status] AS nvarchar(max))
FROM [GreetingCards] AS [g]
INNER JOIN (
    SELECT [c].[Id], [c].[IsDeleted], [c].[Name], [c].[Slug], [c].[Status]
    FROM [Categories] AS [c]
    WHERE [c].[IsDeleted] = CAST(0 AS bit)
) AS [c0] ON [g].[CategoryId] = [c0].[Id]
WHERE [g].[IsDeleted] = CAST(0 AS bit) AND [g].[Status] = N'Active' AND [g].[IsDeleted] = CAST(0 AS bit) AND [c0].[Status] = N'Active' AND [c0].[IsDeleted] = CAST(0 AS bit)
ORDER BY [g].[CreatedAt] DESC
OFFSET @__p_0 ROWS FETCH NEXT @__p_1 ROWS ONLY
2026-05-06 00:49:12.396 +07:00 [INF] [CQRS] Handled GetCardsQuery successfully
2026-05-06 00:49:12.396 +07:00 [INF] HTTP GET /api/cards responded 200 in 7.6627 ms
2026-05-06 00:49:43.428 +07:00 [INF] Executed DbCommand (20ms) [Parameters=[@__CurrentUserId_0='?' (DbType = Guid)], CommandType='"Text"', CommandTimeout='30']
SELECT [c].[Id], [c].[Name], [c].[Email], CAST([c].[Group] AS nvarchar(max)) AS [Group], [c].[OccasionDate], [c].[OccasionLabel]
FROM [Contacts] AS [c]
WHERE [c].[IsDeleted] = CAST(0 AS bit) AND [c].[UserId] = @__CurrentUserId_0
ORDER BY [c].[Name]
2026-05-06 00:49:43.434 +07:00 [INF] HTTP GET /api/contacts responded 200 in 50.0396 ms
2026-05-06 00:49:48.160 +07:00 [INF] [CQRS] Handling SendGreetingCardCommand
2026-05-06 00:49:48.182 +07:00 [INF] Executed DbCommand (9ms) [Parameters=[@__request_SenderId_0='?' (DbType = Guid)], CommandType='"Text"', CommandTimeout='30']
SELECT CASE
    WHEN EXISTS (
        SELECT 1
        FROM [Subscriptions] AS [s]
        WHERE [s].[UserId] = @__request_SenderId_0 AND [s].[Status] = N'Active') THEN CAST(1 AS bit)
    ELSE CAST(0 AS bit)
END
2026-05-06 00:49:48.193 +07:00 [INF] Executed DbCommand (6ms) [Parameters=[@__8__locals1_request_SenderId_0='?' (DbType = Guid), @__today_1='?' (DbType = DateTime2), @__AddDays_2='?' (DbType = DateTime2)], CommandType='"Text"', CommandTimeout='30']
SELECT COUNT(*)
FROM [GreetingTransactions] AS [g]
WHERE [g].[SenderId] = @__8__locals1_request_SenderId_0 AND [g].[SubscriptionId] IS NULL AND [g].[CreatedAt] >= @__today_1 AND [g].[CreatedAt] < @__AddDays_2
2026-05-06 00:49:48.203 +07:00 [INF] Executed DbCommand (5ms) [Parameters=[@__request_CardId_0='?' (DbType = Guid)], CommandType='"Text"', CommandTimeout='30']
SELECT TOP(1) [g].[Id], [g].[CategoryId], [g].[CreatedAt], [g].[CustomJsonContent], [g].[DeletedAt], [g].[Description], [g].[FileUrl], [g].[IsDeleted], [g].[IsFeatured], [g].[IsPremium], [g].[Name], [g].[Slug], [g].[Status], [g].[Tags], [g].[ThumbnailUrl], [g].[UpdatedAt]
FROM [GreetingCards] AS [g]
WHERE [g].[IsDeleted] = CAST(0 AS bit) AND [g].[Id] = @__request_CardId_0 AND [g].[Status] = N'Active' AND [g].[IsDeleted] = CAST(0 AS bit)
2026-05-06 00:49:48.353 +07:00 [ERR] Failed executing DbCommand (26ms) [Parameters=[@p0='?' (DbType = Guid), @p1='?' (DbType = Guid), @p2='?' (DbType = DateTime2), @p3='?' (Size = 500), @p4='?' (Size = 256) (DbType = AnsiString), @p5='?' (DbType = Int32), @p6='?' (DbType = DateTime2), @p7='?' (DbType = Guid), @p8='?' (DbType = DateTime2), @p9='?' (Size = 20), @p10='?' (Size = 300), @p11='?' (DbType = Guid)], CommandType='"Text"', CommandTimeout='30']
SET IMPLICIT_TRANSACTIONS OFF;
SET NOCOUNT ON;
INSERT INTO [GreetingTransactions] ([Id], [CardId], [CreatedAt], [PersonalMessage], [RecipientEmail], [RetryCount], [ScheduledSendAt], [SenderId], [SentAt], [Status], [Subject], [SubscriptionId])
VALUES (@p0, @p1, @p2, @p3, @p4, @p5, @p6, @p7, @p8, @p9, @p10, @p11);
2026-05-06 00:49:48.363 +07:00 [ERR] An exception occurred in the database while saving changes for context type 'EGreetings.Infrastructure.Persistence.AppDbContext'.
Microsoft.EntityFrameworkCore.DbUpdateException: An error occurred while saving the entity changes. See the inner exception for details.
 ---> Microsoft.Data.SqlClient.SqlException (0x80131904): The INSERT statement conflicted with the FOREIGN KEY constraint "FK_GreetingTransactions_Users_SenderId". The conflict occurred in database "EGreetingsDb_Dev", table "dbo.Users", column 'Id'.
The statement has been terminated.
   at System.Threading.Tasks.ContinuationResultTaskFromResultTask`2.InnerInvoke()
   at System.Threading.ExecutionContext.RunInternal(ExecutionContext executionContext, ContextCallback callback, Object state)
--- End of stack trace from previous location ---
   at System.Threading.ExecutionContext.RunInternal(ExecutionContext executionContext, ContextCallback callback, Object state)
   at System.Threading.Tasks.Task.ExecuteWithThreadLocal(Task& currentTaskSlot, Thread threadPoolThread)
--- End of stack trace from previous location ---
   at Microsoft.EntityFrameworkCore.Storage.RelationalCommand.ExecuteReaderAsync(RelationalCommandParameterObject parameterObject, CancellationToken cancellationToken)
   at Microsoft.EntityFrameworkCore.Storage.RelationalCommand.ExecuteReaderAsync(RelationalCommandParameterObject parameterObject, CancellationToken cancellationToken)
   at Microsoft.EntityFrameworkCore.Update.ReaderModificationCommandBatch.ExecuteAsync(IRelationalConnection connection, CancellationToken cancellationToken)
ClientConnectionId:466e309e-eedd-4e68-bb99-9af3f6bca74c
Error Number:547,State:0,Class:16
   --- End of inner exception stack trace ---
   at Microsoft.EntityFrameworkCore.Update.ReaderModificationCommandBatch.ExecuteAsync(IRelationalConnection connection, CancellationToken cancellationToken)
   at Microsoft.EntityFrameworkCore.SqlServer.Update.Internal.SqlServerModificationCommandBatch.ExecuteAsync(IRelationalConnection connection, CancellationToken cancellationToken)
   at Microsoft.EntityFrameworkCore.Update.Internal.BatchExecutor.ExecuteAsync(IEnumerable`1 commandBatches, IRelationalConnection connection, CancellationToken cancellationToken)
   at Microsoft.EntityFrameworkCore.Update.Internal.BatchExecutor.ExecuteAsync(IEnumerable`1 commandBatches, IRelationalConnection connection, CancellationToken cancellationToken)
   at Microsoft.EntityFrameworkCore.Update.Internal.BatchExecutor.ExecuteAsync(IEnumerable`1 commandBatches, IRelationalConnection connection, CancellationToken cancellationToken)
   at Microsoft.EntityFrameworkCore.Storage.RelationalDatabase.SaveChangesAsync(IList`1 entries, CancellationToken cancellationToken)
   at Microsoft.EntityFrameworkCore.ChangeTracking.Internal.StateManager.SaveChangesAsync(IList`1 entriesToSave, CancellationToken cancellationToken)
   at Microsoft.EntityFrameworkCore.ChangeTracking.Internal.StateManager.SaveChangesAsync(StateManager stateManager, Boolean acceptAllChangesOnSuccess, CancellationToken cancellationToken)
   at Microsoft.EntityFrameworkCore.SqlServer.Storage.Internal.SqlServerExecutionStrategy.ExecuteAsync[TState,TResult](TState state, Func`4 operation, Func`4 verifySucceeded, CancellationToken cancellationToken)
   at Microsoft.EntityFrameworkCore.DbContext.SaveChangesAsync(Boolean acceptAllChangesOnSuccess, CancellationToken cancellationToken)
Microsoft.EntityFrameworkCore.DbUpdateException: An error occurred while saving the entity changes. See the inner exception for details.
 ---> Microsoft.Data.SqlClient.SqlException (0x80131904): The INSERT statement conflicted with the FOREIGN KEY constraint "FK_GreetingTransactions_Users_SenderId". The conflict occurred in database "EGreetingsDb_Dev", table "dbo.Users", column 'Id'.
The statement has been terminated.
   at System.Threading.Tasks.ContinuationResultTaskFromResultTask`2.InnerInvoke()
   at System.Threading.ExecutionContext.RunInternal(ExecutionContext executionContext, ContextCallback callback, Object state)
--- End of stack trace from previous location ---
   at System.Threading.ExecutionContext.RunInternal(ExecutionContext executionContext, ContextCallback callback, Object state)
   at System.Threading.Tasks.Task.ExecuteWithThreadLocal(Task& currentTaskSlot, Thread threadPoolThread)
--- End of stack trace from previous location ---
   at Microsoft.EntityFrameworkCore.Storage.RelationalCommand.ExecuteReaderAsync(RelationalCommandParameterObject parameterObject, CancellationToken cancellationToken)
   at Microsoft.EntityFrameworkCore.Storage.RelationalCommand.ExecuteReaderAsync(RelationalCommandParameterObject parameterObject, CancellationToken cancellationToken)
   at Microsoft.EntityFrameworkCore.Update.ReaderModificationCommandBatch.ExecuteAsync(IRelationalConnection connection, CancellationToken cancellationToken)
ClientConnectionId:466e309e-eedd-4e68-bb99-9af3f6bca74c
Error Number:547,State:0,Class:16
   --- End of inner exception stack trace ---
   at Microsoft.EntityFrameworkCore.Update.ReaderModificationCommandBatch.ExecuteAsync(IRelationalConnection connection, CancellationToken cancellationToken)
   at Microsoft.EntityFrameworkCore.SqlServer.Update.Internal.SqlServerModificationCommandBatch.ExecuteAsync(IRelationalConnection connection, CancellationToken cancellationToken)
   at Microsoft.EntityFrameworkCore.Update.Internal.BatchExecutor.ExecuteAsync(IEnumerable`1 commandBatches, IRelationalConnection connection, CancellationToken cancellationToken)
   at Microsoft.EntityFrameworkCore.Update.Internal.BatchExecutor.ExecuteAsync(IEnumerable`1 commandBatches, IRelationalConnection connection, CancellationToken cancellationToken)
   at Microsoft.EntityFrameworkCore.Update.Internal.BatchExecutor.ExecuteAsync(IEnumerable`1 commandBatches, IRelationalConnection connection, CancellationToken cancellationToken)
   at Microsoft.EntityFrameworkCore.Storage.RelationalDatabase.SaveChangesAsync(IList`1 entries, CancellationToken cancellationToken)
   at Microsoft.EntityFrameworkCore.ChangeTracking.Internal.StateManager.SaveChangesAsync(IList`1 entriesToSave, CancellationToken cancellationToken)
   at Microsoft.EntityFrameworkCore.ChangeTracking.Internal.StateManager.SaveChangesAsync(StateManager stateManager, Boolean acceptAllChangesOnSuccess, CancellationToken cancellationToken)
   at Microsoft.EntityFrameworkCore.SqlServer.Storage.Internal.SqlServerExecutionStrategy.ExecuteAsync[TState,TResult](TState state, Func`4 operation, Func`4 verifySucceeded, CancellationToken cancellationToken)
   at Microsoft.EntityFrameworkCore.DbContext.SaveChangesAsync(Boolean acceptAllChangesOnSuccess, CancellationToken cancellationToken)
2026-05-06 00:49:48.365 +07:00 [ERR] [CQRS] Error handling SendGreetingCardCommand: An error occurred while saving the entity changes. See the inner exception for details.
Microsoft.EntityFrameworkCore.DbUpdateException: An error occurred while saving the entity changes. See the inner exception for details.
 ---> Microsoft.Data.SqlClient.SqlException (0x80131904): The INSERT statement conflicted with the FOREIGN KEY constraint "FK_GreetingTransactions_Users_SenderId". The conflict occurred in database "EGreetingsDb_Dev", table "dbo.Users", column 'Id'.
The statement has been terminated.
   at System.Threading.Tasks.ContinuationResultTaskFromResultTask`2.InnerInvoke()
   at System.Threading.ExecutionContext.RunInternal(ExecutionContext executionContext, ContextCallback callback, Object state)
--- End of stack trace from previous location ---
   at System.Threading.ExecutionContext.RunInternal(ExecutionContext executionContext, ContextCallback callback, Object state)
   at System.Threading.Tasks.Task.ExecuteWithThreadLocal(Task& currentTaskSlot, Thread threadPoolThread)
--- End of stack trace from previous location ---
   at Microsoft.EntityFrameworkCore.Storage.RelationalCommand.ExecuteReaderAsync(RelationalCommandParameterObject parameterObject, CancellationToken cancellationToken)
   at Microsoft.EntityFrameworkCore.Storage.RelationalCommand.ExecuteReaderAsync(RelationalCommandParameterObject parameterObject, CancellationToken cancellationToken)
   at Microsoft.EntityFrameworkCore.Update.ReaderModificationCommandBatch.ExecuteAsync(IRelationalConnection connection, CancellationToken cancellationToken)
ClientConnectionId:466e309e-eedd-4e68-bb99-9af3f6bca74c
Error Number:547,State:0,Class:16
   --- End of inner exception stack trace ---
   at Microsoft.EntityFrameworkCore.Update.ReaderModificationCommandBatch.ExecuteAsync(IRelationalConnection connection, CancellationToken cancellationToken)
   at Microsoft.EntityFrameworkCore.SqlServer.Update.Internal.SqlServerModificationCommandBatch.ExecuteAsync(IRelationalConnection connection, CancellationToken cancellationToken)
   at Microsoft.EntityFrameworkCore.Update.Internal.BatchExecutor.ExecuteAsync(IEnumerable`1 commandBatches, IRelationalConnection connection, CancellationToken cancellationToken)
   at Microsoft.EntityFrameworkCore.Update.Internal.BatchExecutor.ExecuteAsync(IEnumerable`1 commandBatches, IRelationalConnection connection, CancellationToken cancellationToken)
   at Microsoft.EntityFrameworkCore.Update.Internal.BatchExecutor.ExecuteAsync(IEnumerable`1 commandBatches, IRelationalConnection connection, CancellationToken cancellationToken)
   at Microsoft.EntityFrameworkCore.Storage.RelationalDatabase.SaveChangesAsync(IList`1 entries, CancellationToken cancellationToken)
   at Microsoft.EntityFrameworkCore.ChangeTracking.Internal.StateManager.SaveChangesAsync(IList`1 entriesToSave, CancellationToken cancellationToken)
   at Microsoft.EntityFrameworkCore.ChangeTracking.Internal.StateManager.SaveChangesAsync(StateManager stateManager, Boolean acceptAllChangesOnSuccess, CancellationToken cancellationToken)
   at Microsoft.EntityFrameworkCore.SqlServer.Storage.Internal.SqlServerExecutionStrategy.ExecuteAsync[TState,TResult](TState state, Func`4 operation, Func`4 verifySucceeded, CancellationToken cancellationToken)
   at Microsoft.EntityFrameworkCore.DbContext.SaveChangesAsync(Boolean acceptAllChangesOnSuccess, CancellationToken cancellationToken)
   at Microsoft.EntityFrameworkCore.DbContext.SaveChangesAsync(Boolean acceptAllChangesOnSuccess, CancellationToken cancellationToken)
   at EGreetings.Application.Commands.Cards.SendGreeting.SendGreetingCardCommandHandler.Handle(SendGreetingCardCommand request, CancellationToken ct) in /Users/alanstars1301/Documents/Claude/Projects/eGreeting/Backend/src/EGreetings.Application/Commands/Cards/SendGreeting/SendGreetingCardCommand.cs:line 93
   at EGreetings.Application.Behaviors.PerformanceBehavior`2.Handle(TRequest request, RequestHandlerDelegate`1 next, CancellationToken cancellationToken) in /Users/alanstars1301/Documents/Claude/Projects/eGreeting/Backend/src/EGreetings.Application/Behaviors/PerformanceBehavior.cs:line 25
   at EGreetings.Application.Behaviors.ValidationBehavior`2.Handle(TRequest request, RequestHandlerDelegate`1 next, CancellationToken cancellationToken) in /Users/alanstars1301/Documents/Claude/Projects/eGreeting/Backend/src/EGreetings.Application/Behaviors/ValidationBehavior.cs:line 39
   at EGreetings.Application.Behaviors.LoggingBehavior`2.Handle(TRequest request, RequestHandlerDelegate`1 next, CancellationToken cancellationToken) in /Users/alanstars1301/Documents/Claude/Projects/eGreeting/Backend/src/EGreetings.Application/Behaviors/LoggingBehavior.cs:line 39
2026-05-06 00:49:48.367 +07:00 [ERR] HTTP POST /api/greetings responded 500 in 241.6230 ms
Microsoft.EntityFrameworkCore.DbUpdateException: An error occurred while saving the entity changes. See the inner exception for details.
 ---> Microsoft.Data.SqlClient.SqlException (0x80131904): The INSERT statement conflicted with the FOREIGN KEY constraint "FK_GreetingTransactions_Users_SenderId". The conflict occurred in database "EGreetingsDb_Dev", table "dbo.Users", column 'Id'.
The statement has been terminated.
   at System.Threading.Tasks.ContinuationResultTaskFromResultTask`2.InnerInvoke()
   at System.Threading.ExecutionContext.RunInternal(ExecutionContext executionContext, ContextCallback callback, Object state)
--- End of stack trace from previous location ---
   at System.Threading.ExecutionContext.RunInternal(ExecutionContext executionContext, ContextCallback callback, Object state)
   at System.Threading.Tasks.Task.ExecuteWithThreadLocal(Task& currentTaskSlot, Thread threadPoolThread)
--- End of stack trace from previous location ---
   at Microsoft.EntityFrameworkCore.Storage.RelationalCommand.ExecuteReaderAsync(RelationalCommandParameterObject parameterObject, CancellationToken cancellationToken)
   at Microsoft.EntityFrameworkCore.Storage.RelationalCommand.ExecuteReaderAsync(RelationalCommandParameterObject parameterObject, CancellationToken cancellationToken)
   at Microsoft.EntityFrameworkCore.Update.ReaderModificationCommandBatch.ExecuteAsync(IRelationalConnection connection, CancellationToken cancellationToken)
ClientConnectionId:466e309e-eedd-4e68-bb99-9af3f6bca74c
Error Number:547,State:0,Class:16
   --- End of inner exception stack trace ---
   at Microsoft.EntityFrameworkCore.Update.ReaderModificationCommandBatch.ExecuteAsync(IRelationalConnection connection, CancellationToken cancellationToken)
   at Microsoft.EntityFrameworkCore.SqlServer.Update.Internal.SqlServerModificationCommandBatch.ExecuteAsync(IRelationalConnection connection, CancellationToken cancellationToken)
   at Microsoft.EntityFrameworkCore.Update.Internal.BatchExecutor.ExecuteAsync(IEnumerable`1 commandBatches, IRelationalConnection connection, CancellationToken cancellationToken)
   at Microsoft.EntityFrameworkCore.Update.Internal.BatchExecutor.ExecuteAsync(IEnumerable`1 commandBatches, IRelationalConnection connection, CancellationToken cancellationToken)
   at Microsoft.EntityFrameworkCore.Update.Internal.BatchExecutor.ExecuteAsync(IEnumerable`1 commandBatches, IRelationalConnection connection, CancellationToken cancellationToken)
   at Microsoft.EntityFrameworkCore.Storage.RelationalDatabase.SaveChangesAsync(IList`1 entries, CancellationToken cancellationToken)
   at Microsoft.EntityFrameworkCore.ChangeTracking.Internal.StateManager.SaveChangesAsync(IList`1 entriesToSave, CancellationToken cancellationToken)
   at Microsoft.EntityFrameworkCore.ChangeTracking.Internal.StateManager.SaveChangesAsync(StateManager stateManager, Boolean acceptAllChangesOnSuccess, CancellationToken cancellationToken)
   at Microsoft.EntityFrameworkCore.SqlServer.Storage.Internal.SqlServerExecutionStrategy.ExecuteAsync[TState,TResult](TState state, Func`4 operation, Func`4 verifySucceeded, CancellationToken cancellationToken)
   at Microsoft.EntityFrameworkCore.DbContext.SaveChangesAsync(Boolean acceptAllChangesOnSuccess, CancellationToken cancellationToken)
   at Microsoft.EntityFrameworkCore.DbContext.SaveChangesAsync(Boolean acceptAllChangesOnSuccess, CancellationToken cancellationToken)
   at EGreetings.Application.Commands.Cards.SendGreeting.SendGreetingCardCommandHandler.Handle(SendGreetingCardCommand request, CancellationToken ct) in /Users/alanstars1301/Documents/Claude/Projects/eGreeting/Backend/src/EGreetings.Application/Commands/Cards/SendGreeting/SendGreetingCardCommand.cs:line 93
   at EGreetings.Application.Behaviors.PerformanceBehavior`2.Handle(TRequest request, RequestHandlerDelegate`1 next, CancellationToken cancellationToken) in /Users/alanstars1301/Documents/Claude/Projects/eGreeting/Backend/src/EGreetings.Application/Behaviors/PerformanceBehavior.cs:line 25
   at EGreetings.Application.Behaviors.ValidationBehavior`2.Handle(TRequest request, RequestHandlerDelegate`1 next, CancellationToken cancellationToken) in /Users/alanstars1301/Documents/Claude/Projects/eGreeting/Backend/src/EGreetings.Application/Behaviors/ValidationBehavior.cs:line 39
   at EGreetings.Application.Behaviors.LoggingBehavior`2.Handle(TRequest request, RequestHandlerDelegate`1 next, CancellationToken cancellationToken) in /Users/alanstars1301/Documents/Claude/Projects/eGreeting/Backend/src/EGreetings.Application/Behaviors/LoggingBehavior.cs:line 39
   at EGreetings.Application.Behaviors.LoggingBehavior`2.Handle(TRequest request, RequestHandlerDelegate`1 next, CancellationToken cancellationToken) in /Users/alanstars1301/Documents/Claude/Projects/eGreeting/Backend/src/EGreetings.Application/Behaviors/LoggingBehavior.cs:line 68
   at EGreetings.API.Controllers.CardsController.SendGreeting(SendGreetingCardCommand command, CancellationToken ct) in /Users/alanstars1301/Documents/Claude/Projects/eGreeting/Backend/src/EGreetings.API/Controllers/CardsController.cs:line 99
   at Microsoft.AspNetCore.Mvc.Infrastructure.ActionMethodExecutor.TaskOfIActionResultExecutor.Execute(ActionContext actionContext, IActionResultTypeMapper mapper, ObjectMethodExecutor executor, Object controller, Object[] arguments)
   at Microsoft.AspNetCore.Mvc.Infrastructure.ControllerActionInvoker.<InvokeActionMethodAsync>g__Awaited|12_0(ControllerActionInvoker invoker, ValueTask`1 actionResultValueTask)
   at Microsoft.AspNetCore.Mvc.Infrastructure.ControllerActionInvoker.<InvokeNextActionFilterAsync>g__Awaited|10_0(ControllerActionInvoker invoker, Task lastTask, State next, Scope scope, Object state, Boolean isCompleted)
   at Microsoft.AspNetCore.Mvc.Infrastructure.ControllerActionInvoker.Rethrow(ActionExecutedContextSealed context)
   at Microsoft.AspNetCore.Mvc.Infrastructure.ControllerActionInvoker.Next(State& next, Scope& scope, Object& state, Boolean& isCompleted)
   at Microsoft.AspNetCore.Mvc.Infrastructure.ControllerActionInvoker.<InvokeInnerFilterAsync>g__Awaited|13_0(ControllerActionInvoker invoker, Task lastTask, State next, Scope scope, Object state, Boolean isCompleted)
   at Microsoft.AspNetCore.Mvc.Infrastructure.ResourceInvoker.<InvokeFilterPipelineAsync>g__Awaited|20_0(ResourceInvoker invoker, Task lastTask, State next, Scope scope, Object state, Boolean isCompleted)
   at Microsoft.AspNetCore.Mvc.Infrastructure.ResourceInvoker.<InvokeAsync>g__Awaited|17_0(ResourceInvoker invoker, Task task, IDisposable scope)
   at Microsoft.AspNetCore.Mvc.Infrastructure.ResourceInvoker.<InvokeAsync>g__Awaited|17_0(ResourceInvoker invoker, Task task, IDisposable scope)
   at Microsoft.AspNetCore.Authorization.AuthorizationMiddleware.Invoke(HttpContext context)
   at Microsoft.AspNetCore.Authentication.AuthenticationMiddleware.Invoke(HttpContext context)
   at Serilog.AspNetCore.RequestLoggingMiddleware.Invoke(HttpContext httpContext)
2026-05-06 00:49:48.395 +07:00 [INF] Executed DbCommand (5ms) [Parameters=[@p0='?' (DbType = Guid), @p1='?' (DbType = Guid), @p2='?' (Size = 20), @p3='?' (Size = 2000), @p4='?' (DbType = DateTime2), @p5='?' (Size = 1000), @p6='?' (Size = 30), @p7='?' (Size = 50), @p8='?' (Size = 20), @p9='?' (DbType = DateTime2)], CommandType='"Text"', CommandTimeout='30']
SET IMPLICIT_TRANSACTIONS OFF;
SET NOCOUNT ON;
INSERT INTO [SystemLogs] ([Id], [ActorId], [ActorType], [AdditionalData], [CreatedAt], [Description], [EventType], [IpAddress], [Status], [Timestamp])
VALUES (@p0, @p1, @p2, @p3, @p4, @p5, @p6, @p7, @p8, @p9);
2026-05-06 00:49:48.399 +07:00 [ERR] [EXCEPTION] 500 /api/greetings – An error occurred while saving the entity changes. See the inner exception for details.
Microsoft.EntityFrameworkCore.DbUpdateException: An error occurred while saving the entity changes. See the inner exception for details.
 ---> Microsoft.Data.SqlClient.SqlException (0x80131904): The INSERT statement conflicted with the FOREIGN KEY constraint "FK_GreetingTransactions_Users_SenderId". The conflict occurred in database "EGreetingsDb_Dev", table "dbo.Users", column 'Id'.
The statement has been terminated.
   at System.Threading.Tasks.ContinuationResultTaskFromResultTask`2.InnerInvoke()
   at System.Threading.ExecutionContext.RunInternal(ExecutionContext executionContext, ContextCallback callback, Object state)
--- End of stack trace from previous location ---
   at System.Threading.ExecutionContext.RunInternal(ExecutionContext executionContext, ContextCallback callback, Object state)
   at System.Threading.Tasks.Task.ExecuteWithThreadLocal(Task& currentTaskSlot, Thread threadPoolThread)
--- End of stack trace from previous location ---
   at Microsoft.EntityFrameworkCore.Storage.RelationalCommand.ExecuteReaderAsync(RelationalCommandParameterObject parameterObject, CancellationToken cancellationToken)
   at Microsoft.EntityFrameworkCore.Storage.RelationalCommand.ExecuteReaderAsync(RelationalCommandParameterObject parameterObject, CancellationToken cancellationToken)
   at Microsoft.EntityFrameworkCore.Update.ReaderModificationCommandBatch.ExecuteAsync(IRelationalConnection connection, CancellationToken cancellationToken)
ClientConnectionId:466e309e-eedd-4e68-bb99-9af3f6bca74c
Error Number:547,State:0,Class:16
   --- End of inner exception stack trace ---
   at Microsoft.EntityFrameworkCore.Update.ReaderModificationCommandBatch.ExecuteAsync(IRelationalConnection connection, CancellationToken cancellationToken)
   at Microsoft.EntityFrameworkCore.SqlServer.Update.Internal.SqlServerModificationCommandBatch.ExecuteAsync(IRelationalConnection connection, CancellationToken cancellationToken)
   at Microsoft.EntityFrameworkCore.Update.Internal.BatchExecutor.ExecuteAsync(IEnumerable`1 commandBatches, IRelationalConnection connection, CancellationToken cancellationToken)
   at Microsoft.EntityFrameworkCore.Update.Internal.BatchExecutor.ExecuteAsync(IEnumerable`1 commandBatches, IRelationalConnection connection, CancellationToken cancellationToken)
   at Microsoft.EntityFrameworkCore.Update.Internal.BatchExecutor.ExecuteAsync(IEnumerable`1 commandBatches, IRelationalConnection connection, CancellationToken cancellationToken)
   at Microsoft.EntityFrameworkCore.Storage.RelationalDatabase.SaveChangesAsync(IList`1 entries, CancellationToken cancellationToken)
   at Microsoft.EntityFrameworkCore.ChangeTracking.Internal.StateManager.SaveChangesAsync(IList`1 entriesToSave, CancellationToken cancellationToken)
   at Microsoft.EntityFrameworkCore.ChangeTracking.Internal.StateManager.SaveChangesAsync(StateManager stateManager, Boolean acceptAllChangesOnSuccess, CancellationToken cancellationToken)
   at Microsoft.EntityFrameworkCore.SqlServer.Storage.Internal.SqlServerExecutionStrategy.ExecuteAsync[TState,TResult](TState state, Func`4 operation, Func`4 verifySucceeded, CancellationToken cancellationToken)
   at Microsoft.EntityFrameworkCore.DbContext.SaveChangesAsync(Boolean acceptAllChangesOnSuccess, CancellationToken cancellationToken)
   at Microsoft.EntityFrameworkCore.DbContext.SaveChangesAsync(Boolean acceptAllChangesOnSuccess, CancellationToken cancellationToken)
   at EGreetings.Application.Commands.Cards.SendGreeting.SendGreetingCardCommandHandler.Handle(SendGreetingCardCommand request, CancellationToken ct) in /Users/alanstars1301/Documents/Claude/Projects/eGreeting/Backend/src/EGreetings.Application/Commands/Cards/SendGreeting/SendGreetingCardCommand.cs:line 93
   at EGreetings.Application.Behaviors.PerformanceBehavior`2.Handle(TRequest request, RequestHandlerDelegate`1 next, CancellationToken cancellationToken) in /Users/alanstars1301/Documents/Claude/Projects/eGreeting/Backend/src/EGreetings.Application/Behaviors/PerformanceBehavior.cs:line 25
   at EGreetings.Application.Behaviors.ValidationBehavior`2.Handle(TRequest request, RequestHandlerDelegate`1 next, CancellationToken cancellationToken) in /Users/alanstars1301/Documents/Claude/Projects/eGreeting/Backend/src/EGreetings.Application/Behaviors/ValidationBehavior.cs:line 39
   at EGreetings.Application.Behaviors.LoggingBehavior`2.Handle(TRequest request, RequestHandlerDelegate`1 next, CancellationToken cancellationToken) in /Users/alanstars1301/Documents/Claude/Projects/eGreeting/Backend/src/EGreetings.Application/Behaviors/LoggingBehavior.cs:line 39
   at EGreetings.Application.Behaviors.LoggingBehavior`2.Handle(TRequest request, RequestHandlerDelegate`1 next, CancellationToken cancellationToken) in /Users/alanstars1301/Documents/Claude/Projects/eGreeting/Backend/src/EGreetings.Application/Behaviors/LoggingBehavior.cs:line 68
   at EGreetings.API.Controllers.CardsController.SendGreeting(SendGreetingCardCommand command, CancellationToken ct) in /Users/alanstars1301/Documents/Claude/Projects/eGreeting/Backend/src/EGreetings.API/Controllers/CardsController.cs:line 99
   at Microsoft.AspNetCore.Mvc.Infrastructure.ActionMethodExecutor.TaskOfIActionResultExecutor.Execute(ActionContext actionContext, IActionResultTypeMapper mapper, ObjectMethodExecutor executor, Object controller, Object[] arguments)
   at Microsoft.AspNetCore.Mvc.Infrastructure.ControllerActionInvoker.<InvokeActionMethodAsync>g__Awaited|12_0(ControllerActionInvoker invoker, ValueTask`1 actionResultValueTask)
   at Microsoft.AspNetCore.Mvc.Infrastructure.ControllerActionInvoker.<InvokeNextActionFilterAsync>g__Awaited|10_0(ControllerActionInvoker invoker, Task lastTask, State next, Scope scope, Object state, Boolean isCompleted)
   at Microsoft.AspNetCore.Mvc.Infrastructure.ControllerActionInvoker.Rethrow(ActionExecutedContextSealed context)
   at Microsoft.AspNetCore.Mvc.Infrastructure.ControllerActionInvoker.Next(State& next, Scope& scope, Object& state, Boolean& isCompleted)
   at Microsoft.AspNetCore.Mvc.Infrastructure.ControllerActionInvoker.<InvokeInnerFilterAsync>g__Awaited|13_0(ControllerActionInvoker invoker, Task lastTask, State next, Scope scope, Object state, Boolean isCompleted)
   at Microsoft.AspNetCore.Mvc.Infrastructure.ResourceInvoker.<InvokeFilterPipelineAsync>g__Awaited|20_0(ResourceInvoker invoker, Task lastTask, State next, Scope scope, Object state, Boolean isCompleted)
   at Microsoft.AspNetCore.Mvc.Infrastructure.ResourceInvoker.<InvokeAsync>g__Awaited|17_0(ResourceInvoker invoker, Task task, IDisposable scope)
   at Microsoft.AspNetCore.Mvc.Infrastructure.ResourceInvoker.<InvokeAsync>g__Awaited|17_0(ResourceInvoker invoker, Task task, IDisposable scope)
   at Microsoft.AspNetCore.Authorization.AuthorizationMiddleware.Invoke(HttpContext context)
   at Microsoft.AspNetCore.Authentication.AuthenticationMiddleware.Invoke(HttpContext context)
   at Serilog.AspNetCore.RequestLoggingMiddleware.Invoke(HttpContext httpContext)
   at EGreetings.API.Middlewares.SecurityHeadersMiddleware.InvokeAsync(HttpContext context) in /Users/alanstars1301/Documents/Claude/Projects/eGreeting/Backend/src/EGreetings.API/Middlewares/ApiMiddlewares.cs:line 121
   at EGreetings.API.Middlewares.GlobalExceptionMiddleware.InvokeAsync(HttpContext context) in /Users/alanstars1301/Documents/Claude/Projects/eGreeting/Backend/src/EGreetings.API/Middlewares/ApiMiddlewares.cs:line 36
2026-05-06 00:49:55.222 +07:00 [INF] [CQRS] Handling SendGreetingCardCommand
2026-05-06 00:49:55.232 +07:00 [INF] Executed DbCommand (9ms) [Parameters=[@__request_SenderId_0='?' (DbType = Guid)], CommandType='"Text"', CommandTimeout='30']
SELECT CASE
    WHEN EXISTS (
        SELECT 1
        FROM [Subscriptions] AS [s]
        WHERE [s].[UserId] = @__request_SenderId_0 AND [s].[Status] = N'Active') THEN CAST(1 AS bit)
    ELSE CAST(0 AS bit)
END
2026-05-06 00:49:55.235 +07:00 [INF] Executed DbCommand (2ms) [Parameters=[@__8__locals1_request_SenderId_0='?' (DbType = Guid), @__today_1='?' (DbType = DateTime2), @__AddDays_2='?' (DbType = DateTime2)], CommandType='"Text"', CommandTimeout='30']
SELECT COUNT(*)
FROM [GreetingTransactions] AS [g]
WHERE [g].[SenderId] = @__8__locals1_request_SenderId_0 AND [g].[SubscriptionId] IS NULL AND [g].[CreatedAt] >= @__today_1 AND [g].[CreatedAt] < @__AddDays_2
2026-05-06 00:49:55.238 +07:00 [INF] Executed DbCommand (2ms) [Parameters=[@__request_CardId_0='?' (DbType = Guid)], CommandType='"Text"', CommandTimeout='30']
SELECT TOP(1) [g].[Id], [g].[CategoryId], [g].[CreatedAt], [g].[CustomJsonContent], [g].[DeletedAt], [g].[Description], [g].[FileUrl], [g].[IsDeleted], [g].[IsFeatured], [g].[IsPremium], [g].[Name], [g].[Slug], [g].[Status], [g].[Tags], [g].[ThumbnailUrl], [g].[UpdatedAt]
FROM [GreetingCards] AS [g]
WHERE [g].[IsDeleted] = CAST(0 AS bit) AND [g].[Id] = @__request_CardId_0 AND [g].[Status] = N'Active' AND [g].[IsDeleted] = CAST(0 AS bit)
2026-05-06 00:49:55.246 +07:00 [ERR] Failed executing DbCommand (6ms) [Parameters=[@p0='?' (DbType = Guid), @p1='?' (DbType = Guid), @p2='?' (DbType = DateTime2), @p3='?' (Size = 500), @p4='?' (Size = 256) (DbType = AnsiString), @p5='?' (DbType = Int32), @p6='?' (DbType = DateTime2), @p7='?' (DbType = Guid), @p8='?' (DbType = DateTime2), @p9='?' (Size = 20), @p10='?' (Size = 300), @p11='?' (DbType = Guid)], CommandType='"Text"', CommandTimeout='30']
SET IMPLICIT_TRANSACTIONS OFF;
SET NOCOUNT ON;
INSERT INTO [GreetingTransactions] ([Id], [CardId], [CreatedAt], [PersonalMessage], [RecipientEmail], [RetryCount], [ScheduledSendAt], [SenderId], [SentAt], [Status], [Subject], [SubscriptionId])
VALUES (@p0, @p1, @p2, @p3, @p4, @p5, @p6, @p7, @p8, @p9, @p10, @p11);
2026-05-06 00:49:55.247 +07:00 [ERR] An exception occurred in the database while saving changes for context type 'EGreetings.Infrastructure.Persistence.AppDbContext'.
Microsoft.EntityFrameworkCore.DbUpdateException: An error occurred while saving the entity changes. See the inner exception for details.
 ---> Microsoft.Data.SqlClient.SqlException (0x80131904): The INSERT statement conflicted with the FOREIGN KEY constraint "FK_GreetingTransactions_Users_SenderId". The conflict occurred in database "EGreetingsDb_Dev", table "dbo.Users", column 'Id'.
The statement has been terminated.
   at System.Threading.Tasks.ContinuationResultTaskFromResultTask`2.InnerInvoke()
   at System.Threading.ExecutionContext.RunInternal(ExecutionContext executionContext, ContextCallback callback, Object state)
--- End of stack trace from previous location ---
   at System.Threading.ExecutionContext.RunInternal(ExecutionContext executionContext, ContextCallback callback, Object state)
   at System.Threading.Tasks.Task.ExecuteWithThreadLocal(Task& currentTaskSlot, Thread threadPoolThread)
--- End of stack trace from previous location ---
   at Microsoft.EntityFrameworkCore.Storage.RelationalCommand.ExecuteReaderAsync(RelationalCommandParameterObject parameterObject, CancellationToken cancellationToken)
   at Microsoft.EntityFrameworkCore.Storage.RelationalCommand.ExecuteReaderAsync(RelationalCommandParameterObject parameterObject, CancellationToken cancellationToken)
   at Microsoft.EntityFrameworkCore.Update.ReaderModificationCommandBatch.ExecuteAsync(IRelationalConnection connection, CancellationToken cancellationToken)
ClientConnectionId:cd441af5-15ff-491c-b482-8c293939889e
Error Number:547,State:0,Class:16
   --- End of inner exception stack trace ---
   at Microsoft.EntityFrameworkCore.Update.ReaderModificationCommandBatch.ExecuteAsync(IRelationalConnection connection, CancellationToken cancellationToken)
   at Microsoft.EntityFrameworkCore.SqlServer.Update.Internal.SqlServerModificationCommandBatch.ExecuteAsync(IRelationalConnection connection, CancellationToken cancellationToken)
   at Microsoft.EntityFrameworkCore.Update.Internal.BatchExecutor.ExecuteAsync(IEnumerable`1 commandBatches, IRelationalConnection connection, CancellationToken cancellationToken)
   at Microsoft.EntityFrameworkCore.Update.Internal.BatchExecutor.ExecuteAsync(IEnumerable`1 commandBatches, IRelationalConnection connection, CancellationToken cancellationToken)
   at Microsoft.EntityFrameworkCore.Update.Internal.BatchExecutor.ExecuteAsync(IEnumerable`1 commandBatches, IRelationalConnection connection, CancellationToken cancellationToken)
   at Microsoft.EntityFrameworkCore.Storage.RelationalDatabase.SaveChangesAsync(IList`1 entries, CancellationToken cancellationToken)
   at Microsoft.EntityFrameworkCore.ChangeTracking.Internal.StateManager.SaveChangesAsync(IList`1 entriesToSave, CancellationToken cancellationToken)
   at Microsoft.EntityFrameworkCore.ChangeTracking.Internal.StateManager.SaveChangesAsync(StateManager stateManager, Boolean acceptAllChangesOnSuccess, CancellationToken cancellationToken)
   at Microsoft.EntityFrameworkCore.SqlServer.Storage.Internal.SqlServerExecutionStrategy.ExecuteAsync[TState,TResult](TState state, Func`4 operation, Func`4 verifySucceeded, CancellationToken cancellationToken)
   at Microsoft.EntityFrameworkCore.DbContext.SaveChangesAsync(Boolean acceptAllChangesOnSuccess, CancellationToken cancellationToken)
Microsoft.EntityFrameworkCore.DbUpdateException: An error occurred while saving the entity changes. See the inner exception for details.
 ---> Microsoft.Data.SqlClient.SqlException (0x80131904): The INSERT statement conflicted with the FOREIGN KEY constraint "FK_GreetingTransactions_Users_SenderId". The conflict occurred in database "EGreetingsDb_Dev", table "dbo.Users", column 'Id'.
The statement has been terminated.
   at System.Threading.Tasks.ContinuationResultTaskFromResultTask`2.InnerInvoke()
   at System.Threading.ExecutionContext.RunInternal(ExecutionContext executionContext, ContextCallback callback, Object state)
--- End of stack trace from previous location ---
   at System.Threading.ExecutionContext.RunInternal(ExecutionContext executionContext, ContextCallback callback, Object state)
   at System.Threading.Tasks.Task.ExecuteWithThreadLocal(Task& currentTaskSlot, Thread threadPoolThread)
--- End of stack trace from previous location ---
   at Microsoft.EntityFrameworkCore.Storage.RelationalCommand.ExecuteReaderAsync(RelationalCommandParameterObject parameterObject, CancellationToken cancellationToken)
   at Microsoft.EntityFrameworkCore.Storage.RelationalCommand.ExecuteReaderAsync(RelationalCommandParameterObject parameterObject, CancellationToken cancellationToken)
   at Microsoft.EntityFrameworkCore.Update.ReaderModificationCommandBatch.ExecuteAsync(IRelationalConnection connection, CancellationToken cancellationToken)
ClientConnectionId:cd441af5-15ff-491c-b482-8c293939889e
Error Number:547,State:0,Class:16
   --- End of inner exception stack trace ---
   at Microsoft.EntityFrameworkCore.Update.ReaderModificationCommandBatch.ExecuteAsync(IRelationalConnection connection, CancellationToken cancellationToken)
   at Microsoft.EntityFrameworkCore.SqlServer.Update.Internal.SqlServerModificationCommandBatch.ExecuteAsync(IRelationalConnection connection, CancellationToken cancellationToken)
   at Microsoft.EntityFrameworkCore.Update.Internal.BatchExecutor.ExecuteAsync(IEnumerable`1 commandBatches, IRelationalConnection connection, CancellationToken cancellationToken)
   at Microsoft.EntityFrameworkCore.Update.Internal.BatchExecutor.ExecuteAsync(IEnumerable`1 commandBatches, IRelationalConnection connection, CancellationToken cancellationToken)
   at Microsoft.EntityFrameworkCore.Update.Internal.BatchExecutor.ExecuteAsync(IEnumerable`1 commandBatches, IRelationalConnection connection, CancellationToken cancellationToken)
   at Microsoft.EntityFrameworkCore.Storage.RelationalDatabase.SaveChangesAsync(IList`1 entries, CancellationToken cancellationToken)
   at Microsoft.EntityFrameworkCore.ChangeTracking.Internal.StateManager.SaveChangesAsync(IList`1 entriesToSave, CancellationToken cancellationToken)
   at Microsoft.EntityFrameworkCore.ChangeTracking.Internal.StateManager.SaveChangesAsync(StateManager stateManager, Boolean acceptAllChangesOnSuccess, CancellationToken cancellationToken)
   at Microsoft.EntityFrameworkCore.SqlServer.Storage.Internal.SqlServerExecutionStrategy.ExecuteAsync[TState,TResult](TState state, Func`4 operation, Func`4 verifySucceeded, CancellationToken cancellationToken)
   at Microsoft.EntityFrameworkCore.DbContext.SaveChangesAsync(Boolean acceptAllChangesOnSuccess, CancellationToken cancellationToken)
2026-05-06 00:49:55.248 +07:00 [ERR] [CQRS] Error handling SendGreetingCardCommand: An error occurred while saving the entity changes. See the inner exception for details.
Microsoft.EntityFrameworkCore.DbUpdateException: An error occurred while saving the entity changes. See the inner exception for details.
 ---> Microsoft.Data.SqlClient.SqlException (0x80131904): The INSERT statement conflicted with the FOREIGN KEY constraint "FK_GreetingTransactions_Users_SenderId". The conflict occurred in database "EGreetingsDb_Dev", table "dbo.Users", column 'Id'.
The statement has been terminated.
   at System.Threading.Tasks.ContinuationResultTaskFromResultTask`2.InnerInvoke()
   at System.Threading.ExecutionContext.RunInternal(ExecutionContext executionContext, ContextCallback callback, Object state)
--- End of stack trace from previous location ---
   at System.Threading.ExecutionContext.RunInternal(ExecutionContext executionContext, ContextCallback callback, Object state)
   at System.Threading.Tasks.Task.ExecuteWithThreadLocal(Task& currentTaskSlot, Thread threadPoolThread)
--- End of stack trace from previous location ---
   at Microsoft.EntityFrameworkCore.Storage.RelationalCommand.ExecuteReaderAsync(RelationalCommandParameterObject parameterObject, CancellationToken cancellationToken)
   at Microsoft.EntityFrameworkCore.Storage.RelationalCommand.ExecuteReaderAsync(RelationalCommandParameterObject parameterObject, CancellationToken cancellationToken)
   at Microsoft.EntityFrameworkCore.Update.ReaderModificationCommandBatch.ExecuteAsync(IRelationalConnection connection, CancellationToken cancellationToken)
ClientConnectionId:cd441af5-15ff-491c-b482-8c293939889e
Error Number:547,State:0,Class:16
   --- End of inner exception stack trace ---
   at Microsoft.EntityFrameworkCore.Update.ReaderModificationCommandBatch.ExecuteAsync(IRelationalConnection connection, CancellationToken cancellationToken)
   at Microsoft.EntityFrameworkCore.SqlServer.Update.Internal.SqlServerModificationCommandBatch.ExecuteAsync(IRelationalConnection connection, CancellationToken cancellationToken)
   at Microsoft.EntityFrameworkCore.Update.Internal.BatchExecutor.ExecuteAsync(IEnumerable`1 commandBatches, IRelationalConnection connection, CancellationToken cancellationToken)
   at Microsoft.EntityFrameworkCore.Update.Internal.BatchExecutor.ExecuteAsync(IEnumerable`1 commandBatches, IRelationalConnection connection, CancellationToken cancellationToken)
   at Microsoft.EntityFrameworkCore.Update.Internal.BatchExecutor.ExecuteAsync(IEnumerable`1 commandBatches, IRelationalConnection connection, CancellationToken cancellationToken)
   at Microsoft.EntityFrameworkCore.Storage.RelationalDatabase.SaveChangesAsync(IList`1 entries, CancellationToken cancellationToken)
   at Microsoft.EntityFrameworkCore.ChangeTracking.Internal.StateManager.SaveChangesAsync(IList`1 entriesToSave, CancellationToken cancellationToken)
   at Microsoft.EntityFrameworkCore.ChangeTracking.Internal.StateManager.SaveChangesAsync(StateManager stateManager, Boolean acceptAllChangesOnSuccess, CancellationToken cancellationToken)
   at Microsoft.EntityFrameworkCore.SqlServer.Storage.Internal.SqlServerExecutionStrategy.ExecuteAsync[TState,TResult](TState state, Func`4 operation, Func`4 verifySucceeded, CancellationToken cancellationToken)
   at Microsoft.EntityFrameworkCore.DbContext.SaveChangesAsync(Boolean acceptAllChangesOnSuccess, CancellationToken cancellationToken)
   at Microsoft.EntityFrameworkCore.DbContext.SaveChangesAsync(Boolean acceptAllChangesOnSuccess, CancellationToken cancellationToken)
   at EGreetings.Application.Commands.Cards.SendGreeting.SendGreetingCardCommandHandler.Handle(SendGreetingCardCommand request, CancellationToken ct) in /Users/alanstars1301/Documents/Claude/Projects/eGreeting/Backend/src/EGreetings.Application/Commands/Cards/SendGreeting/SendGreetingCardCommand.cs:line 93
   at EGreetings.Application.Behaviors.PerformanceBehavior`2.Handle(TRequest request, RequestHandlerDelegate`1 next, CancellationToken cancellationToken) in /Users/alanstars1301/Documents/Claude/Projects/eGreeting/Backend/src/EGreetings.Application/Behaviors/PerformanceBehavior.cs:line 25
   at EGreetings.Application.Behaviors.ValidationBehavior`2.Handle(TRequest request, RequestHandlerDelegate`1 next, CancellationToken cancellationToken) in /Users/alanstars1301/Documents/Claude/Projects/eGreeting/Backend/src/EGreetings.Application/Behaviors/ValidationBehavior.cs:line 39
   at EGreetings.Application.Behaviors.LoggingBehavior`2.Handle(TRequest request, RequestHandlerDelegate`1 next, CancellationToken cancellationToken) in /Users/alanstars1301/Documents/Claude/Projects/eGreeting/Backend/src/EGreetings.Application/Behaviors/LoggingBehavior.cs:line 39
2026-05-06 00:49:55.250 +07:00 [ERR] HTTP POST /api/greetings responded 500 in 34.5217 ms
Microsoft.EntityFrameworkCore.DbUpdateException: An error occurred while saving the entity changes. See the inner exception for details.
 ---> Microsoft.Data.SqlClient.SqlException (0x80131904): The INSERT statement conflicted with the FOREIGN KEY constraint "FK_GreetingTransactions_Users_SenderId". The conflict occurred in database "EGreetingsDb_Dev", table "dbo.Users", column 'Id'.
The statement has been terminated.
   at System.Threading.Tasks.ContinuationResultTaskFromResultTask`2.InnerInvoke()
   at System.Threading.ExecutionContext.RunInternal(ExecutionContext executionContext, ContextCallback callback, Object state)
--- End of stack trace from previous location ---
   at System.Threading.ExecutionContext.RunInternal(ExecutionContext executionContext, ContextCallback callback, Object state)
   at System.Threading.Tasks.Task.ExecuteWithThreadLocal(Task& currentTaskSlot, Thread threadPoolThread)
--- End of stack trace from previous location ---
   at Microsoft.EntityFrameworkCore.Storage.RelationalCommand.ExecuteReaderAsync(RelationalCommandParameterObject parameterObject, CancellationToken cancellationToken)
   at Microsoft.EntityFrameworkCore.Storage.RelationalCommand.ExecuteReaderAsync(RelationalCommandParameterObject parameterObject, CancellationToken cancellationToken)
   at Microsoft.EntityFrameworkCore.Update.ReaderModificationCommandBatch.ExecuteAsync(IRelationalConnection connection, CancellationToken cancellationToken)
ClientConnectionId:cd441af5-15ff-491c-b482-8c293939889e
Error Number:547,State:0,Class:16
   --- End of inner exception stack trace ---
   at Microsoft.EntityFrameworkCore.Update.ReaderModificationCommandBatch.ExecuteAsync(IRelationalConnection connection, CancellationToken cancellationToken)
   at Microsoft.EntityFrameworkCore.SqlServer.Update.Internal.SqlServerModificationCommandBatch.ExecuteAsync(IRelationalConnection connection, CancellationToken cancellationToken)
   at Microsoft.EntityFrameworkCore.Update.Internal.BatchExecutor.ExecuteAsync(IEnumerable`1 commandBatches, IRelationalConnection connection, CancellationToken cancellationToken)
   at Microsoft.EntityFrameworkCore.Update.Internal.BatchExecutor.ExecuteAsync(IEnumerable`1 commandBatches, IRelationalConnection connection, CancellationToken cancellationToken)
   at Microsoft.EntityFrameworkCore.Update.Internal.BatchExecutor.ExecuteAsync(IEnumerable`1 commandBatches, IRelationalConnection connection, CancellationToken cancellationToken)
   at Microsoft.EntityFrameworkCore.Storage.RelationalDatabase.SaveChangesAsync(IList`1 entries, CancellationToken cancellationToken)
   at Microsoft.EntityFrameworkCore.ChangeTracking.Internal.StateManager.SaveChangesAsync(IList`1 entriesToSave, CancellationToken cancellationToken)
   at Microsoft.EntityFrameworkCore.ChangeTracking.Internal.StateManager.SaveChangesAsync(StateManager stateManager, Boolean acceptAllChangesOnSuccess, CancellationToken cancellationToken)
   at Microsoft.EntityFrameworkCore.SqlServer.Storage.Internal.SqlServerExecutionStrategy.ExecuteAsync[TState,TResult](TState state, Func`4 operation, Func`4 verifySucceeded, CancellationToken cancellationToken)
   at Microsoft.EntityFrameworkCore.DbContext.SaveChangesAsync(Boolean acceptAllChangesOnSuccess, CancellationToken cancellationToken)
   at Microsoft.EntityFrameworkCore.DbContext.SaveChangesAsync(Boolean acceptAllChangesOnSuccess, CancellationToken cancellationToken)
   at EGreetings.Application.Commands.Cards.SendGreeting.SendGreetingCardCommandHandler.Handle(SendGreetingCardCommand request, CancellationToken ct) in /Users/alanstars1301/Documents/Claude/Projects/eGreeting/Backend/src/EGreetings.Application/Commands/Cards/SendGreeting/SendGreetingCardCommand.cs:line 93
   at EGreetings.Application.Behaviors.PerformanceBehavior`2.Handle(TRequest request, RequestHandlerDelegate`1 next, CancellationToken cancellationToken) in /Users/alanstars1301/Documents/Claude/Projects/eGreeting/Backend/src/EGreetings.Application/Behaviors/PerformanceBehavior.cs:line 25
   at EGreetings.Application.Behaviors.ValidationBehavior`2.Handle(TRequest request, RequestHandlerDelegate`1 next, CancellationToken cancellationToken) in /Users/alanstars1301/Documents/Claude/Projects/eGreeting/Backend/src/EGreetings.Application/Behaviors/ValidationBehavior.cs:line 39
   at EGreetings.Application.Behaviors.LoggingBehavior`2.Handle(TRequest request, RequestHandlerDelegate`1 next, CancellationToken cancellationToken) in /Users/alanstars1301/Documents/Claude/Projects/eGreeting/Backend/src/EGreetings.Application/Behaviors/LoggingBehavior.cs:line 39
   at EGreetings.Application.Behaviors.LoggingBehavior`2.Handle(TRequest request, RequestHandlerDelegate`1 next, CancellationToken cancellationToken) in /Users/alanstars1301/Documents/Claude/Projects/eGreeting/Backend/src/EGreetings.Application/Behaviors/LoggingBehavior.cs:line 68
   at EGreetings.API.Controllers.CardsController.SendGreeting(SendGreetingCardCommand command, CancellationToken ct) in /Users/alanstars1301/Documents/Claude/Projects/eGreeting/Backend/src/EGreetings.API/Controllers/CardsController.cs:line 99
   at Microsoft.AspNetCore.Mvc.Infrastructure.ActionMethodExecutor.TaskOfIActionResultExecutor.Execute(ActionContext actionContext, IActionResultTypeMapper mapper, ObjectMethodExecutor executor, Object controller, Object[] arguments)
   at Microsoft.AspNetCore.Mvc.Infrastructure.ControllerActionInvoker.<InvokeActionMethodAsync>g__Awaited|12_0(ControllerActionInvoker invoker, ValueTask`1 actionResultValueTask)
   at Microsoft.AspNetCore.Mvc.Infrastructure.ControllerActionInvoker.<InvokeNextActionFilterAsync>g__Awaited|10_0(ControllerActionInvoker invoker, Task lastTask, State next, Scope scope, Object state, Boolean isCompleted)
   at Microsoft.AspNetCore.Mvc.Infrastructure.ControllerActionInvoker.Rethrow(ActionExecutedContextSealed context)
   at Microsoft.AspNetCore.Mvc.Infrastructure.ControllerActionInvoker.Next(State& next, Scope& scope, Object& state, Boolean& isCompleted)
   at Microsoft.AspNetCore.Mvc.Infrastructure.ControllerActionInvoker.<InvokeInnerFilterAsync>g__Awaited|13_0(ControllerActionInvoker invoker, Task lastTask, State next, Scope scope, Object state, Boolean isCompleted)
   at Microsoft.AspNetCore.Mvc.Infrastructure.ResourceInvoker.<InvokeFilterPipelineAsync>g__Awaited|20_0(ResourceInvoker invoker, Task lastTask, State next, Scope scope, Object state, Boolean isCompleted)
   at Microsoft.AspNetCore.Mvc.Infrastructure.ResourceInvoker.<InvokeAsync>g__Awaited|17_0(ResourceInvoker invoker, Task task, IDisposable scope)
   at Microsoft.AspNetCore.Mvc.Infrastructure.ResourceInvoker.<InvokeAsync>g__Awaited|17_0(ResourceInvoker invoker, Task task, IDisposable scope)
   at Microsoft.AspNetCore.Authorization.AuthorizationMiddleware.Invoke(HttpContext context)
   at Microsoft.AspNetCore.Authentication.AuthenticationMiddleware.Invoke(HttpContext context)
   at Serilog.AspNetCore.RequestLoggingMiddleware.Invoke(HttpContext httpContext)
2026-05-06 00:49:55.259 +07:00 [INF] Executed DbCommand (6ms) [Parameters=[@p0='?' (DbType = Guid), @p1='?' (DbType = Guid), @p2='?' (Size = 20), @p3='?' (Size = 2000), @p4='?' (DbType = DateTime2), @p5='?' (Size = 1000), @p6='?' (Size = 30), @p7='?' (Size = 50), @p8='?' (Size = 20), @p9='?' (DbType = DateTime2)], CommandType='"Text"', CommandTimeout='30']
SET IMPLICIT_TRANSACTIONS OFF;
SET NOCOUNT ON;
INSERT INTO [SystemLogs] ([Id], [ActorId], [ActorType], [AdditionalData], [CreatedAt], [Description], [EventType], [IpAddress], [Status], [Timestamp])
VALUES (@p0, @p1, @p2, @p3, @p4, @p5, @p6, @p7, @p8, @p9);
2026-05-06 00:49:55.259 +07:00 [ERR] [EXCEPTION] 500 /api/greetings – An error occurred while saving the entity changes. See the inner exception for details.
Microsoft.EntityFrameworkCore.DbUpdateException: An error occurred while saving the entity changes. See the inner exception for details.
 ---> Microsoft.Data.SqlClient.SqlException (0x80131904): The INSERT statement conflicted with the FOREIGN KEY constraint "FK_GreetingTransactions_Users_SenderId". The conflict occurred in database "EGreetingsDb_Dev", table "dbo.Users", column 'Id'.
The statement has been terminated.
   at System.Threading.Tasks.ContinuationResultTaskFromResultTask`2.InnerInvoke()
   at System.Threading.ExecutionContext.RunInternal(ExecutionContext executionContext, ContextCallback callback, Object state)
--- End of stack trace from previous location ---
   at System.Threading.ExecutionContext.RunInternal(ExecutionContext executionContext, ContextCallback callback, Object state)
   at System.Threading.Tasks.Task.ExecuteWithThreadLocal(Task& currentTaskSlot, Thread threadPoolThread)
--- End of stack trace from previous location ---
   at Microsoft.EntityFrameworkCore.Storage.RelationalCommand.ExecuteReaderAsync(RelationalCommandParameterObject parameterObject, CancellationToken cancellationToken)
   at Microsoft.EntityFrameworkCore.Storage.RelationalCommand.ExecuteReaderAsync(RelationalCommandParameterObject parameterObject, CancellationToken cancellationToken)
   at Microsoft.EntityFrameworkCore.Update.ReaderModificationCommandBatch.ExecuteAsync(IRelationalConnection connection, CancellationToken cancellationToken)
ClientConnectionId:cd441af5-15ff-491c-b482-8c293939889e
Error Number:547,State:0,Class:16
   --- End of inner exception stack trace ---
   at Microsoft.EntityFrameworkCore.Update.ReaderModificationCommandBatch.ExecuteAsync(IRelationalConnection connection, CancellationToken cancellationToken)
   at Microsoft.EntityFrameworkCore.SqlServer.Update.Internal.SqlServerModificationCommandBatch.ExecuteAsync(IRelationalConnection connection, CancellationToken cancellationToken)
   at Microsoft.EntityFrameworkCore.Update.Internal.BatchExecutor.ExecuteAsync(IEnumerable`1 commandBatches, IRelationalConnection connection, CancellationToken cancellationToken)
   at Microsoft.EntityFrameworkCore.Update.Internal.BatchExecutor.ExecuteAsync(IEnumerable`1 commandBatches, IRelationalConnection connection, CancellationToken cancellationToken)
   at Microsoft.EntityFrameworkCore.Update.Internal.BatchExecutor.ExecuteAsync(IEnumerable`1 commandBatches, IRelationalConnection connection, CancellationToken cancellationToken)
   at Microsoft.EntityFrameworkCore.Storage.RelationalDatabase.SaveChangesAsync(IList`1 entries, CancellationToken cancellationToken)
   at Microsoft.EntityFrameworkCore.ChangeTracking.Internal.StateManager.SaveChangesAsync(IList`1 entriesToSave, CancellationToken cancellationToken)
   at Microsoft.EntityFrameworkCore.ChangeTracking.Internal.StateManager.SaveChangesAsync(StateManager stateManager, Boolean acceptAllChangesOnSuccess, CancellationToken cancellationToken)
   at Microsoft.EntityFrameworkCore.SqlServer.Storage.Internal.SqlServerExecutionStrategy.ExecuteAsync[TState,TResult](TState state, Func`4 operation, Func`4 verifySucceeded, CancellationToken cancellationToken)
   at Microsoft.EntityFrameworkCore.DbContext.SaveChangesAsync(Boolean acceptAllChangesOnSuccess, CancellationToken cancellationToken)
   at Microsoft.EntityFrameworkCore.DbContext.SaveChangesAsync(Boolean acceptAllChangesOnSuccess, CancellationToken cancellationToken)
   at EGreetings.Application.Commands.Cards.SendGreeting.SendGreetingCardCommandHandler.Handle(SendGreetingCardCommand request, CancellationToken ct) in /Users/alanstars1301/Documents/Claude/Projects/eGreeting/Backend/src/EGreetings.Application/Commands/Cards/SendGreeting/SendGreetingCardCommand.cs:line 93
   at EGreetings.Application.Behaviors.PerformanceBehavior`2.Handle(TRequest request, RequestHandlerDelegate`1 next, CancellationToken cancellationToken) in /Users/alanstars1301/Documents/Claude/Projects/eGreeting/Backend/src/EGreetings.Application/Behaviors/PerformanceBehavior.cs:line 25
   at EGreetings.Application.Behaviors.ValidationBehavior`2.Handle(TRequest request, RequestHandlerDelegate`1 next, CancellationToken cancellationToken) in /Users/alanstars1301/Documents/Claude/Projects/eGreeting/Backend/src/EGreetings.Application/Behaviors/ValidationBehavior.cs:line 39
   at EGreetings.Application.Behaviors.LoggingBehavior`2.Handle(TRequest request, RequestHandlerDelegate`1 next, CancellationToken cancellationToken) in /Users/alanstars1301/Documents/Claude/Projects/eGreeting/Backend/src/EGreetings.Application/Behaviors/LoggingBehavior.cs:line 39
   at EGreetings.Application.Behaviors.LoggingBehavior`2.Handle(TRequest request, RequestHandlerDelegate`1 next, CancellationToken cancellationToken) in /Users/alanstars1301/Documents/Claude/Projects/eGreeting/Backend/src/EGreetings.Application/Behaviors/LoggingBehavior.cs:line 68
   at EGreetings.API.Controllers.CardsController.SendGreeting(SendGreetingCardCommand command, CancellationToken ct) in /Users/alanstars1301/Documents/Claude/Projects/eGreeting/Backend/src/EGreetings.API/Controllers/CardsController.cs:line 99
   at Microsoft.AspNetCore.Mvc.Infrastructure.ActionMethodExecutor.TaskOfIActionResultExecutor.Execute(ActionContext actionContext, IActionResultTypeMapper mapper, ObjectMethodExecutor executor, Object controller, Object[] arguments)
   at Microsoft.AspNetCore.Mvc.Infrastructure.ControllerActionInvoker.<InvokeActionMethodAsync>g__Awaited|12_0(ControllerActionInvoker invoker, ValueTask`1 actionResultValueTask)
   at Microsoft.AspNetCore.Mvc.Infrastructure.ControllerActionInvoker.<InvokeNextActionFilterAsync>g__Awaited|10_0(ControllerActionInvoker invoker, Task lastTask, State next, Scope scope, Object state, Boolean isCompleted)
   at Microsoft.AspNetCore.Mvc.Infrastructure.ControllerActionInvoker.Rethrow(ActionExecutedContextSealed context)
   at Microsoft.AspNetCore.Mvc.Infrastructure.ControllerActionInvoker.Next(State& next, Scope& scope, Object& state, Boolean& isCompleted)
   at Microsoft.AspNetCore.Mvc.Infrastructure.ControllerActionInvoker.<InvokeInnerFilterAsync>g__Awaited|13_0(ControllerActionInvoker invoker, Task lastTask, State next, Scope scope, Object state, Boolean isCompleted)
   at Microsoft.AspNetCore.Mvc.Infrastructure.ResourceInvoker.<InvokeFilterPipelineAsync>g__Awaited|20_0(ResourceInvoker invoker, Task lastTask, State next, Scope scope, Object state, Boolean isCompleted)
   at Microsoft.AspNetCore.Mvc.Infrastructure.ResourceInvoker.<InvokeAsync>g__Awaited|17_0(ResourceInvoker invoker, Task task, IDisposable scope)
   at Microsoft.AspNetCore.Mvc.Infrastructure.ResourceInvoker.<InvokeAsync>g__Awaited|17_0(ResourceInvoker invoker, Task task, IDisposable scope)
   at Microsoft.AspNetCore.Authorization.AuthorizationMiddleware.Invoke(HttpContext context)
   at Microsoft.AspNetCore.Authentication.AuthenticationMiddleware.Invoke(HttpContext context)
   at Serilog.AspNetCore.RequestLoggingMiddleware.Invoke(HttpContext httpContext)
   at EGreetings.API.Middlewares.SecurityHeadersMiddleware.InvokeAsync(HttpContext context) in /Users/alanstars1301/Documents/Claude/Projects/eGreeting/Backend/src/EGreetings.API/Middlewares/ApiMiddlewares.cs:line 121
   at EGreetings.API.Middlewares.GlobalExceptionMiddleware.InvokeAsync(HttpContext context) in /Users/alanstars1301/Documents/Claude/Projects/eGreeting/Backend/src/EGreetings.API/Middlewares/ApiMiddlewares.cs:line 36
2026-05-06 00:49:57.639 +07:00 [INF] [CQRS] Handling SendGreetingCardCommand
2026-05-06 00:49:57.643 +07:00 [INF] Executed DbCommand (2ms) [Parameters=[@__request_SenderId_0='?' (DbType = Guid)], CommandType='"Text"', CommandTimeout='30']
SELECT CASE
    WHEN EXISTS (
        SELECT 1
        FROM [Subscriptions] AS [s]
        WHERE [s].[UserId] = @__request_SenderId_0 AND [s].[Status] = N'Active') THEN CAST(1 AS bit)
    ELSE CAST(0 AS bit)
END
2026-05-06 00:49:57.646 +07:00 [INF] Executed DbCommand (3ms) [Parameters=[@__8__locals1_request_SenderId_0='?' (DbType = Guid), @__today_1='?' (DbType = DateTime2), @__AddDays_2='?' (DbType = DateTime2)], CommandType='"Text"', CommandTimeout='30']
SELECT COUNT(*)
FROM [GreetingTransactions] AS [g]
WHERE [g].[SenderId] = @__8__locals1_request_SenderId_0 AND [g].[SubscriptionId] IS NULL AND [g].[CreatedAt] >= @__today_1 AND [g].[CreatedAt] < @__AddDays_2
2026-05-06 00:49:57.648 +07:00 [INF] Executed DbCommand (2ms) [Parameters=[@__request_CardId_0='?' (DbType = Guid)], CommandType='"Text"', CommandTimeout='30']
SELECT TOP(1) [g].[Id], [g].[CategoryId], [g].[CreatedAt], [g].[CustomJsonContent], [g].[DeletedAt], [g].[Description], [g].[FileUrl], [g].[IsDeleted], [g].[IsFeatured], [g].[IsPremium], [g].[Name], [g].[Slug], [g].[Status], [g].[Tags], [g].[ThumbnailUrl], [g].[UpdatedAt]
FROM [GreetingCards] AS [g]
WHERE [g].[IsDeleted] = CAST(0 AS bit) AND [g].[Id] = @__request_CardId_0 AND [g].[Status] = N'Active' AND [g].[IsDeleted] = CAST(0 AS bit)
2026-05-06 00:49:57.652 +07:00 [ERR] Failed executing DbCommand (3ms) [Parameters=[@p0='?' (DbType = Guid), @p1='?' (DbType = Guid), @p2='?' (DbType = DateTime2), @p3='?' (Size = 500), @p4='?' (Size = 256) (DbType = AnsiString), @p5='?' (DbType = Int32), @p6='?' (DbType = DateTime2), @p7='?' (DbType = Guid), @p8='?' (DbType = DateTime2), @p9='?' (Size = 20), @p10='?' (Size = 300), @p11='?' (DbType = Guid)], CommandType='"Text"', CommandTimeout='30']
SET IMPLICIT_TRANSACTIONS OFF;
SET NOCOUNT ON;
INSERT INTO [GreetingTransactions] ([Id], [CardId], [CreatedAt], [PersonalMessage], [RecipientEmail], [RetryCount], [ScheduledSendAt], [SenderId], [SentAt], [Status], [Subject], [SubscriptionId])
VALUES (@p0, @p1, @p2, @p3, @p4, @p5, @p6, @p7, @p8, @p9, @p10, @p11);
2026-05-06 00:49:57.654 +07:00 [ERR] An exception occurred in the database while saving changes for context type 'EGreetings.Infrastructure.Persistence.AppDbContext'.
Microsoft.EntityFrameworkCore.DbUpdateException: An error occurred while saving the entity changes. See the inner exception for details.
 ---> Microsoft.Data.SqlClient.SqlException (0x80131904): The INSERT statement conflicted with the FOREIGN KEY constraint "FK_GreetingTransactions_Users_SenderId". The conflict occurred in database "EGreetingsDb_Dev", table "dbo.Users", column 'Id'.
The statement has been terminated.
   at System.Threading.Tasks.ContinuationResultTaskFromResultTask`2.InnerInvoke()
   at System.Threading.ExecutionContext.RunInternal(ExecutionContext executionContext, ContextCallback callback, Object state)
--- End of stack trace from previous location ---
   at System.Threading.ExecutionContext.RunInternal(ExecutionContext executionContext, ContextCallback callback, Object state)
   at System.Threading.Tasks.Task.ExecuteWithThreadLocal(Task& currentTaskSlot, Thread threadPoolThread)
--- End of stack trace from previous location ---
   at Microsoft.EntityFrameworkCore.Storage.RelationalCommand.ExecuteReaderAsync(RelationalCommandParameterObject parameterObject, CancellationToken cancellationToken)
   at Microsoft.EntityFrameworkCore.Storage.RelationalCommand.ExecuteReaderAsync(RelationalCommandParameterObject parameterObject, CancellationToken cancellationToken)
   at Microsoft.EntityFrameworkCore.Update.ReaderModificationCommandBatch.ExecuteAsync(IRelationalConnection connection, CancellationToken cancellationToken)
ClientConnectionId:cd441af5-15ff-491c-b482-8c293939889e
Error Number:547,State:0,Class:16
   --- End of inner exception stack trace ---
   at Microsoft.EntityFrameworkCore.Update.ReaderModificationCommandBatch.ExecuteAsync(IRelationalConnection connection, CancellationToken cancellationToken)
   at Microsoft.EntityFrameworkCore.SqlServer.Update.Internal.SqlServerModificationCommandBatch.ExecuteAsync(IRelationalConnection connection, CancellationToken cancellationToken)
   at Microsoft.EntityFrameworkCore.Update.Internal.BatchExecutor.ExecuteAsync(IEnumerable`1 commandBatches, IRelationalConnection connection, CancellationToken cancellationToken)
   at Microsoft.EntityFrameworkCore.Update.Internal.BatchExecutor.ExecuteAsync(IEnumerable`1 commandBatches, IRelationalConnection connection, CancellationToken cancellationToken)
   at Microsoft.EntityFrameworkCore.Update.Internal.BatchExecutor.ExecuteAsync(IEnumerable`1 commandBatches, IRelationalConnection connection, CancellationToken cancellationToken)
   at Microsoft.EntityFrameworkCore.Storage.RelationalDatabase.SaveChangesAsync(IList`1 entries, CancellationToken cancellationToken)
   at Microsoft.EntityFrameworkCore.ChangeTracking.Internal.StateManager.SaveChangesAsync(IList`1 entriesToSave, CancellationToken cancellationToken)
   at Microsoft.EntityFrameworkCore.ChangeTracking.Internal.StateManager.SaveChangesAsync(StateManager stateManager, Boolean acceptAllChangesOnSuccess, CancellationToken cancellationToken)
   at Microsoft.EntityFrameworkCore.SqlServer.Storage.Internal.SqlServerExecutionStrategy.ExecuteAsync[TState,TResult](TState state, Func`4 operation, Func`4 verifySucceeded, CancellationToken cancellationToken)
   at Microsoft.EntityFrameworkCore.DbContext.SaveChangesAsync(Boolean acceptAllChangesOnSuccess, CancellationToken cancellationToken)
Microsoft.EntityFrameworkCore.DbUpdateException: An error occurred while saving the entity changes. See the inner exception for details.
 ---> Microsoft.Data.SqlClient.SqlException (0x80131904): The INSERT statement conflicted with the FOREIGN KEY constraint "FK_GreetingTransactions_Users_SenderId". The conflict occurred in database "EGreetingsDb_Dev", table "dbo.Users", column 'Id'.
The statement has been terminated.
   at System.Threading.Tasks.ContinuationResultTaskFromResultTask`2.InnerInvoke()
   at System.Threading.ExecutionContext.RunInternal(ExecutionContext executionContext, ContextCallback callback, Object state)
--- End of stack trace from previous location ---
   at System.Threading.ExecutionContext.RunInternal(ExecutionContext executionContext, ContextCallback callback, Object state)
   at System.Threading.Tasks.Task.ExecuteWithThreadLocal(Task& currentTaskSlot, Thread threadPoolThread)
--- End of stack trace from previous location ---
   at Microsoft.EntityFrameworkCore.Storage.RelationalCommand.ExecuteReaderAsync(RelationalCommandParameterObject parameterObject, CancellationToken cancellationToken)
   at Microsoft.EntityFrameworkCore.Storage.RelationalCommand.ExecuteReaderAsync(RelationalCommandParameterObject parameterObject, CancellationToken cancellationToken)
   at Microsoft.EntityFrameworkCore.Update.ReaderModificationCommandBatch.ExecuteAsync(IRelationalConnection connection, CancellationToken cancellationToken)
ClientConnectionId:cd441af5-15ff-491c-b482-8c293939889e
Error Number:547,State:0,Class:16
   --- End of inner exception stack trace ---
   at Microsoft.EntityFrameworkCore.Update.ReaderModificationCommandBatch.ExecuteAsync(IRelationalConnection connection, CancellationToken cancellationToken)
   at Microsoft.EntityFrameworkCore.SqlServer.Update.Internal.SqlServerModificationCommandBatch.ExecuteAsync(IRelationalConnection connection, CancellationToken cancellationToken)
   at Microsoft.EntityFrameworkCore.Update.Internal.BatchExecutor.ExecuteAsync(IEnumerable`1 commandBatches, IRelationalConnection connection, CancellationToken cancellationToken)
   at Microsoft.EntityFrameworkCore.Update.Internal.BatchExecutor.ExecuteAsync(IEnumerable`1 commandBatches, IRelationalConnection connection, CancellationToken cancellationToken)
   at Microsoft.EntityFrameworkCore.Update.Internal.BatchExecutor.ExecuteAsync(IEnumerable`1 commandBatches, IRelationalConnection connection, CancellationToken cancellationToken)
   at Microsoft.EntityFrameworkCore.Storage.RelationalDatabase.SaveChangesAsync(IList`1 entries, CancellationToken cancellationToken)
   at Microsoft.EntityFrameworkCore.ChangeTracking.Internal.StateManager.SaveChangesAsync(IList`1 entriesToSave, CancellationToken cancellationToken)
   at Microsoft.EntityFrameworkCore.ChangeTracking.Internal.StateManager.SaveChangesAsync(StateManager stateManager, Boolean acceptAllChangesOnSuccess, CancellationToken cancellationToken)
   at Microsoft.EntityFrameworkCore.SqlServer.Storage.Internal.SqlServerExecutionStrategy.ExecuteAsync[TState,TResult](TState state, Func`4 operation, Func`4 verifySucceeded, CancellationToken cancellationToken)
   at Microsoft.EntityFrameworkCore.DbContext.SaveChangesAsync(Boolean acceptAllChangesOnSuccess, CancellationToken cancellationToken)
2026-05-06 00:49:57.655 +07:00 [ERR] [CQRS] Error handling SendGreetingCardCommand: An error occurred while saving the entity changes. See the inner exception for details.
Microsoft.EntityFrameworkCore.DbUpdateException: An error occurred while saving the entity changes. See the inner exception for details.
 ---> Microsoft.Data.SqlClient.SqlException (0x80131904): The INSERT statement conflicted with the FOREIGN KEY constraint "FK_GreetingTransactions_Users_SenderId". The conflict occurred in database "EGreetingsDb_Dev", table "dbo.Users", column 'Id'.
The statement has been terminated.
   at System.Threading.Tasks.ContinuationResultTaskFromResultTask`2.InnerInvoke()
   at System.Threading.ExecutionContext.RunInternal(ExecutionContext executionContext, ContextCallback callback, Object state)
--- End of stack trace from previous location ---
   at System.Threading.ExecutionContext.RunInternal(ExecutionContext executionContext, ContextCallback callback, Object state)
   at System.Threading.Tasks.Task.ExecuteWithThreadLocal(Task& currentTaskSlot, Thread threadPoolThread)
--- End of stack trace from previous location ---
   at Microsoft.EntityFrameworkCore.Storage.RelationalCommand.ExecuteReaderAsync(RelationalCommandParameterObject parameterObject, CancellationToken cancellationToken)
   at Microsoft.EntityFrameworkCore.Storage.RelationalCommand.ExecuteReaderAsync(RelationalCommandParameterObject parameterObject, CancellationToken cancellationToken)
   at Microsoft.EntityFrameworkCore.Update.ReaderModificationCommandBatch.ExecuteAsync(IRelationalConnection connection, CancellationToken cancellationToken)
ClientConnectionId:cd441af5-15ff-491c-b482-8c293939889e
Error Number:547,State:0,Class:16
   --- End of inner exception stack trace ---
   at Microsoft.EntityFrameworkCore.Update.ReaderModificationCommandBatch.ExecuteAsync(IRelationalConnection connection, CancellationToken cancellationToken)
   at Microsoft.EntityFrameworkCore.SqlServer.Update.Internal.SqlServerModificationCommandBatch.ExecuteAsync(IRelationalConnection connection, CancellationToken cancellationToken)
   at Microsoft.EntityFrameworkCore.Update.Internal.BatchExecutor.ExecuteAsync(IEnumerable`1 commandBatches, IRelationalConnection connection, CancellationToken cancellationToken)
   at Microsoft.EntityFrameworkCore.Update.Internal.BatchExecutor.ExecuteAsync(IEnumerable`1 commandBatches, IRelationalConnection connection, CancellationToken cancellationToken)
   at Microsoft.EntityFrameworkCore.Update.Internal.BatchExecutor.ExecuteAsync(IEnumerable`1 commandBatches, IRelationalConnection connection, CancellationToken cancellationToken)
   at Microsoft.EntityFrameworkCore.Storage.RelationalDatabase.SaveChangesAsync(IList`1 entries, CancellationToken cancellationToken)
   at Microsoft.EntityFrameworkCore.ChangeTracking.Internal.StateManager.SaveChangesAsync(IList`1 entriesToSave, CancellationToken cancellationToken)
   at Microsoft.EntityFrameworkCore.ChangeTracking.Internal.StateManager.SaveChangesAsync(StateManager stateManager, Boolean acceptAllChangesOnSuccess, CancellationToken cancellationToken)
   at Microsoft.EntityFrameworkCore.SqlServer.Storage.Internal.SqlServerExecutionStrategy.ExecuteAsync[TState,TResult](TState state, Func`4 operation, Func`4 verifySucceeded, CancellationToken cancellationToken)
   at Microsoft.EntityFrameworkCore.DbContext.SaveChangesAsync(Boolean acceptAllChangesOnSuccess, CancellationToken cancellationToken)
   at Microsoft.EntityFrameworkCore.DbContext.SaveChangesAsync(Boolean acceptAllChangesOnSuccess, CancellationToken cancellationToken)
   at EGreetings.Application.Commands.Cards.SendGreeting.SendGreetingCardCommandHandler.Handle(SendGreetingCardCommand request, CancellationToken ct) in /Users/alanstars1301/Documents/Claude/Projects/eGreeting/Backend/src/EGreetings.Application/Commands/Cards/SendGreeting/SendGreetingCardCommand.cs:line 93
   at EGreetings.Application.Behaviors.PerformanceBehavior`2.Handle(TRequest request, RequestHandlerDelegate`1 next, CancellationToken cancellationToken) in /Users/alanstars1301/Documents/Claude/Projects/eGreeting/Backend/src/EGreetings.Application/Behaviors/PerformanceBehavior.cs:line 25
   at EGreetings.Application.Behaviors.ValidationBehavior`2.Handle(TRequest request, RequestHandlerDelegate`1 next, CancellationToken cancellationToken) in /Users/alanstars1301/Documents/Claude/Projects/eGreeting/Backend/src/EGreetings.Application/Behaviors/ValidationBehavior.cs:line 39
   at EGreetings.Application.Behaviors.LoggingBehavior`2.Handle(TRequest request, RequestHandlerDelegate`1 next, CancellationToken cancellationToken) in /Users/alanstars1301/Documents/Claude/Projects/eGreeting/Backend/src/EGreetings.Application/Behaviors/LoggingBehavior.cs:line 39
2026-05-06 00:49:57.656 +07:00 [ERR] HTTP POST /api/greetings responded 500 in 20.2695 ms
Microsoft.EntityFrameworkCore.DbUpdateException: An error occurred while saving the entity changes. See the inner exception for details.
 ---> Microsoft.Data.SqlClient.SqlException (0x80131904): The INSERT statement conflicted with the FOREIGN KEY constraint "FK_GreetingTransactions_Users_SenderId". The conflict occurred in database "EGreetingsDb_Dev", table "dbo.Users", column 'Id'.
The statement has been terminated.
   at System.Threading.Tasks.ContinuationResultTaskFromResultTask`2.InnerInvoke()
   at System.Threading.ExecutionContext.RunInternal(ExecutionContext executionContext, ContextCallback callback, Object state)
--- End of stack trace from previous location ---
   at System.Threading.ExecutionContext.RunInternal(ExecutionContext executionContext, ContextCallback callback, Object state)
   at System.Threading.Tasks.Task.ExecuteWithThreadLocal(Task& currentTaskSlot, Thread threadPoolThread)
--- End of stack trace from previous location ---
   at Microsoft.EntityFrameworkCore.Storage.RelationalCommand.ExecuteReaderAsync(RelationalCommandParameterObject parameterObject, CancellationToken cancellationToken)
   at Microsoft.EntityFrameworkCore.Storage.RelationalCommand.ExecuteReaderAsync(RelationalCommandParameterObject parameterObject, CancellationToken cancellationToken)
   at Microsoft.EntityFrameworkCore.Update.ReaderModificationCommandBatch.ExecuteAsync(IRelationalConnection connection, CancellationToken cancellationToken)
ClientConnectionId:cd441af5-15ff-491c-b482-8c293939889e
Error Number:547,State:0,Class:16
   --- End of inner exception stack trace ---
   at Microsoft.EntityFrameworkCore.Update.ReaderModificationCommandBatch.ExecuteAsync(IRelationalConnection connection, CancellationToken cancellationToken)
   at Microsoft.EntityFrameworkCore.SqlServer.Update.Internal.SqlServerModificationCommandBatch.ExecuteAsync(IRelationalConnection connection, CancellationToken cancellationToken)
   at Microsoft.EntityFrameworkCore.Update.Internal.BatchExecutor.ExecuteAsync(IEnumerable`1 commandBatches, IRelationalConnection connection, CancellationToken cancellationToken)
   at Microsoft.EntityFrameworkCore.Update.Internal.BatchExecutor.ExecuteAsync(IEnumerable`1 commandBatches, IRelationalConnection connection, CancellationToken cancellationToken)
   at Microsoft.EntityFrameworkCore.Update.Internal.BatchExecutor.ExecuteAsync(IEnumerable`1 commandBatches, IRelationalConnection connection, CancellationToken cancellationToken)
   at Microsoft.EntityFrameworkCore.Storage.RelationalDatabase.SaveChangesAsync(IList`1 entries, CancellationToken cancellationToken)
   at Microsoft.EntityFrameworkCore.ChangeTracking.Internal.StateManager.SaveChangesAsync(IList`1 entriesToSave, CancellationToken cancellationToken)
   at Microsoft.EntityFrameworkCore.ChangeTracking.Internal.StateManager.SaveChangesAsync(StateManager stateManager, Boolean acceptAllChangesOnSuccess, CancellationToken cancellationToken)
   at Microsoft.EntityFrameworkCore.SqlServer.Storage.Internal.SqlServerExecutionStrategy.ExecuteAsync[TState,TResult](TState state, Func`4 operation, Func`4 verifySucceeded, CancellationToken cancellationToken)
   at Microsoft.EntityFrameworkCore.DbContext.SaveChangesAsync(Boolean acceptAllChangesOnSuccess, CancellationToken cancellationToken)
   at Microsoft.EntityFrameworkCore.DbContext.SaveChangesAsync(Boolean acceptAllChangesOnSuccess, CancellationToken cancellationToken)
   at EGreetings.Application.Commands.Cards.SendGreeting.SendGreetingCardCommandHandler.Handle(SendGreetingCardCommand request, CancellationToken ct) in /Users/alanstars1301/Documents/Claude/Projects/eGreeting/Backend/src/EGreetings.Application/Commands/Cards/SendGreeting/SendGreetingCardCommand.cs:line 93
   at EGreetings.Application.Behaviors.PerformanceBehavior`2.Handle(TRequest request, RequestHandlerDelegate`1 next, CancellationToken cancellationToken) in /Users/alanstars1301/Documents/Claude/Projects/eGreeting/Backend/src/EGreetings.Application/Behaviors/PerformanceBehavior.cs:line 25
   at EGreetings.Application.Behaviors.ValidationBehavior`2.Handle(TRequest request, RequestHandlerDelegate`1 next, CancellationToken cancellationToken) in /Users/alanstars1301/Documents/Claude/Projects/eGreeting/Backend/src/EGreetings.Application/Behaviors/ValidationBehavior.cs:line 39
   at EGreetings.Application.Behaviors.LoggingBehavior`2.Handle(TRequest request, RequestHandlerDelegate`1 next, CancellationToken cancellationToken) in /Users/alanstars1301/Documents/Claude/Projects/eGreeting/Backend/src/EGreetings.Application/Behaviors/LoggingBehavior.cs:line 39
   at EGreetings.Application.Behaviors.LoggingBehavior`2.Handle(TRequest request, RequestHandlerDelegate`1 next, CancellationToken cancellationToken) in /Users/alanstars1301/Documents/Claude/Projects/eGreeting/Backend/src/EGreetings.Application/Behaviors/LoggingBehavior.cs:line 68
   at EGreetings.API.Controllers.CardsController.SendGreeting(SendGreetingCardCommand command, CancellationToken ct) in /Users/alanstars1301/Documents/Claude/Projects/eGreeting/Backend/src/EGreetings.API/Controllers/CardsController.cs:line 99
   at Microsoft.AspNetCore.Mvc.Infrastructure.ActionMethodExecutor.TaskOfIActionResultExecutor.Execute(ActionContext actionContext, IActionResultTypeMapper mapper, ObjectMethodExecutor executor, Object controller, Object[] arguments)
   at Microsoft.AspNetCore.Mvc.Infrastructure.ControllerActionInvoker.<InvokeActionMethodAsync>g__Awaited|12_0(ControllerActionInvoker invoker, ValueTask`1 actionResultValueTask)
   at Microsoft.AspNetCore.Mvc.Infrastructure.ControllerActionInvoker.<InvokeNextActionFilterAsync>g__Awaited|10_0(ControllerActionInvoker invoker, Task lastTask, State next, Scope scope, Object state, Boolean isCompleted)
   at Microsoft.AspNetCore.Mvc.Infrastructure.ControllerActionInvoker.Rethrow(ActionExecutedContextSealed context)
   at Microsoft.AspNetCore.Mvc.Infrastructure.ControllerActionInvoker.Next(State& next, Scope& scope, Object& state, Boolean& isCompleted)
   at Microsoft.AspNetCore.Mvc.Infrastructure.ControllerActionInvoker.<InvokeInnerFilterAsync>g__Awaited|13_0(ControllerActionInvoker invoker, Task lastTask, State next, Scope scope, Object state, Boolean isCompleted)
   at Microsoft.AspNetCore.Mvc.Infrastructure.ResourceInvoker.<InvokeFilterPipelineAsync>g__Awaited|20_0(ResourceInvoker invoker, Task lastTask, State next, Scope scope, Object state, Boolean isCompleted)
   at Microsoft.AspNetCore.Mvc.Infrastructure.ResourceInvoker.<InvokeAsync>g__Awaited|17_0(ResourceInvoker invoker, Task task, IDisposable scope)
   at Microsoft.AspNetCore.Mvc.Infrastructure.ResourceInvoker.<InvokeAsync>g__Awaited|17_0(ResourceInvoker invoker, Task task, IDisposable scope)
   at Microsoft.AspNetCore.Authorization.AuthorizationMiddleware.Invoke(HttpContext context)
   at Microsoft.AspNetCore.Authentication.AuthenticationMiddleware.Invoke(HttpContext context)
   at Serilog.AspNetCore.RequestLoggingMiddleware.Invoke(HttpContext httpContext)
2026-05-06 00:49:57.663 +07:00 [INF] Executed DbCommand (4ms) [Parameters=[@p0='?' (DbType = Guid), @p1='?' (DbType = Guid), @p2='?' (Size = 20), @p3='?' (Size = 2000), @p4='?' (DbType = DateTime2), @p5='?' (Size = 1000), @p6='?' (Size = 30), @p7='?' (Size = 50), @p8='?' (Size = 20), @p9='?' (DbType = DateTime2)], CommandType='"Text"', CommandTimeout='30']
SET IMPLICIT_TRANSACTIONS OFF;
SET NOCOUNT ON;
INSERT INTO [SystemLogs] ([Id], [ActorId], [ActorType], [AdditionalData], [CreatedAt], [Description], [EventType], [IpAddress], [Status], [Timestamp])
VALUES (@p0, @p1, @p2, @p3, @p4, @p5, @p6, @p7, @p8, @p9);
2026-05-06 00:49:57.663 +07:00 [ERR] [EXCEPTION] 500 /api/greetings – An error occurred while saving the entity changes. See the inner exception for details.
Microsoft.EntityFrameworkCore.DbUpdateException: An error occurred while saving the entity changes. See the inner exception for details.
 ---> Microsoft.Data.SqlClient.SqlException (0x80131904): The INSERT statement conflicted with the FOREIGN KEY constraint "FK_GreetingTransactions_Users_SenderId". The conflict occurred in database "EGreetingsDb_Dev", table "dbo.Users", column 'Id'.
The statement has been terminated.
   at System.Threading.Tasks.ContinuationResultTaskFromResultTask`2.InnerInvoke()
   at System.Threading.ExecutionContext.RunInternal(ExecutionContext executionContext, ContextCallback callback, Object state)
--- End of stack trace from previous location ---
   at System.Threading.ExecutionContext.RunInternal(ExecutionContext executionContext, ContextCallback callback, Object state)
   at System.Threading.Tasks.Task.ExecuteWithThreadLocal(Task& currentTaskSlot, Thread threadPoolThread)
--- End of stack trace from previous location ---
   at Microsoft.EntityFrameworkCore.Storage.RelationalCommand.ExecuteReaderAsync(RelationalCommandParameterObject parameterObject, CancellationToken cancellationToken)
   at Microsoft.EntityFrameworkCore.Storage.RelationalCommand.ExecuteReaderAsync(RelationalCommandParameterObject parameterObject, CancellationToken cancellationToken)
   at Microsoft.EntityFrameworkCore.Update.ReaderModificationCommandBatch.ExecuteAsync(IRelationalConnection connection, CancellationToken cancellationToken)
ClientConnectionId:cd441af5-15ff-491c-b482-8c293939889e
Error Number:547,State:0,Class:16
   --- End of inner exception stack trace ---
   at Microsoft.EntityFrameworkCore.Update.ReaderModificationCommandBatch.ExecuteAsync(IRelationalConnection connection, CancellationToken cancellationToken)
   at Microsoft.EntityFrameworkCore.SqlServer.Update.Internal.SqlServerModificationCommandBatch.ExecuteAsync(IRelationalConnection connection, CancellationToken cancellationToken)
   at Microsoft.EntityFrameworkCore.Update.Internal.BatchExecutor.ExecuteAsync(IEnumerable`1 commandBatches, IRelationalConnection connection, CancellationToken cancellationToken)
   at Microsoft.EntityFrameworkCore.Update.Internal.BatchExecutor.ExecuteAsync(IEnumerable`1 commandBatches, IRelationalConnection connection, CancellationToken cancellationToken)
   at Microsoft.EntityFrameworkCore.Update.Internal.BatchExecutor.ExecuteAsync(IEnumerable`1 commandBatches, IRelationalConnection connection, CancellationToken cancellationToken)
   at Microsoft.EntityFrameworkCore.Storage.RelationalDatabase.SaveChangesAsync(IList`1 entries, CancellationToken cancellationToken)
   at Microsoft.EntityFrameworkCore.ChangeTracking.Internal.StateManager.SaveChangesAsync(IList`1 entriesToSave, CancellationToken cancellationToken)
   at Microsoft.EntityFrameworkCore.ChangeTracking.Internal.StateManager.SaveChangesAsync(StateManager stateManager, Boolean acceptAllChangesOnSuccess, CancellationToken cancellationToken)
   at Microsoft.EntityFrameworkCore.SqlServer.Storage.Internal.SqlServerExecutionStrategy.ExecuteAsync[TState,TResult](TState state, Func`4 operation, Func`4 verifySucceeded, CancellationToken cancellationToken)
   at Microsoft.EntityFrameworkCore.DbContext.SaveChangesAsync(Boolean acceptAllChangesOnSuccess, CancellationToken cancellationToken)
   at Microsoft.EntityFrameworkCore.DbContext.SaveChangesAsync(Boolean acceptAllChangesOnSuccess, CancellationToken cancellationToken)
   at EGreetings.Application.Commands.Cards.SendGreeting.SendGreetingCardCommandHandler.Handle(SendGreetingCardCommand request, CancellationToken ct) in /Users/alanstars1301/Documents/Claude/Projects/eGreeting/Backend/src/EGreetings.Application/Commands/Cards/SendGreeting/SendGreetingCardCommand.cs:line 93
   at EGreetings.Application.Behaviors.PerformanceBehavior`2.Handle(TRequest request, RequestHandlerDelegate`1 next, CancellationToken cancellationToken) in /Users/alanstars1301/Documents/Claude/Projects/eGreeting/Backend/src/EGreetings.Application/Behaviors/PerformanceBehavior.cs:line 25
   at EGreetings.Application.Behaviors.ValidationBehavior`2.Handle(TRequest request, RequestHandlerDelegate`1 next, CancellationToken cancellationToken) in /Users/alanstars1301/Documents/Claude/Projects/eGreeting/Backend/src/EGreetings.Application/Behaviors/ValidationBehavior.cs:line 39
   at EGreetings.Application.Behaviors.LoggingBehavior`2.Handle(TRequest request, RequestHandlerDelegate`1 next, CancellationToken cancellationToken) in /Users/alanstars1301/Documents/Claude/Projects/eGreeting/Backend/src/EGreetings.Application/Behaviors/LoggingBehavior.cs:line 39
   at EGreetings.Application.Behaviors.LoggingBehavior`2.Handle(TRequest request, RequestHandlerDelegate`1 next, CancellationToken cancellationToken) in /Users/alanstars1301/Documents/Claude/Projects/eGreeting/Backend/src/EGreetings.Application/Behaviors/LoggingBehavior.cs:line 68
   at EGreetings.API.Controllers.CardsController.SendGreeting(SendGreetingCardCommand command, CancellationToken ct) in /Users/alanstars1301/Documents/Claude/Projects/eGreeting/Backend/src/EGreetings.API/Controllers/CardsController.cs:line 99
   at Microsoft.AspNetCore.Mvc.Infrastructure.ActionMethodExecutor.TaskOfIActionResultExecutor.Execute(ActionContext actionContext, IActionResultTypeMapper mapper, ObjectMethodExecutor executor, Object controller, Object[] arguments)
   at Microsoft.AspNetCore.Mvc.Infrastructure.ControllerActionInvoker.<InvokeActionMethodAsync>g__Awaited|12_0(ControllerActionInvoker invoker, ValueTask`1 actionResultValueTask)
   at Microsoft.AspNetCore.Mvc.Infrastructure.ControllerActionInvoker.<InvokeNextActionFilterAsync>g__Awaited|10_0(ControllerActionInvoker invoker, Task lastTask, State next, Scope scope, Object state, Boolean isCompleted)
   at Microsoft.AspNetCore.Mvc.Infrastructure.ControllerActionInvoker.Rethrow(ActionExecutedContextSealed context)
   at Microsoft.AspNetCore.Mvc.Infrastructure.ControllerActionInvoker.Next(State& next, Scope& scope, Object& state, Boolean& isCompleted)
   at Microsoft.AspNetCore.Mvc.Infrastructure.ControllerActionInvoker.<InvokeInnerFilterAsync>g__Awaited|13_0(ControllerActionInvoker invoker, Task lastTask, State next, Scope scope, Object state, Boolean isCompleted)
   at Microsoft.AspNetCore.Mvc.Infrastructure.ResourceInvoker.<InvokeFilterPipelineAsync>g__Awaited|20_0(ResourceInvoker invoker, Task lastTask, State next, Scope scope, Object state, Boolean isCompleted)
   at Microsoft.AspNetCore.Mvc.Infrastructure.ResourceInvoker.<InvokeAsync>g__Awaited|17_0(ResourceInvoker invoker, Task task, IDisposable scope)
   at Microsoft.AspNetCore.Mvc.Infrastructure.ResourceInvoker.<InvokeAsync>g__Awaited|17_0(ResourceInvoker invoker, Task task, IDisposable scope)
   at Microsoft.AspNetCore.Authorization.AuthorizationMiddleware.Invoke(HttpContext context)
   at Microsoft.AspNetCore.Authentication.AuthenticationMiddleware.Invoke(HttpContext context)
   at Serilog.AspNetCore.RequestLoggingMiddleware.Invoke(HttpContext httpContext)
   at EGreetings.API.Middlewares.SecurityHeadersMiddleware.InvokeAsync(HttpContext context) in /Users/alanstars1301/Documents/Claude/Projects/eGreeting/Backend/src/EGreetings.API/Middlewares/ApiMiddlewares.cs:line 121
   at EGreetings.API.Middlewares.GlobalExceptionMiddleware.InvokeAsync(HttpContext context) in /Users/alanstars1301/Documents/Claude/Projects/eGreeting/Backend/src/EGreetings.API/Middlewares/ApiMiddlewares.cs:line 36
2026-05-06 00:50:09.016 +07:00 [INF] Executed DbCommand (2ms) [Parameters=[@__now_0='?' (DbType = DateTime2)], CommandType='"Text"', CommandTimeout='30']
SELECT [e].[Id], [e].[CreatedAt], [e].[GreetingTransactionId], [e].[LastError], [e].[NextRetryAt], [e].[RetryCount], [e].[Status], [e].[UpdatedAt], [g].[Id], [g].[CardId], [g].[CreatedAt], [g].[PersonalMessage], [g].[RecipientEmail], [g].[RetryCount], [g].[ScheduledSendAt], [g].[SenderId], [g].[SentAt], [g].[Status], [g].[Subject], [g].[SubscriptionId], [u0].[Id], [u0].[CreatedAt], [u0].[DeletedAt], [u0].[Email], [u0].[EmailVerificationToken], [u0].[EmailVerificationTokenExpiry], [u0].[FailedLoginCount], [u0].[FullName], [u0].[IsDeleted], [u0].[LastLoginAt], [u0].[LockReason], [u0].[LockoutEndTime], [u0].[PasswordHash], [u0].[PasswordResetToken], [u0].[PasswordResetTokenExpiry], [u0].[PasswordResetTokenUsed], [u0].[RefreshTokenExpiry], [u0].[RefreshTokenHash], [u0].[Role], [u0].[SocialProvider], [u0].[SocialProviderId], [u0].[Status], [u0].[UpdatedAt], [g1].[Id], [g1].[CategoryId], [g1].[CreatedAt], [g1].[CustomJsonContent], [g1].[DeletedAt], [g1].[Description], [g1].[FileUrl], [g1].[IsDeleted], [g1].[IsFeatured], [g1].[IsPremium], [g1].[Name], [g1].[Slug], [g1].[Status], [g1].[Tags], [g1].[ThumbnailUrl], [g1].[UpdatedAt]
FROM [EmailRetryQueues] AS [e]
INNER JOIN [GreetingTransactions] AS [g] ON [e].[GreetingTransactionId] = [g].[Id]
INNER JOIN (
    SELECT [u].[Id], [u].[CreatedAt], [u].[DeletedAt], [u].[Email], [u].[EmailVerificationToken], [u].[EmailVerificationTokenExpiry], [u].[FailedLoginCount], [u].[FullName], [u].[IsDeleted], [u].[LastLoginAt], [u].[LockReason], [u].[LockoutEndTime], [u].[PasswordHash], [u].[PasswordResetToken], [u].[PasswordResetTokenExpiry], [u].[PasswordResetTokenUsed], [u].[RefreshTokenExpiry], [u].[RefreshTokenHash], [u].[Role], [u].[SocialProvider], [u].[SocialProviderId], [u].[Status], [u].[UpdatedAt]
    FROM [Users] AS [u]
    WHERE [u].[IsDeleted] = CAST(0 AS bit)
) AS [u0] ON [g].[SenderId] = [u0].[Id]
INNER JOIN (
    SELECT [g0].[Id], [g0].[CategoryId], [g0].[CreatedAt], [g0].[CustomJsonContent], [g0].[DeletedAt], [g0].[Description], [g0].[FileUrl], [g0].[IsDeleted], [g0].[IsFeatured], [g0].[IsPremium], [g0].[Name], [g0].[Slug], [g0].[Status], [g0].[Tags], [g0].[ThumbnailUrl], [g0].[UpdatedAt]
    FROM [GreetingCards] AS [g0]
    WHERE [g0].[IsDeleted] = CAST(0 AS bit)
) AS [g1] ON [g].[CardId] = [g1].[Id]
WHERE [e].[Status] = N'PendingRetry' AND [e].[NextRetryAt] <= @__now_0
2026-05-06 00:54:37.302 +07:00 [INF] [CQRS] Handling SendGreetingCardCommand
2026-05-06 00:54:37.316 +07:00 [INF] Executed DbCommand (5ms) [Parameters=[@__request_SenderId_0='?' (DbType = Guid)], CommandType='"Text"', CommandTimeout='30']
SELECT CASE
    WHEN EXISTS (
        SELECT 1
        FROM [Subscriptions] AS [s]
        WHERE [s].[UserId] = @__request_SenderId_0 AND [s].[Status] = N'Active') THEN CAST(1 AS bit)
    ELSE CAST(0 AS bit)
END
2026-05-06 00:54:37.324 +07:00 [INF] Executed DbCommand (6ms) [Parameters=[@__8__locals1_request_SenderId_0='?' (DbType = Guid), @__today_1='?' (DbType = DateTime2), @__AddDays_2='?' (DbType = DateTime2)], CommandType='"Text"', CommandTimeout='30']
SELECT COUNT(*)
FROM [GreetingTransactions] AS [g]
WHERE [g].[SenderId] = @__8__locals1_request_SenderId_0 AND [g].[SubscriptionId] IS NULL AND [g].[CreatedAt] >= @__today_1 AND [g].[CreatedAt] < @__AddDays_2
2026-05-06 00:54:37.326 +07:00 [INF] Executed DbCommand (2ms) [Parameters=[@__request_CardId_0='?' (DbType = Guid)], CommandType='"Text"', CommandTimeout='30']
SELECT TOP(1) [g].[Id], [g].[CategoryId], [g].[CreatedAt], [g].[CustomJsonContent], [g].[DeletedAt], [g].[Description], [g].[FileUrl], [g].[IsDeleted], [g].[IsFeatured], [g].[IsPremium], [g].[Name], [g].[Slug], [g].[Status], [g].[Tags], [g].[ThumbnailUrl], [g].[UpdatedAt]
FROM [GreetingCards] AS [g]
WHERE [g].[IsDeleted] = CAST(0 AS bit) AND [g].[Id] = @__request_CardId_0 AND [g].[Status] = N'Active' AND [g].[IsDeleted] = CAST(0 AS bit)
2026-05-06 00:54:37.350 +07:00 [ERR] Failed executing DbCommand (18ms) [Parameters=[@p0='?' (DbType = Guid), @p1='?' (DbType = Guid), @p2='?' (DbType = DateTime2), @p3='?' (Size = 500), @p4='?' (Size = 256) (DbType = AnsiString), @p5='?' (DbType = Int32), @p6='?' (DbType = DateTime2), @p7='?' (DbType = Guid), @p8='?' (DbType = DateTime2), @p9='?' (Size = 20), @p10='?' (Size = 300), @p11='?' (DbType = Guid)], CommandType='"Text"', CommandTimeout='30']
SET IMPLICIT_TRANSACTIONS OFF;
SET NOCOUNT ON;
INSERT INTO [GreetingTransactions] ([Id], [CardId], [CreatedAt], [PersonalMessage], [RecipientEmail], [RetryCount], [ScheduledSendAt], [SenderId], [SentAt], [Status], [Subject], [SubscriptionId])
VALUES (@p0, @p1, @p2, @p3, @p4, @p5, @p6, @p7, @p8, @p9, @p10, @p11);
2026-05-06 00:54:37.351 +07:00 [ERR] An exception occurred in the database while saving changes for context type 'EGreetings.Infrastructure.Persistence.AppDbContext'.
Microsoft.EntityFrameworkCore.DbUpdateException: An error occurred while saving the entity changes. See the inner exception for details.
 ---> Microsoft.Data.SqlClient.SqlException (0x80131904): The INSERT statement conflicted with the FOREIGN KEY constraint "FK_GreetingTransactions_Users_SenderId". The conflict occurred in database "EGreetingsDb_Dev", table "dbo.Users", column 'Id'.
The statement has been terminated.
   at System.Threading.Tasks.ContinuationResultTaskFromResultTask`2.InnerInvoke()
   at System.Threading.ExecutionContext.RunInternal(ExecutionContext executionContext, ContextCallback callback, Object state)
--- End of stack trace from previous location ---
   at System.Threading.ExecutionContext.RunInternal(ExecutionContext executionContext, ContextCallback callback, Object state)
   at System.Threading.Tasks.Task.ExecuteWithThreadLocal(Task& currentTaskSlot, Thread threadPoolThread)
--- End of stack trace from previous location ---
   at Microsoft.EntityFrameworkCore.Storage.RelationalCommand.ExecuteReaderAsync(RelationalCommandParameterObject parameterObject, CancellationToken cancellationToken)
   at Microsoft.EntityFrameworkCore.Storage.RelationalCommand.ExecuteReaderAsync(RelationalCommandParameterObject parameterObject, CancellationToken cancellationToken)
   at Microsoft.EntityFrameworkCore.Update.ReaderModificationCommandBatch.ExecuteAsync(IRelationalConnection connection, CancellationToken cancellationToken)
ClientConnectionId:19302d1a-88e8-4334-a436-ff710c321191
Error Number:547,State:0,Class:16
   --- End of inner exception stack trace ---
   at Microsoft.EntityFrameworkCore.Update.ReaderModificationCommandBatch.ExecuteAsync(IRelationalConnection connection, CancellationToken cancellationToken)
   at Microsoft.EntityFrameworkCore.SqlServer.Update.Internal.SqlServerModificationCommandBatch.ExecuteAsync(IRelationalConnection connection, CancellationToken cancellationToken)
   at Microsoft.EntityFrameworkCore.Update.Internal.BatchExecutor.ExecuteAsync(IEnumerable`1 commandBatches, IRelationalConnection connection, CancellationToken cancellationToken)
   at Microsoft.EntityFrameworkCore.Update.Internal.BatchExecutor.ExecuteAsync(IEnumerable`1 commandBatches, IRelationalConnection connection, CancellationToken cancellationToken)
   at Microsoft.EntityFrameworkCore.Update.Internal.BatchExecutor.ExecuteAsync(IEnumerable`1 commandBatches, IRelationalConnection connection, CancellationToken cancellationToken)
   at Microsoft.EntityFrameworkCore.Storage.RelationalDatabase.SaveChangesAsync(IList`1 entries, CancellationToken cancellationToken)
   at Microsoft.EntityFrameworkCore.ChangeTracking.Internal.StateManager.SaveChangesAsync(IList`1 entriesToSave, CancellationToken cancellationToken)
   at Microsoft.EntityFrameworkCore.ChangeTracking.Internal.StateManager.SaveChangesAsync(StateManager stateManager, Boolean acceptAllChangesOnSuccess, CancellationToken cancellationToken)
   at Microsoft.EntityFrameworkCore.SqlServer.Storage.Internal.SqlServerExecutionStrategy.ExecuteAsync[TState,TResult](TState state, Func`4 operation, Func`4 verifySucceeded, CancellationToken cancellationToken)
   at Microsoft.EntityFrameworkCore.DbContext.SaveChangesAsync(Boolean acceptAllChangesOnSuccess, CancellationToken cancellationToken)
Microsoft.EntityFrameworkCore.DbUpdateException: An error occurred while saving the entity changes. See the inner exception for details.
 ---> Microsoft.Data.SqlClient.SqlException (0x80131904): The INSERT statement conflicted with the FOREIGN KEY constraint "FK_GreetingTransactions_Users_SenderId". The conflict occurred in database "EGreetingsDb_Dev", table "dbo.Users", column 'Id'.
The statement has been terminated.
   at System.Threading.Tasks.ContinuationResultTaskFromResultTask`2.InnerInvoke()
   at System.Threading.ExecutionContext.RunInternal(ExecutionContext executionContext, ContextCallback callback, Object state)
--- End of stack trace from previous location ---
   at System.Threading.ExecutionContext.RunInternal(ExecutionContext executionContext, ContextCallback callback, Object state)
   at System.Threading.Tasks.Task.ExecuteWithThreadLocal(Task& currentTaskSlot, Thread threadPoolThread)
--- End of stack trace from previous location ---
   at Microsoft.EntityFrameworkCore.Storage.RelationalCommand.ExecuteReaderAsync(RelationalCommandParameterObject parameterObject, CancellationToken cancellationToken)
   at Microsoft.EntityFrameworkCore.Storage.RelationalCommand.ExecuteReaderAsync(RelationalCommandParameterObject parameterObject, CancellationToken cancellationToken)
   at Microsoft.EntityFrameworkCore.Update.ReaderModificationCommandBatch.ExecuteAsync(IRelationalConnection connection, CancellationToken cancellationToken)
ClientConnectionId:19302d1a-88e8-4334-a436-ff710c321191
Error Number:547,State:0,Class:16
   --- End of inner exception stack trace ---
   at Microsoft.EntityFrameworkCore.Update.ReaderModificationCommandBatch.ExecuteAsync(IRelationalConnection connection, CancellationToken cancellationToken)
   at Microsoft.EntityFrameworkCore.SqlServer.Update.Internal.SqlServerModificationCommandBatch.ExecuteAsync(IRelationalConnection connection, CancellationToken cancellationToken)
   at Microsoft.EntityFrameworkCore.Update.Internal.BatchExecutor.ExecuteAsync(IEnumerable`1 commandBatches, IRelationalConnection connection, CancellationToken cancellationToken)
   at Microsoft.EntityFrameworkCore.Update.Internal.BatchExecutor.ExecuteAsync(IEnumerable`1 commandBatches, IRelationalConnection connection, CancellationToken cancellationToken)
   at Microsoft.EntityFrameworkCore.Update.Internal.BatchExecutor.ExecuteAsync(IEnumerable`1 commandBatches, IRelationalConnection connection, CancellationToken cancellationToken)
   at Microsoft.EntityFrameworkCore.Storage.RelationalDatabase.SaveChangesAsync(IList`1 entries, CancellationToken cancellationToken)
   at Microsoft.EntityFrameworkCore.ChangeTracking.Internal.StateManager.SaveChangesAsync(IList`1 entriesToSave, CancellationToken cancellationToken)
   at Microsoft.EntityFrameworkCore.ChangeTracking.Internal.StateManager.SaveChangesAsync(StateManager stateManager, Boolean acceptAllChangesOnSuccess, CancellationToken cancellationToken)
   at Microsoft.EntityFrameworkCore.SqlServer.Storage.Internal.SqlServerExecutionStrategy.ExecuteAsync[TState,TResult](TState state, Func`4 operation, Func`4 verifySucceeded, CancellationToken cancellationToken)
   at Microsoft.EntityFrameworkCore.DbContext.SaveChangesAsync(Boolean acceptAllChangesOnSuccess, CancellationToken cancellationToken)
2026-05-06 00:54:37.353 +07:00 [ERR] [CQRS] Error handling SendGreetingCardCommand: An error occurred while saving the entity changes. See the inner exception for details.
Microsoft.EntityFrameworkCore.DbUpdateException: An error occurred while saving the entity changes. See the inner exception for details.
 ---> Microsoft.Data.SqlClient.SqlException (0x80131904): The INSERT statement conflicted with the FOREIGN KEY constraint "FK_GreetingTransactions_Users_SenderId". The conflict occurred in database "EGreetingsDb_Dev", table "dbo.Users", column 'Id'.
The statement has been terminated.
   at System.Threading.Tasks.ContinuationResultTaskFromResultTask`2.InnerInvoke()
   at System.Threading.ExecutionContext.RunInternal(ExecutionContext executionContext, ContextCallback callback, Object state)
--- End of stack trace from previous location ---
   at System.Threading.ExecutionContext.RunInternal(ExecutionContext executionContext, ContextCallback callback, Object state)
   at System.Threading.Tasks.Task.ExecuteWithThreadLocal(Task& currentTaskSlot, Thread threadPoolThread)
--- End of stack trace from previous location ---
   at Microsoft.EntityFrameworkCore.Storage.RelationalCommand.ExecuteReaderAsync(RelationalCommandParameterObject parameterObject, CancellationToken cancellationToken)
   at Microsoft.EntityFrameworkCore.Storage.RelationalCommand.ExecuteReaderAsync(RelationalCommandParameterObject parameterObject, CancellationToken cancellationToken)
   at Microsoft.EntityFrameworkCore.Update.ReaderModificationCommandBatch.ExecuteAsync(IRelationalConnection connection, CancellationToken cancellationToken)
ClientConnectionId:19302d1a-88e8-4334-a436-ff710c321191
Error Number:547,State:0,Class:16
   --- End of inner exception stack trace ---
   at Microsoft.EntityFrameworkCore.Update.ReaderModificationCommandBatch.ExecuteAsync(IRelationalConnection connection, CancellationToken cancellationToken)
   at Microsoft.EntityFrameworkCore.SqlServer.Update.Internal.SqlServerModificationCommandBatch.ExecuteAsync(IRelationalConnection connection, CancellationToken cancellationToken)
   at Microsoft.EntityFrameworkCore.Update.Internal.BatchExecutor.ExecuteAsync(IEnumerable`1 commandBatches, IRelationalConnection connection, CancellationToken cancellationToken)
   at Microsoft.EntityFrameworkCore.Update.Internal.BatchExecutor.ExecuteAsync(IEnumerable`1 commandBatches, IRelationalConnection connection, CancellationToken cancellationToken)
   at Microsoft.EntityFrameworkCore.Update.Internal.BatchExecutor.ExecuteAsync(IEnumerable`1 commandBatches, IRelationalConnection connection, CancellationToken cancellationToken)
   at Microsoft.EntityFrameworkCore.Storage.RelationalDatabase.SaveChangesAsync(IList`1 entries, CancellationToken cancellationToken)
   at Microsoft.EntityFrameworkCore.ChangeTracking.Internal.StateManager.SaveChangesAsync(IList`1 entriesToSave, CancellationToken cancellationToken)
   at Microsoft.EntityFrameworkCore.ChangeTracking.Internal.StateManager.SaveChangesAsync(StateManager stateManager, Boolean acceptAllChangesOnSuccess, CancellationToken cancellationToken)
   at Microsoft.EntityFrameworkCore.SqlServer.Storage.Internal.SqlServerExecutionStrategy.ExecuteAsync[TState,TResult](TState state, Func`4 operation, Func`4 verifySucceeded, CancellationToken cancellationToken)
   at Microsoft.EntityFrameworkCore.DbContext.SaveChangesAsync(Boolean acceptAllChangesOnSuccess, CancellationToken cancellationToken)
   at Microsoft.EntityFrameworkCore.DbContext.SaveChangesAsync(Boolean acceptAllChangesOnSuccess, CancellationToken cancellationToken)
   at EGreetings.Application.Commands.Cards.SendGreeting.SendGreetingCardCommandHandler.Handle(SendGreetingCardCommand request, CancellationToken ct) in /Users/alanstars1301/Documents/Claude/Projects/eGreeting/Backend/src/EGreetings.Application/Commands/Cards/SendGreeting/SendGreetingCardCommand.cs:line 93
   at EGreetings.Application.Behaviors.PerformanceBehavior`2.Handle(TRequest request, RequestHandlerDelegate`1 next, CancellationToken cancellationToken) in /Users/alanstars1301/Documents/Claude/Projects/eGreeting/Backend/src/EGreetings.Application/Behaviors/PerformanceBehavior.cs:line 25
   at EGreetings.Application.Behaviors.ValidationBehavior`2.Handle(TRequest request, RequestHandlerDelegate`1 next, CancellationToken cancellationToken) in /Users/alanstars1301/Documents/Claude/Projects/eGreeting/Backend/src/EGreetings.Application/Behaviors/ValidationBehavior.cs:line 39
   at EGreetings.Application.Behaviors.LoggingBehavior`2.Handle(TRequest request, RequestHandlerDelegate`1 next, CancellationToken cancellationToken) in /Users/alanstars1301/Documents/Claude/Projects/eGreeting/Backend/src/EGreetings.Application/Behaviors/LoggingBehavior.cs:line 39
2026-05-06 00:54:37.401 +07:00 [ERR] HTTP POST /api/greetings responded 500 in 116.9973 ms
Microsoft.EntityFrameworkCore.DbUpdateException: An error occurred while saving the entity changes. See the inner exception for details.
 ---> Microsoft.Data.SqlClient.SqlException (0x80131904): The INSERT statement conflicted with the FOREIGN KEY constraint "FK_GreetingTransactions_Users_SenderId". The conflict occurred in database "EGreetingsDb_Dev", table "dbo.Users", column 'Id'.
The statement has been terminated.
   at System.Threading.Tasks.ContinuationResultTaskFromResultTask`2.InnerInvoke()
   at System.Threading.ExecutionContext.RunInternal(ExecutionContext executionContext, ContextCallback callback, Object state)
--- End of stack trace from previous location ---
   at System.Threading.ExecutionContext.RunInternal(ExecutionContext executionContext, ContextCallback callback, Object state)
   at System.Threading.Tasks.Task.ExecuteWithThreadLocal(Task& currentTaskSlot, Thread threadPoolThread)
--- End of stack trace from previous location ---
   at Microsoft.EntityFrameworkCore.Storage.RelationalCommand.ExecuteReaderAsync(RelationalCommandParameterObject parameterObject, CancellationToken cancellationToken)
   at Microsoft.EntityFrameworkCore.Storage.RelationalCommand.ExecuteReaderAsync(RelationalCommandParameterObject parameterObject, CancellationToken cancellationToken)
   at Microsoft.EntityFrameworkCore.Update.ReaderModificationCommandBatch.ExecuteAsync(IRelationalConnection connection, CancellationToken cancellationToken)
ClientConnectionId:19302d1a-88e8-4334-a436-ff710c321191
Error Number:547,State:0,Class:16
   --- End of inner exception stack trace ---
   at Microsoft.EntityFrameworkCore.Update.ReaderModificationCommandBatch.ExecuteAsync(IRelationalConnection connection, CancellationToken cancellationToken)
   at Microsoft.EntityFrameworkCore.SqlServer.Update.Internal.SqlServerModificationCommandBatch.ExecuteAsync(IRelationalConnection connection, CancellationToken cancellationToken)
   at Microsoft.EntityFrameworkCore.Update.Internal.BatchExecutor.ExecuteAsync(IEnumerable`1 commandBatches, IRelationalConnection connection, CancellationToken cancellationToken)
   at Microsoft.EntityFrameworkCore.Update.Internal.BatchExecutor.ExecuteAsync(IEnumerable`1 commandBatches, IRelationalConnection connection, CancellationToken cancellationToken)
   at Microsoft.EntityFrameworkCore.Update.Internal.BatchExecutor.ExecuteAsync(IEnumerable`1 commandBatches, IRelationalConnection connection, CancellationToken cancellationToken)
   at Microsoft.EntityFrameworkCore.Storage.RelationalDatabase.SaveChangesAsync(IList`1 entries, CancellationToken cancellationToken)
   at Microsoft.EntityFrameworkCore.ChangeTracking.Internal.StateManager.SaveChangesAsync(IList`1 entriesToSave, CancellationToken cancellationToken)
   at Microsoft.EntityFrameworkCore.ChangeTracking.Internal.StateManager.SaveChangesAsync(StateManager stateManager, Boolean acceptAllChangesOnSuccess, CancellationToken cancellationToken)
   at Microsoft.EntityFrameworkCore.SqlServer.Storage.Internal.SqlServerExecutionStrategy.ExecuteAsync[TState,TResult](TState state, Func`4 operation, Func`4 verifySucceeded, CancellationToken cancellationToken)
   at Microsoft.EntityFrameworkCore.DbContext.SaveChangesAsync(Boolean acceptAllChangesOnSuccess, CancellationToken cancellationToken)
   at Microsoft.EntityFrameworkCore.DbContext.SaveChangesAsync(Boolean acceptAllChangesOnSuccess, CancellationToken cancellationToken)
   at EGreetings.Application.Commands.Cards.SendGreeting.SendGreetingCardCommandHandler.Handle(SendGreetingCardCommand request, CancellationToken ct) in /Users/alanstars1301/Documents/Claude/Projects/eGreeting/Backend/src/EGreetings.Application/Commands/Cards/SendGreeting/SendGreetingCardCommand.cs:line 93
   at EGreetings.Application.Behaviors.PerformanceBehavior`2.Handle(TRequest request, RequestHandlerDelegate`1 next, CancellationToken cancellationToken) in /Users/alanstars1301/Documents/Claude/Projects/eGreeting/Backend/src/EGreetings.Application/Behaviors/PerformanceBehavior.cs:line 25
   at EGreetings.Application.Behaviors.ValidationBehavior`2.Handle(TRequest request, RequestHandlerDelegate`1 next, CancellationToken cancellationToken) in /Users/alanstars1301/Documents/Claude/Projects/eGreeting/Backend/src/EGreetings.Application/Behaviors/ValidationBehavior.cs:line 39
   at EGreetings.Application.Behaviors.LoggingBehavior`2.Handle(TRequest request, RequestHandlerDelegate`1 next, CancellationToken cancellationToken) in /Users/alanstars1301/Documents/Claude/Projects/eGreeting/Backend/src/EGreetings.Application/Behaviors/LoggingBehavior.cs:line 39
   at EGreetings.Application.Behaviors.LoggingBehavior`2.Handle(TRequest request, RequestHandlerDelegate`1 next, CancellationToken cancellationToken) in /Users/alanstars1301/Documents/Claude/Projects/eGreeting/Backend/src/EGreetings.Application/Behaviors/LoggingBehavior.cs:line 68
   at EGreetings.API.Controllers.CardsController.SendGreeting(SendGreetingCardCommand command, CancellationToken ct) in /Users/alanstars1301/Documents/Claude/Projects/eGreeting/Backend/src/EGreetings.API/Controllers/CardsController.cs:line 99
   at Microsoft.AspNetCore.Mvc.Infrastructure.ActionMethodExecutor.TaskOfIActionResultExecutor.Execute(ActionContext actionContext, IActionResultTypeMapper mapper, ObjectMethodExecutor executor, Object controller, Object[] arguments)
   at Microsoft.AspNetCore.Mvc.Infrastructure.ControllerActionInvoker.<InvokeActionMethodAsync>g__Awaited|12_0(ControllerActionInvoker invoker, ValueTask`1 actionResultValueTask)
   at Microsoft.AspNetCore.Mvc.Infrastructure.ControllerActionInvoker.<InvokeNextActionFilterAsync>g__Awaited|10_0(ControllerActionInvoker invoker, Task lastTask, State next, Scope scope, Object state, Boolean isCompleted)
   at Microsoft.AspNetCore.Mvc.Infrastructure.ControllerActionInvoker.Rethrow(ActionExecutedContextSealed context)
   at Microsoft.AspNetCore.Mvc.Infrastructure.ControllerActionInvoker.Next(State& next, Scope& scope, Object& state, Boolean& isCompleted)
   at Microsoft.AspNetCore.Mvc.Infrastructure.ControllerActionInvoker.<InvokeInnerFilterAsync>g__Awaited|13_0(ControllerActionInvoker invoker, Task lastTask, State next, Scope scope, Object state, Boolean isCompleted)
   at Microsoft.AspNetCore.Mvc.Infrastructure.ResourceInvoker.<InvokeFilterPipelineAsync>g__Awaited|20_0(ResourceInvoker invoker, Task lastTask, State next, Scope scope, Object state, Boolean isCompleted)
   at Microsoft.AspNetCore.Mvc.Infrastructure.ResourceInvoker.<InvokeAsync>g__Awaited|17_0(ResourceInvoker invoker, Task task, IDisposable scope)
   at Microsoft.AspNetCore.Mvc.Infrastructure.ResourceInvoker.<InvokeAsync>g__Awaited|17_0(ResourceInvoker invoker, Task task, IDisposable scope)
   at Microsoft.AspNetCore.Authorization.AuthorizationMiddleware.Invoke(HttpContext context)
   at Microsoft.AspNetCore.Authentication.AuthenticationMiddleware.Invoke(HttpContext context)
   at Serilog.AspNetCore.RequestLoggingMiddleware.Invoke(HttpContext httpContext)
2026-05-06 00:54:37.463 +07:00 [INF] Executed DbCommand (20ms) [Parameters=[@p0='?' (DbType = Guid), @p1='?' (DbType = Guid), @p2='?' (Size = 20), @p3='?' (Size = 2000), @p4='?' (DbType = DateTime2), @p5='?' (Size = 1000), @p6='?' (Size = 30), @p7='?' (Size = 50), @p8='?' (Size = 20), @p9='?' (DbType = DateTime2)], CommandType='"Text"', CommandTimeout='30']
SET IMPLICIT_TRANSACTIONS OFF;
SET NOCOUNT ON;
INSERT INTO [SystemLogs] ([Id], [ActorId], [ActorType], [AdditionalData], [CreatedAt], [Description], [EventType], [IpAddress], [Status], [Timestamp])
VALUES (@p0, @p1, @p2, @p3, @p4, @p5, @p6, @p7, @p8, @p9);
2026-05-06 00:54:37.463 +07:00 [ERR] [EXCEPTION] 500 /api/greetings – An error occurred while saving the entity changes. See the inner exception for details.
Microsoft.EntityFrameworkCore.DbUpdateException: An error occurred while saving the entity changes. See the inner exception for details.
 ---> Microsoft.Data.SqlClient.SqlException (0x80131904): The INSERT statement conflicted with the FOREIGN KEY constraint "FK_GreetingTransactions_Users_SenderId". The conflict occurred in database "EGreetingsDb_Dev", table "dbo.Users", column 'Id'.
The statement has been terminated.
   at System.Threading.Tasks.ContinuationResultTaskFromResultTask`2.InnerInvoke()
   at System.Threading.ExecutionContext.RunInternal(ExecutionContext executionContext, ContextCallback callback, Object state)
--- End of stack trace from previous location ---
   at System.Threading.ExecutionContext.RunInternal(ExecutionContext executionContext, ContextCallback callback, Object state)
   at System.Threading.Tasks.Task.ExecuteWithThreadLocal(Task& currentTaskSlot, Thread threadPoolThread)
--- End of stack trace from previous location ---
   at Microsoft.EntityFrameworkCore.Storage.RelationalCommand.ExecuteReaderAsync(RelationalCommandParameterObject parameterObject, CancellationToken cancellationToken)
   at Microsoft.EntityFrameworkCore.Storage.RelationalCommand.ExecuteReaderAsync(RelationalCommandParameterObject parameterObject, CancellationToken cancellationToken)
   at Microsoft.EntityFrameworkCore.Update.ReaderModificationCommandBatch.ExecuteAsync(IRelationalConnection connection, CancellationToken cancellationToken)
ClientConnectionId:19302d1a-88e8-4334-a436-ff710c321191
Error Number:547,State:0,Class:16
   --- End of inner exception stack trace ---
   at Microsoft.EntityFrameworkCore.Update.ReaderModificationCommandBatch.ExecuteAsync(IRelationalConnection connection, CancellationToken cancellationToken)
   at Microsoft.EntityFrameworkCore.SqlServer.Update.Internal.SqlServerModificationCommandBatch.ExecuteAsync(IRelationalConnection connection, CancellationToken cancellationToken)
   at Microsoft.EntityFrameworkCore.Update.Internal.BatchExecutor.ExecuteAsync(IEnumerable`1 commandBatches, IRelationalConnection connection, CancellationToken cancellationToken)
   at Microsoft.EntityFrameworkCore.Update.Internal.BatchExecutor.ExecuteAsync(IEnumerable`1 commandBatches, IRelationalConnection connection, CancellationToken cancellationToken)
   at Microsoft.EntityFrameworkCore.Update.Internal.BatchExecutor.ExecuteAsync(IEnumerable`1 commandBatches, IRelationalConnection connection, CancellationToken cancellationToken)
   at Microsoft.EntityFrameworkCore.Storage.RelationalDatabase.SaveChangesAsync(IList`1 entries, CancellationToken cancellationToken)
   at Microsoft.EntityFrameworkCore.ChangeTracking.Internal.StateManager.SaveChangesAsync(IList`1 entriesToSave, CancellationToken cancellationToken)
   at Microsoft.EntityFrameworkCore.ChangeTracking.Internal.StateManager.SaveChangesAsync(StateManager stateManager, Boolean acceptAllChangesOnSuccess, CancellationToken cancellationToken)
   at Microsoft.EntityFrameworkCore.SqlServer.Storage.Internal.SqlServerExecutionStrategy.ExecuteAsync[TState,TResult](TState state, Func`4 operation, Func`4 verifySucceeded, CancellationToken cancellationToken)
   at Microsoft.EntityFrameworkCore.DbContext.SaveChangesAsync(Boolean acceptAllChangesOnSuccess, CancellationToken cancellationToken)
   at Microsoft.EntityFrameworkCore.DbContext.SaveChangesAsync(Boolean acceptAllChangesOnSuccess, CancellationToken cancellationToken)
   at EGreetings.Application.Commands.Cards.SendGreeting.SendGreetingCardCommandHandler.Handle(SendGreetingCardCommand request, CancellationToken ct) in /Users/alanstars1301/Documents/Claude/Projects/eGreeting/Backend/src/EGreetings.Application/Commands/Cards/SendGreeting/SendGreetingCardCommand.cs:line 93
   at EGreetings.Application.Behaviors.PerformanceBehavior`2.Handle(TRequest request, RequestHandlerDelegate`1 next, CancellationToken cancellationToken) in /Users/alanstars1301/Documents/Claude/Projects/eGreeting/Backend/src/EGreetings.Application/Behaviors/PerformanceBehavior.cs:line 25
   at EGreetings.Application.Behaviors.ValidationBehavior`2.Handle(TRequest request, RequestHandlerDelegate`1 next, CancellationToken cancellationToken) in /Users/alanstars1301/Documents/Claude/Projects/eGreeting/Backend/src/EGreetings.Application/Behaviors/ValidationBehavior.cs:line 39
   at EGreetings.Application.Behaviors.LoggingBehavior`2.Handle(TRequest request, RequestHandlerDelegate`1 next, CancellationToken cancellationToken) in /Users/alanstars1301/Documents/Claude/Projects/eGreeting/Backend/src/EGreetings.Application/Behaviors/LoggingBehavior.cs:line 39
   at EGreetings.Application.Behaviors.LoggingBehavior`2.Handle(TRequest request, RequestHandlerDelegate`1 next, CancellationToken cancellationToken) in /Users/alanstars1301/Documents/Claude/Projects/eGreeting/Backend/src/EGreetings.Application/Behaviors/LoggingBehavior.cs:line 68
   at EGreetings.API.Controllers.CardsController.SendGreeting(SendGreetingCardCommand command, CancellationToken ct) in /Users/alanstars1301/Documents/Claude/Projects/eGreeting/Backend/src/EGreetings.API/Controllers/CardsController.cs:line 99
   at Microsoft.AspNetCore.Mvc.Infrastructure.ActionMethodExecutor.TaskOfIActionResultExecutor.Execute(ActionContext actionContext, IActionResultTypeMapper mapper, ObjectMethodExecutor executor, Object controller, Object[] arguments)
   at Microsoft.AspNetCore.Mvc.Infrastructure.ControllerActionInvoker.<InvokeActionMethodAsync>g__Awaited|12_0(ControllerActionInvoker invoker, ValueTask`1 actionResultValueTask)
   at Microsoft.AspNetCore.Mvc.Infrastructure.ControllerActionInvoker.<InvokeNextActionFilterAsync>g__Awaited|10_0(ControllerActionInvoker invoker, Task lastTask, State next, Scope scope, Object state, Boolean isCompleted)
   at Microsoft.AspNetCore.Mvc.Infrastructure.ControllerActionInvoker.Rethrow(ActionExecutedContextSealed context)
   at Microsoft.AspNetCore.Mvc.Infrastructure.ControllerActionInvoker.Next(State& next, Scope& scope, Object& state, Boolean& isCompleted)
   at Microsoft.AspNetCore.Mvc.Infrastructure.ControllerActionInvoker.<InvokeInnerFilterAsync>g__Awaited|13_0(ControllerActionInvoker invoker, Task lastTask, State next, Scope scope, Object state, Boolean isCompleted)
   at Microsoft.AspNetCore.Mvc.Infrastructure.ResourceInvoker.<InvokeFilterPipelineAsync>g__Awaited|20_0(ResourceInvoker invoker, Task lastTask, State next, Scope scope, Object state, Boolean isCompleted)
   at Microsoft.AspNetCore.Mvc.Infrastructure.ResourceInvoker.<InvokeAsync>g__Awaited|17_0(ResourceInvoker invoker, Task task, IDisposable scope)
   at Microsoft.AspNetCore.Mvc.Infrastructure.ResourceInvoker.<InvokeAsync>g__Awaited|17_0(ResourceInvoker invoker, Task task, IDisposable scope)
   at Microsoft.AspNetCore.Authorization.AuthorizationMiddleware.Invoke(HttpContext context)
   at Microsoft.AspNetCore.Authentication.AuthenticationMiddleware.Invoke(HttpContext context)
   at Serilog.AspNetCore.RequestLoggingMiddleware.Invoke(HttpContext httpContext)
   at EGreetings.API.Middlewares.SecurityHeadersMiddleware.InvokeAsync(HttpContext context) in /Users/alanstars1301/Documents/Claude/Projects/eGreeting/Backend/src/EGreetings.API/Middlewares/ApiMiddlewares.cs:line 121
   at EGreetings.API.Middlewares.GlobalExceptionMiddleware.InvokeAsync(HttpContext context) in /Users/alanstars1301/Documents/Claude/Projects/eGreeting/Backend/src/EGreetings.API/Middlewares/ApiMiddlewares.cs:line 36
2026-05-06 00:54:38.429 +07:00 [INF] [CQRS] Handling SendGreetingCardCommand
2026-05-06 00:54:38.436 +07:00 [INF] Executed DbCommand (6ms) [Parameters=[@__request_SenderId_0='?' (DbType = Guid)], CommandType='"Text"', CommandTimeout='30']
SELECT CASE
    WHEN EXISTS (
        SELECT 1
        FROM [Subscriptions] AS [s]
        WHERE [s].[UserId] = @__request_SenderId_0 AND [s].[Status] = N'Active') THEN CAST(1 AS bit)
    ELSE CAST(0 AS bit)
END
2026-05-06 00:54:38.438 +07:00 [INF] Executed DbCommand (2ms) [Parameters=[@__8__locals1_request_SenderId_0='?' (DbType = Guid), @__today_1='?' (DbType = DateTime2), @__AddDays_2='?' (DbType = DateTime2)], CommandType='"Text"', CommandTimeout='30']
SELECT COUNT(*)
FROM [GreetingTransactions] AS [g]
WHERE [g].[SenderId] = @__8__locals1_request_SenderId_0 AND [g].[SubscriptionId] IS NULL AND [g].[CreatedAt] >= @__today_1 AND [g].[CreatedAt] < @__AddDays_2
2026-05-06 00:54:38.441 +07:00 [INF] Executed DbCommand (3ms) [Parameters=[@__request_CardId_0='?' (DbType = Guid)], CommandType='"Text"', CommandTimeout='30']
SELECT TOP(1) [g].[Id], [g].[CategoryId], [g].[CreatedAt], [g].[CustomJsonContent], [g].[DeletedAt], [g].[Description], [g].[FileUrl], [g].[IsDeleted], [g].[IsFeatured], [g].[IsPremium], [g].[Name], [g].[Slug], [g].[Status], [g].[Tags], [g].[ThumbnailUrl], [g].[UpdatedAt]
FROM [GreetingCards] AS [g]
WHERE [g].[IsDeleted] = CAST(0 AS bit) AND [g].[Id] = @__request_CardId_0 AND [g].[Status] = N'Active' AND [g].[IsDeleted] = CAST(0 AS bit)
2026-05-06 00:54:38.445 +07:00 [ERR] Failed executing DbCommand (3ms) [Parameters=[@p0='?' (DbType = Guid), @p1='?' (DbType = Guid), @p2='?' (DbType = DateTime2), @p3='?' (Size = 500), @p4='?' (Size = 256) (DbType = AnsiString), @p5='?' (DbType = Int32), @p6='?' (DbType = DateTime2), @p7='?' (DbType = Guid), @p8='?' (DbType = DateTime2), @p9='?' (Size = 20), @p10='?' (Size = 300), @p11='?' (DbType = Guid)], CommandType='"Text"', CommandTimeout='30']
SET IMPLICIT_TRANSACTIONS OFF;
SET NOCOUNT ON;
INSERT INTO [GreetingTransactions] ([Id], [CardId], [CreatedAt], [PersonalMessage], [RecipientEmail], [RetryCount], [ScheduledSendAt], [SenderId], [SentAt], [Status], [Subject], [SubscriptionId])
VALUES (@p0, @p1, @p2, @p3, @p4, @p5, @p6, @p7, @p8, @p9, @p10, @p11);
2026-05-06 00:54:38.446 +07:00 [ERR] An exception occurred in the database while saving changes for context type 'EGreetings.Infrastructure.Persistence.AppDbContext'.
Microsoft.EntityFrameworkCore.DbUpdateException: An error occurred while saving the entity changes. See the inner exception for details.
 ---> Microsoft.Data.SqlClient.SqlException (0x80131904): The INSERT statement conflicted with the FOREIGN KEY constraint "FK_GreetingTransactions_Users_SenderId". The conflict occurred in database "EGreetingsDb_Dev", table "dbo.Users", column 'Id'.
The statement has been terminated.
   at System.Threading.Tasks.ContinuationResultTaskFromResultTask`2.InnerInvoke()
   at System.Threading.ExecutionContext.RunInternal(ExecutionContext executionContext, ContextCallback callback, Object state)
--- End of stack trace from previous location ---
   at System.Threading.ExecutionContext.RunInternal(ExecutionContext executionContext, ContextCallback callback, Object state)
   at System.Threading.Tasks.Task.ExecuteWithThreadLocal(Task& currentTaskSlot, Thread threadPoolThread)
--- End of stack trace from previous location ---
   at Microsoft.EntityFrameworkCore.Storage.RelationalCommand.ExecuteReaderAsync(RelationalCommandParameterObject parameterObject, CancellationToken cancellationToken)
   at Microsoft.EntityFrameworkCore.Storage.RelationalCommand.ExecuteReaderAsync(RelationalCommandParameterObject parameterObject, CancellationToken cancellationToken)
   at Microsoft.EntityFrameworkCore.Update.ReaderModificationCommandBatch.ExecuteAsync(IRelationalConnection connection, CancellationToken cancellationToken)
ClientConnectionId:466e309e-eedd-4e68-bb99-9af3f6bca74c
Error Number:547,State:0,Class:16
   --- End of inner exception stack trace ---
   at Microsoft.EntityFrameworkCore.Update.ReaderModificationCommandBatch.ExecuteAsync(IRelationalConnection connection, CancellationToken cancellationToken)
   at Microsoft.EntityFrameworkCore.SqlServer.Update.Internal.SqlServerModificationCommandBatch.ExecuteAsync(IRelationalConnection connection, CancellationToken cancellationToken)
   at Microsoft.EntityFrameworkCore.Update.Internal.BatchExecutor.ExecuteAsync(IEnumerable`1 commandBatches, IRelationalConnection connection, CancellationToken cancellationToken)
   at Microsoft.EntityFrameworkCore.Update.Internal.BatchExecutor.ExecuteAsync(IEnumerable`1 commandBatches, IRelationalConnection connection, CancellationToken cancellationToken)
   at Microsoft.EntityFrameworkCore.Update.Internal.BatchExecutor.ExecuteAsync(IEnumerable`1 commandBatches, IRelationalConnection connection, CancellationToken cancellationToken)
   at Microsoft.EntityFrameworkCore.Storage.RelationalDatabase.SaveChangesAsync(IList`1 entries, CancellationToken cancellationToken)
   at Microsoft.EntityFrameworkCore.ChangeTracking.Internal.StateManager.SaveChangesAsync(IList`1 entriesToSave, CancellationToken cancellationToken)
   at Microsoft.EntityFrameworkCore.ChangeTracking.Internal.StateManager.SaveChangesAsync(StateManager stateManager, Boolean acceptAllChangesOnSuccess, CancellationToken cancellationToken)
   at Microsoft.EntityFrameworkCore.SqlServer.Storage.Internal.SqlServerExecutionStrategy.ExecuteAsync[TState,TResult](TState state, Func`4 operation, Func`4 verifySucceeded, CancellationToken cancellationToken)
   at Microsoft.EntityFrameworkCore.DbContext.SaveChangesAsync(Boolean acceptAllChangesOnSuccess, CancellationToken cancellationToken)
Microsoft.EntityFrameworkCore.DbUpdateException: An error occurred while saving the entity changes. See the inner exception for details.
 ---> Microsoft.Data.SqlClient.SqlException (0x80131904): The INSERT statement conflicted with the FOREIGN KEY constraint "FK_GreetingTransactions_Users_SenderId". The conflict occurred in database "EGreetingsDb_Dev", table "dbo.Users", column 'Id'.
The statement has been terminated.
   at System.Threading.Tasks.ContinuationResultTaskFromResultTask`2.InnerInvoke()
   at System.Threading.ExecutionContext.RunInternal(ExecutionContext executionContext, ContextCallback callback, Object state)
--- End of stack trace from previous location ---
   at System.Threading.ExecutionContext.RunInternal(ExecutionContext executionContext, ContextCallback callback, Object state)
   at System.Threading.Tasks.Task.ExecuteWithThreadLocal(Task& currentTaskSlot, Thread threadPoolThread)
--- End of stack trace from previous location ---
   at Microsoft.EntityFrameworkCore.Storage.RelationalCommand.ExecuteReaderAsync(RelationalCommandParameterObject parameterObject, CancellationToken cancellationToken)
   at Microsoft.EntityFrameworkCore.Storage.RelationalCommand.ExecuteReaderAsync(RelationalCommandParameterObject parameterObject, CancellationToken cancellationToken)
   at Microsoft.EntityFrameworkCore.Update.ReaderModificationCommandBatch.ExecuteAsync(IRelationalConnection connection, CancellationToken cancellationToken)
ClientConnectionId:466e309e-eedd-4e68-bb99-9af3f6bca74c
Error Number:547,State:0,Class:16
   --- End of inner exception stack trace ---
   at Microsoft.EntityFrameworkCore.Update.ReaderModificationCommandBatch.ExecuteAsync(IRelationalConnection connection, CancellationToken cancellationToken)
   at Microsoft.EntityFrameworkCore.SqlServer.Update.Internal.SqlServerModificationCommandBatch.ExecuteAsync(IRelationalConnection connection, CancellationToken cancellationToken)
   at Microsoft.EntityFrameworkCore.Update.Internal.BatchExecutor.ExecuteAsync(IEnumerable`1 commandBatches, IRelationalConnection connection, CancellationToken cancellationToken)
   at Microsoft.EntityFrameworkCore.Update.Internal.BatchExecutor.ExecuteAsync(IEnumerable`1 commandBatches, IRelationalConnection connection, CancellationToken cancellationToken)
   at Microsoft.EntityFrameworkCore.Update.Internal.BatchExecutor.ExecuteAsync(IEnumerable`1 commandBatches, IRelationalConnection connection, CancellationToken cancellationToken)
   at Microsoft.EntityFrameworkCore.Storage.RelationalDatabase.SaveChangesAsync(IList`1 entries, CancellationToken cancellationToken)
   at Microsoft.EntityFrameworkCore.ChangeTracking.Internal.StateManager.SaveChangesAsync(IList`1 entriesToSave, CancellationToken cancellationToken)
   at Microsoft.EntityFrameworkCore.ChangeTracking.Internal.StateManager.SaveChangesAsync(StateManager stateManager, Boolean acceptAllChangesOnSuccess, CancellationToken cancellationToken)
   at Microsoft.EntityFrameworkCore.SqlServer.Storage.Internal.SqlServerExecutionStrategy.ExecuteAsync[TState,TResult](TState state, Func`4 operation, Func`4 verifySucceeded, CancellationToken cancellationToken)
   at Microsoft.EntityFrameworkCore.DbContext.SaveChangesAsync(Boolean acceptAllChangesOnSuccess, CancellationToken cancellationToken)
2026-05-06 00:54:38.447 +07:00 [ERR] [CQRS] Error handling SendGreetingCardCommand: An error occurred while saving the entity changes. See the inner exception for details.
Microsoft.EntityFrameworkCore.DbUpdateException: An error occurred while saving the entity changes. See the inner exception for details.
 ---> Microsoft.Data.SqlClient.SqlException (0x80131904): The INSERT statement conflicted with the FOREIGN KEY constraint "FK_GreetingTransactions_Users_SenderId". The conflict occurred in database "EGreetingsDb_Dev", table "dbo.Users", column 'Id'.
The statement has been terminated.
   at System.Threading.Tasks.ContinuationResultTaskFromResultTask`2.InnerInvoke()
   at System.Threading.ExecutionContext.RunInternal(ExecutionContext executionContext, ContextCallback callback, Object state)
--- End of stack trace from previous location ---
   at System.Threading.ExecutionContext.RunInternal(ExecutionContext executionContext, ContextCallback callback, Object state)
   at System.Threading.Tasks.Task.ExecuteWithThreadLocal(Task& currentTaskSlot, Thread threadPoolThread)
--- End of stack trace from previous location ---
   at Microsoft.EntityFrameworkCore.Storage.RelationalCommand.ExecuteReaderAsync(RelationalCommandParameterObject parameterObject, CancellationToken cancellationToken)
   at Microsoft.EntityFrameworkCore.Storage.RelationalCommand.ExecuteReaderAsync(RelationalCommandParameterObject parameterObject, CancellationToken cancellationToken)
   at Microsoft.EntityFrameworkCore.Update.ReaderModificationCommandBatch.ExecuteAsync(IRelationalConnection connection, CancellationToken cancellationToken)
ClientConnectionId:466e309e-eedd-4e68-bb99-9af3f6bca74c
Error Number:547,State:0,Class:16
   --- End of inner exception stack trace ---
   at Microsoft.EntityFrameworkCore.Update.ReaderModificationCommandBatch.ExecuteAsync(IRelationalConnection connection, CancellationToken cancellationToken)
   at Microsoft.EntityFrameworkCore.SqlServer.Update.Internal.SqlServerModificationCommandBatch.ExecuteAsync(IRelationalConnection connection, CancellationToken cancellationToken)
   at Microsoft.EntityFrameworkCore.Update.Internal.BatchExecutor.ExecuteAsync(IEnumerable`1 commandBatches, IRelationalConnection connection, CancellationToken cancellationToken)
   at Microsoft.EntityFrameworkCore.Update.Internal.BatchExecutor.ExecuteAsync(IEnumerable`1 commandBatches, IRelationalConnection connection, CancellationToken cancellationToken)
   at Microsoft.EntityFrameworkCore.Update.Internal.BatchExecutor.ExecuteAsync(IEnumerable`1 commandBatches, IRelationalConnection connection, CancellationToken cancellationToken)
   at Microsoft.EntityFrameworkCore.Storage.RelationalDatabase.SaveChangesAsync(IList`1 entries, CancellationToken cancellationToken)
   at Microsoft.EntityFrameworkCore.ChangeTracking.Internal.StateManager.SaveChangesAsync(IList`1 entriesToSave, CancellationToken cancellationToken)
   at Microsoft.EntityFrameworkCore.ChangeTracking.Internal.StateManager.SaveChangesAsync(StateManager stateManager, Boolean acceptAllChangesOnSuccess, CancellationToken cancellationToken)
   at Microsoft.EntityFrameworkCore.SqlServer.Storage.Internal.SqlServerExecutionStrategy.ExecuteAsync[TState,TResult](TState state, Func`4 operation, Func`4 verifySucceeded, CancellationToken cancellationToken)
   at Microsoft.EntityFrameworkCore.DbContext.SaveChangesAsync(Boolean acceptAllChangesOnSuccess, CancellationToken cancellationToken)
   at Microsoft.EntityFrameworkCore.DbContext.SaveChangesAsync(Boolean acceptAllChangesOnSuccess, CancellationToken cancellationToken)
   at EGreetings.Application.Commands.Cards.SendGreeting.SendGreetingCardCommandHandler.Handle(SendGreetingCardCommand request, CancellationToken ct) in /Users/alanstars1301/Documents/Claude/Projects/eGreeting/Backend/src/EGreetings.Application/Commands/Cards/SendGreeting/SendGreetingCardCommand.cs:line 93
   at EGreetings.Application.Behaviors.PerformanceBehavior`2.Handle(TRequest request, RequestHandlerDelegate`1 next, CancellationToken cancellationToken) in /Users/alanstars1301/Documents/Claude/Projects/eGreeting/Backend/src/EGreetings.Application/Behaviors/PerformanceBehavior.cs:line 25
   at EGreetings.Application.Behaviors.ValidationBehavior`2.Handle(TRequest request, RequestHandlerDelegate`1 next, CancellationToken cancellationToken) in /Users/alanstars1301/Documents/Claude/Projects/eGreeting/Backend/src/EGreetings.Application/Behaviors/ValidationBehavior.cs:line 39
   at EGreetings.Application.Behaviors.LoggingBehavior`2.Handle(TRequest request, RequestHandlerDelegate`1 next, CancellationToken cancellationToken) in /Users/alanstars1301/Documents/Claude/Projects/eGreeting/Backend/src/EGreetings.Application/Behaviors/LoggingBehavior.cs:line 39
2026-05-06 00:54:38.449 +07:00 [ERR] HTTP POST /api/greetings responded 500 in 19.6656 ms
Microsoft.EntityFrameworkCore.DbUpdateException: An error occurred while saving the entity changes. See the inner exception for details.
 ---> Microsoft.Data.SqlClient.SqlException (0x80131904): The INSERT statement conflicted with the FOREIGN KEY constraint "FK_GreetingTransactions_Users_SenderId". The conflict occurred in database "EGreetingsDb_Dev", table "dbo.Users", column 'Id'.
The statement has been terminated.
   at System.Threading.Tasks.ContinuationResultTaskFromResultTask`2.InnerInvoke()
   at System.Threading.ExecutionContext.RunInternal(ExecutionContext executionContext, ContextCallback callback, Object state)
--- End of stack trace from previous location ---
   at System.Threading.ExecutionContext.RunInternal(ExecutionContext executionContext, ContextCallback callback, Object state)
   at System.Threading.Tasks.Task.ExecuteWithThreadLocal(Task& currentTaskSlot, Thread threadPoolThread)
--- End of stack trace from previous location ---
   at Microsoft.EntityFrameworkCore.Storage.RelationalCommand.ExecuteReaderAsync(RelationalCommandParameterObject parameterObject, CancellationToken cancellationToken)
   at Microsoft.EntityFrameworkCore.Storage.RelationalCommand.ExecuteReaderAsync(RelationalCommandParameterObject parameterObject, CancellationToken cancellationToken)
   at Microsoft.EntityFrameworkCore.Update.ReaderModificationCommandBatch.ExecuteAsync(IRelationalConnection connection, CancellationToken cancellationToken)
ClientConnectionId:466e309e-eedd-4e68-bb99-9af3f6bca74c
Error Number:547,State:0,Class:16
   --- End of inner exception stack trace ---
   at Microsoft.EntityFrameworkCore.Update.ReaderModificationCommandBatch.ExecuteAsync(IRelationalConnection connection, CancellationToken cancellationToken)
   at Microsoft.EntityFrameworkCore.SqlServer.Update.Internal.SqlServerModificationCommandBatch.ExecuteAsync(IRelationalConnection connection, CancellationToken cancellationToken)
   at Microsoft.EntityFrameworkCore.Update.Internal.BatchExecutor.ExecuteAsync(IEnumerable`1 commandBatches, IRelationalConnection connection, CancellationToken cancellationToken)
   at Microsoft.EntityFrameworkCore.Update.Internal.BatchExecutor.ExecuteAsync(IEnumerable`1 commandBatches, IRelationalConnection connection, CancellationToken cancellationToken)
   at Microsoft.EntityFrameworkCore.Update.Internal.BatchExecutor.ExecuteAsync(IEnumerable`1 commandBatches, IRelationalConnection connection, CancellationToken cancellationToken)
   at Microsoft.EntityFrameworkCore.Storage.RelationalDatabase.SaveChangesAsync(IList`1 entries, CancellationToken cancellationToken)
   at Microsoft.EntityFrameworkCore.ChangeTracking.Internal.StateManager.SaveChangesAsync(IList`1 entriesToSave, CancellationToken cancellationToken)
   at Microsoft.EntityFrameworkCore.ChangeTracking.Internal.StateManager.SaveChangesAsync(StateManager stateManager, Boolean acceptAllChangesOnSuccess, CancellationToken cancellationToken)
   at Microsoft.EntityFrameworkCore.SqlServer.Storage.Internal.SqlServerExecutionStrategy.ExecuteAsync[TState,TResult](TState state, Func`4 operation, Func`4 verifySucceeded, CancellationToken cancellationToken)
   at Microsoft.EntityFrameworkCore.DbContext.SaveChangesAsync(Boolean acceptAllChangesOnSuccess, CancellationToken cancellationToken)
   at Microsoft.EntityFrameworkCore.DbContext.SaveChangesAsync(Boolean acceptAllChangesOnSuccess, CancellationToken cancellationToken)
   at EGreetings.Application.Commands.Cards.SendGreeting.SendGreetingCardCommandHandler.Handle(SendGreetingCardCommand request, CancellationToken ct) in /Users/alanstars1301/Documents/Claude/Projects/eGreeting/Backend/src/EGreetings.Application/Commands/Cards/SendGreeting/SendGreetingCardCommand.cs:line 93
   at EGreetings.Application.Behaviors.PerformanceBehavior`2.Handle(TRequest request, RequestHandlerDelegate`1 next, CancellationToken cancellationToken) in /Users/alanstars1301/Documents/Claude/Projects/eGreeting/Backend/src/EGreetings.Application/Behaviors/PerformanceBehavior.cs:line 25
   at EGreetings.Application.Behaviors.ValidationBehavior`2.Handle(TRequest request, RequestHandlerDelegate`1 next, CancellationToken cancellationToken) in /Users/alanstars1301/Documents/Claude/Projects/eGreeting/Backend/src/EGreetings.Application/Behaviors/ValidationBehavior.cs:line 39
   at EGreetings.Application.Behaviors.LoggingBehavior`2.Handle(TRequest request, RequestHandlerDelegate`1 next, CancellationToken cancellationToken) in /Users/alanstars1301/Documents/Claude/Projects/eGreeting/Backend/src/EGreetings.Application/Behaviors/LoggingBehavior.cs:line 39
   at EGreetings.Application.Behaviors.LoggingBehavior`2.Handle(TRequest request, RequestHandlerDelegate`1 next, CancellationToken cancellationToken) in /Users/alanstars1301/Documents/Claude/Projects/eGreeting/Backend/src/EGreetings.Application/Behaviors/LoggingBehavior.cs:line 68
   at EGreetings.API.Controllers.CardsController.SendGreeting(SendGreetingCardCommand command, CancellationToken ct) in /Users/alanstars1301/Documents/Claude/Projects/eGreeting/Backend/src/EGreetings.API/Controllers/CardsController.cs:line 99
   at Microsoft.AspNetCore.Mvc.Infrastructure.ActionMethodExecutor.TaskOfIActionResultExecutor.Execute(ActionContext actionContext, IActionResultTypeMapper mapper, ObjectMethodExecutor executor, Object controller, Object[] arguments)
   at Microsoft.AspNetCore.Mvc.Infrastructure.ControllerActionInvoker.<InvokeActionMethodAsync>g__Awaited|12_0(ControllerActionInvoker invoker, ValueTask`1 actionResultValueTask)
   at Microsoft.AspNetCore.Mvc.Infrastructure.ControllerActionInvoker.<InvokeNextActionFilterAsync>g__Awaited|10_0(ControllerActionInvoker invoker, Task lastTask, State next, Scope scope, Object state, Boolean isCompleted)
   at Microsoft.AspNetCore.Mvc.Infrastructure.ControllerActionInvoker.Rethrow(ActionExecutedContextSealed context)
   at Microsoft.AspNetCore.Mvc.Infrastructure.ControllerActionInvoker.Next(State& next, Scope& scope, Object& state, Boolean& isCompleted)
   at Microsoft.AspNetCore.Mvc.Infrastructure.ControllerActionInvoker.<InvokeInnerFilterAsync>g__Awaited|13_0(ControllerActionInvoker invoker, Task lastTask, State next, Scope scope, Object state, Boolean isCompleted)
   at Microsoft.AspNetCore.Mvc.Infrastructure.ResourceInvoker.<InvokeFilterPipelineAsync>g__Awaited|20_0(ResourceInvoker invoker, Task lastTask, State next, Scope scope, Object state, Boolean isCompleted)
   at Microsoft.AspNetCore.Mvc.Infrastructure.ResourceInvoker.<InvokeAsync>g__Awaited|17_0(ResourceInvoker invoker, Task task, IDisposable scope)
   at Microsoft.AspNetCore.Mvc.Infrastructure.ResourceInvoker.<InvokeAsync>g__Awaited|17_0(ResourceInvoker invoker, Task task, IDisposable scope)
   at Microsoft.AspNetCore.Authorization.AuthorizationMiddleware.Invoke(HttpContext context)
   at Microsoft.AspNetCore.Authentication.AuthenticationMiddleware.Invoke(HttpContext context)
   at Serilog.AspNetCore.RequestLoggingMiddleware.Invoke(HttpContext httpContext)
2026-05-06 00:54:38.454 +07:00 [INF] Executed DbCommand (3ms) [Parameters=[@p0='?' (DbType = Guid), @p1='?' (DbType = Guid), @p2='?' (Size = 20), @p3='?' (Size = 2000), @p4='?' (DbType = DateTime2), @p5='?' (Size = 1000), @p6='?' (Size = 30), @p7='?' (Size = 50), @p8='?' (Size = 20), @p9='?' (DbType = DateTime2)], CommandType='"Text"', CommandTimeout='30']
SET IMPLICIT_TRANSACTIONS OFF;
SET NOCOUNT ON;
INSERT INTO [SystemLogs] ([Id], [ActorId], [ActorType], [AdditionalData], [CreatedAt], [Description], [EventType], [IpAddress], [Status], [Timestamp])
VALUES (@p0, @p1, @p2, @p3, @p4, @p5, @p6, @p7, @p8, @p9);
2026-05-06 00:54:38.454 +07:00 [ERR] [EXCEPTION] 500 /api/greetings – An error occurred while saving the entity changes. See the inner exception for details.
Microsoft.EntityFrameworkCore.DbUpdateException: An error occurred while saving the entity changes. See the inner exception for details.
 ---> Microsoft.Data.SqlClient.SqlException (0x80131904): The INSERT statement conflicted with the FOREIGN KEY constraint "FK_GreetingTransactions_Users_SenderId". The conflict occurred in database "EGreetingsDb_Dev", table "dbo.Users", column 'Id'.
The statement has been terminated.
   at System.Threading.Tasks.ContinuationResultTaskFromResultTask`2.InnerInvoke()
   at System.Threading.ExecutionContext.RunInternal(ExecutionContext executionContext, ContextCallback callback, Object state)
--- End of stack trace from previous location ---
   at System.Threading.ExecutionContext.RunInternal(ExecutionContext executionContext, ContextCallback callback, Object state)
   at System.Threading.Tasks.Task.ExecuteWithThreadLocal(Task& currentTaskSlot, Thread threadPoolThread)
--- End of stack trace from previous location ---
   at Microsoft.EntityFrameworkCore.Storage.RelationalCommand.ExecuteReaderAsync(RelationalCommandParameterObject parameterObject, CancellationToken cancellationToken)
   at Microsoft.EntityFrameworkCore.Storage.RelationalCommand.ExecuteReaderAsync(RelationalCommandParameterObject parameterObject, CancellationToken cancellationToken)
   at Microsoft.EntityFrameworkCore.Update.ReaderModificationCommandBatch.ExecuteAsync(IRelationalConnection connection, CancellationToken cancellationToken)
ClientConnectionId:466e309e-eedd-4e68-bb99-9af3f6bca74c
Error Number:547,State:0,Class:16
   --- End of inner exception stack trace ---
   at Microsoft.EntityFrameworkCore.Update.ReaderModificationCommandBatch.ExecuteAsync(IRelationalConnection connection, CancellationToken cancellationToken)
   at Microsoft.EntityFrameworkCore.SqlServer.Update.Internal.SqlServerModificationCommandBatch.ExecuteAsync(IRelationalConnection connection, CancellationToken cancellationToken)
   at Microsoft.EntityFrameworkCore.Update.Internal.BatchExecutor.ExecuteAsync(IEnumerable`1 commandBatches, IRelationalConnection connection, CancellationToken cancellationToken)
   at Microsoft.EntityFrameworkCore.Update.Internal.BatchExecutor.ExecuteAsync(IEnumerable`1 commandBatches, IRelationalConnection connection, CancellationToken cancellationToken)
   at Microsoft.EntityFrameworkCore.Update.Internal.BatchExecutor.ExecuteAsync(IEnumerable`1 commandBatches, IRelationalConnection connection, CancellationToken cancellationToken)
   at Microsoft.EntityFrameworkCore.Storage.RelationalDatabase.SaveChangesAsync(IList`1 entries, CancellationToken cancellationToken)
   at Microsoft.EntityFrameworkCore.ChangeTracking.Internal.StateManager.SaveChangesAsync(IList`1 entriesToSave, CancellationToken cancellationToken)
   at Microsoft.EntityFrameworkCore.ChangeTracking.Internal.StateManager.SaveChangesAsync(StateManager stateManager, Boolean acceptAllChangesOnSuccess, CancellationToken cancellationToken)
   at Microsoft.EntityFrameworkCore.SqlServer.Storage.Internal.SqlServerExecutionStrategy.ExecuteAsync[TState,TResult](TState state, Func`4 operation, Func`4 verifySucceeded, CancellationToken cancellationToken)
   at Microsoft.EntityFrameworkCore.DbContext.SaveChangesAsync(Boolean acceptAllChangesOnSuccess, CancellationToken cancellationToken)
   at Microsoft.EntityFrameworkCore.DbContext.SaveChangesAsync(Boolean acceptAllChangesOnSuccess, CancellationToken cancellationToken)
   at EGreetings.Application.Commands.Cards.SendGreeting.SendGreetingCardCommandHandler.Handle(SendGreetingCardCommand request, CancellationToken ct) in /Users/alanstars1301/Documents/Claude/Projects/eGreeting/Backend/src/EGreetings.Application/Commands/Cards/SendGreeting/SendGreetingCardCommand.cs:line 93
   at EGreetings.Application.Behaviors.PerformanceBehavior`2.Handle(TRequest request, RequestHandlerDelegate`1 next, CancellationToken cancellationToken) in /Users/alanstars1301/Documents/Claude/Projects/eGreeting/Backend/src/EGreetings.Application/Behaviors/PerformanceBehavior.cs:line 25
   at EGreetings.Application.Behaviors.ValidationBehavior`2.Handle(TRequest request, RequestHandlerDelegate`1 next, CancellationToken cancellationToken) in /Users/alanstars1301/Documents/Claude/Projects/eGreeting/Backend/src/EGreetings.Application/Behaviors/ValidationBehavior.cs:line 39
   at EGreetings.Application.Behaviors.LoggingBehavior`2.Handle(TRequest request, RequestHandlerDelegate`1 next, CancellationToken cancellationToken) in /Users/alanstars1301/Documents/Claude/Projects/eGreeting/Backend/src/EGreetings.Application/Behaviors/LoggingBehavior.cs:line 39
   at EGreetings.Application.Behaviors.LoggingBehavior`2.Handle(TRequest request, RequestHandlerDelegate`1 next, CancellationToken cancellationToken) in /Users/alanstars1301/Documents/Claude/Projects/eGreeting/Backend/src/EGreetings.Application/Behaviors/LoggingBehavior.cs:line 68
   at EGreetings.API.Controllers.CardsController.SendGreeting(SendGreetingCardCommand command, CancellationToken ct) in /Users/alanstars1301/Documents/Claude/Projects/eGreeting/Backend/src/EGreetings.API/Controllers/CardsController.cs:line 99
   at Microsoft.AspNetCore.Mvc.Infrastructure.ActionMethodExecutor.TaskOfIActionResultExecutor.Execute(ActionContext actionContext, IActionResultTypeMapper mapper, ObjectMethodExecutor executor, Object controller, Object[] arguments)
   at Microsoft.AspNetCore.Mvc.Infrastructure.ControllerActionInvoker.<InvokeActionMethodAsync>g__Awaited|12_0(ControllerActionInvoker invoker, ValueTask`1 actionResultValueTask)
   at Microsoft.AspNetCore.Mvc.Infrastructure.ControllerActionInvoker.<InvokeNextActionFilterAsync>g__Awaited|10_0(ControllerActionInvoker invoker, Task lastTask, State next, Scope scope, Object state, Boolean isCompleted)
   at Microsoft.AspNetCore.Mvc.Infrastructure.ControllerActionInvoker.Rethrow(ActionExecutedContextSealed context)
   at Microsoft.AspNetCore.Mvc.Infrastructure.ControllerActionInvoker.Next(State& next, Scope& scope, Object& state, Boolean& isCompleted)
   at Microsoft.AspNetCore.Mvc.Infrastructure.ControllerActionInvoker.<InvokeInnerFilterAsync>g__Awaited|13_0(ControllerActionInvoker invoker, Task lastTask, State next, Scope scope, Object state, Boolean isCompleted)
   at Microsoft.AspNetCore.Mvc.Infrastructure.ResourceInvoker.<InvokeFilterPipelineAsync>g__Awaited|20_0(ResourceInvoker invoker, Task lastTask, State next, Scope scope, Object state, Boolean isCompleted)
   at Microsoft.AspNetCore.Mvc.Infrastructure.ResourceInvoker.<InvokeAsync>g__Awaited|17_0(ResourceInvoker invoker, Task task, IDisposable scope)
   at Microsoft.AspNetCore.Mvc.Infrastructure.ResourceInvoker.<InvokeAsync>g__Awaited|17_0(ResourceInvoker invoker, Task task, IDisposable scope)
   at Microsoft.AspNetCore.Authorization.AuthorizationMiddleware.Invoke(HttpContext context)
   at Microsoft.AspNetCore.Authentication.AuthenticationMiddleware.Invoke(HttpContext context)
   at Serilog.AspNetCore.RequestLoggingMiddleware.Invoke(HttpContext httpContext)
   at EGreetings.API.Middlewares.SecurityHeadersMiddleware.InvokeAsync(HttpContext context) in /Users/alanstars1301/Documents/Claude/Projects/eGreeting/Backend/src/EGreetings.API/Middlewares/ApiMiddlewares.cs:line 121
   at EGreetings.API.Middlewares.GlobalExceptionMiddleware.InvokeAsync(HttpContext context) in /Users/alanstars1301/Documents/Claude/Projects/eGreeting/Backend/src/EGreetings.API/Middlewares/ApiMiddlewares.cs:line 36
2026-05-06 00:54:39.078 +07:00 [INF] [CQRS] Handling SendGreetingCardCommand
2026-05-06 00:54:39.083 +07:00 [INF] Executed DbCommand (4ms) [Parameters=[@__request_SenderId_0='?' (DbType = Guid)], CommandType='"Text"', CommandTimeout='30']
SELECT CASE
    WHEN EXISTS (
        SELECT 1
        FROM [Subscriptions] AS [s]
        WHERE [s].[UserId] = @__request_SenderId_0 AND [s].[Status] = N'Active') THEN CAST(1 AS bit)
    ELSE CAST(0 AS bit)
END
2026-05-06 00:54:39.086 +07:00 [INF] Executed DbCommand (2ms) [Parameters=[@__8__locals1_request_SenderId_0='?' (DbType = Guid), @__today_1='?' (DbType = DateTime2), @__AddDays_2='?' (DbType = DateTime2)], CommandType='"Text"', CommandTimeout='30']
SELECT COUNT(*)
FROM [GreetingTransactions] AS [g]
WHERE [g].[SenderId] = @__8__locals1_request_SenderId_0 AND [g].[SubscriptionId] IS NULL AND [g].[CreatedAt] >= @__today_1 AND [g].[CreatedAt] < @__AddDays_2
2026-05-06 00:54:39.088 +07:00 [INF] Executed DbCommand (2ms) [Parameters=[@__request_CardId_0='?' (DbType = Guid)], CommandType='"Text"', CommandTimeout='30']
SELECT TOP(1) [g].[Id], [g].[CategoryId], [g].[CreatedAt], [g].[CustomJsonContent], [g].[DeletedAt], [g].[Description], [g].[FileUrl], [g].[IsDeleted], [g].[IsFeatured], [g].[IsPremium], [g].[Name], [g].[Slug], [g].[Status], [g].[Tags], [g].[ThumbnailUrl], [g].[UpdatedAt]
FROM [GreetingCards] AS [g]
WHERE [g].[IsDeleted] = CAST(0 AS bit) AND [g].[Id] = @__request_CardId_0 AND [g].[Status] = N'Active' AND [g].[IsDeleted] = CAST(0 AS bit)
2026-05-06 00:54:39.094 +07:00 [ERR] Failed executing DbCommand (5ms) [Parameters=[@p0='?' (DbType = Guid), @p1='?' (DbType = Guid), @p2='?' (DbType = DateTime2), @p3='?' (Size = 500), @p4='?' (Size = 256) (DbType = AnsiString), @p5='?' (DbType = Int32), @p6='?' (DbType = DateTime2), @p7='?' (DbType = Guid), @p8='?' (DbType = DateTime2), @p9='?' (Size = 20), @p10='?' (Size = 300), @p11='?' (DbType = Guid)], CommandType='"Text"', CommandTimeout='30']
SET IMPLICIT_TRANSACTIONS OFF;
SET NOCOUNT ON;
INSERT INTO [GreetingTransactions] ([Id], [CardId], [CreatedAt], [PersonalMessage], [RecipientEmail], [RetryCount], [ScheduledSendAt], [SenderId], [SentAt], [Status], [Subject], [SubscriptionId])
VALUES (@p0, @p1, @p2, @p3, @p4, @p5, @p6, @p7, @p8, @p9, @p10, @p11);
2026-05-06 00:54:39.095 +07:00 [ERR] An exception occurred in the database while saving changes for context type 'EGreetings.Infrastructure.Persistence.AppDbContext'.
Microsoft.EntityFrameworkCore.DbUpdateException: An error occurred while saving the entity changes. See the inner exception for details.
 ---> Microsoft.Data.SqlClient.SqlException (0x80131904): The INSERT statement conflicted with the FOREIGN KEY constraint "FK_GreetingTransactions_Users_SenderId". The conflict occurred in database "EGreetingsDb_Dev", table "dbo.Users", column 'Id'.
The statement has been terminated.
   at System.Threading.Tasks.ContinuationResultTaskFromResultTask`2.InnerInvoke()
   at System.Threading.ExecutionContext.RunInternal(ExecutionContext executionContext, ContextCallback callback, Object state)
--- End of stack trace from previous location ---
   at System.Threading.ExecutionContext.RunInternal(ExecutionContext executionContext, ContextCallback callback, Object state)
   at System.Threading.Tasks.Task.ExecuteWithThreadLocal(Task& currentTaskSlot, Thread threadPoolThread)
--- End of stack trace from previous location ---
   at Microsoft.EntityFrameworkCore.Storage.RelationalCommand.ExecuteReaderAsync(RelationalCommandParameterObject parameterObject, CancellationToken cancellationToken)
   at Microsoft.EntityFrameworkCore.Storage.RelationalCommand.ExecuteReaderAsync(RelationalCommandParameterObject parameterObject, CancellationToken cancellationToken)
   at Microsoft.EntityFrameworkCore.Update.ReaderModificationCommandBatch.ExecuteAsync(IRelationalConnection connection, CancellationToken cancellationToken)
ClientConnectionId:466e309e-eedd-4e68-bb99-9af3f6bca74c
Error Number:547,State:0,Class:16
   --- End of inner exception stack trace ---
   at Microsoft.EntityFrameworkCore.Update.ReaderModificationCommandBatch.ExecuteAsync(IRelationalConnection connection, CancellationToken cancellationToken)
   at Microsoft.EntityFrameworkCore.SqlServer.Update.Internal.SqlServerModificationCommandBatch.ExecuteAsync(IRelationalConnection connection, CancellationToken cancellationToken)
   at Microsoft.EntityFrameworkCore.Update.Internal.BatchExecutor.ExecuteAsync(IEnumerable`1 commandBatches, IRelationalConnection connection, CancellationToken cancellationToken)
   at Microsoft.EntityFrameworkCore.Update.Internal.BatchExecutor.ExecuteAsync(IEnumerable`1 commandBatches, IRelationalConnection connection, CancellationToken cancellationToken)
   at Microsoft.EntityFrameworkCore.Update.Internal.BatchExecutor.ExecuteAsync(IEnumerable`1 commandBatches, IRelationalConnection connection, CancellationToken cancellationToken)
   at Microsoft.EntityFrameworkCore.Storage.RelationalDatabase.SaveChangesAsync(IList`1 entries, CancellationToken cancellationToken)
   at Microsoft.EntityFrameworkCore.ChangeTracking.Internal.StateManager.SaveChangesAsync(IList`1 entriesToSave, CancellationToken cancellationToken)
   at Microsoft.EntityFrameworkCore.ChangeTracking.Internal.StateManager.SaveChangesAsync(StateManager stateManager, Boolean acceptAllChangesOnSuccess, CancellationToken cancellationToken)
   at Microsoft.EntityFrameworkCore.SqlServer.Storage.Internal.SqlServerExecutionStrategy.ExecuteAsync[TState,TResult](TState state, Func`4 operation, Func`4 verifySucceeded, CancellationToken cancellationToken)
   at Microsoft.EntityFrameworkCore.DbContext.SaveChangesAsync(Boolean acceptAllChangesOnSuccess, CancellationToken cancellationToken)
Microsoft.EntityFrameworkCore.DbUpdateException: An error occurred while saving the entity changes. See the inner exception for details.
 ---> Microsoft.Data.SqlClient.SqlException (0x80131904): The INSERT statement conflicted with the FOREIGN KEY constraint "FK_GreetingTransactions_Users_SenderId". The conflict occurred in database "EGreetingsDb_Dev", table "dbo.Users", column 'Id'.
The statement has been terminated.
   at System.Threading.Tasks.ContinuationResultTaskFromResultTask`2.InnerInvoke()
   at System.Threading.ExecutionContext.RunInternal(ExecutionContext executionContext, ContextCallback callback, Object state)
--- End of stack trace from previous location ---
   at System.Threading.ExecutionContext.RunInternal(ExecutionContext executionContext, ContextCallback callback, Object state)
   at System.Threading.Tasks.Task.ExecuteWithThreadLocal(Task& currentTaskSlot, Thread threadPoolThread)
--- End of stack trace from previous location ---
   at Microsoft.EntityFrameworkCore.Storage.RelationalCommand.ExecuteReaderAsync(RelationalCommandParameterObject parameterObject, CancellationToken cancellationToken)
   at Microsoft.EntityFrameworkCore.Storage.RelationalCommand.ExecuteReaderAsync(RelationalCommandParameterObject parameterObject, CancellationToken cancellationToken)
   at Microsoft.EntityFrameworkCore.Update.ReaderModificationCommandBatch.ExecuteAsync(IRelationalConnection connection, CancellationToken cancellationToken)
ClientConnectionId:466e309e-eedd-4e68-bb99-9af3f6bca74c
Error Number:547,State:0,Class:16
   --- End of inner exception stack trace ---
   at Microsoft.EntityFrameworkCore.Update.ReaderModificationCommandBatch.ExecuteAsync(IRelationalConnection connection, CancellationToken cancellationToken)
   at Microsoft.EntityFrameworkCore.SqlServer.Update.Internal.SqlServerModificationCommandBatch.ExecuteAsync(IRelationalConnection connection, CancellationToken cancellationToken)
   at Microsoft.EntityFrameworkCore.Update.Internal.BatchExecutor.ExecuteAsync(IEnumerable`1 commandBatches, IRelationalConnection connection, CancellationToken cancellationToken)
   at Microsoft.EntityFrameworkCore.Update.Internal.BatchExecutor.ExecuteAsync(IEnumerable`1 commandBatches, IRelationalConnection connection, CancellationToken cancellationToken)
   at Microsoft.EntityFrameworkCore.Update.Internal.BatchExecutor.ExecuteAsync(IEnumerable`1 commandBatches, IRelationalConnection connection, CancellationToken cancellationToken)
   at Microsoft.EntityFrameworkCore.Storage.RelationalDatabase.SaveChangesAsync(IList`1 entries, CancellationToken cancellationToken)
   at Microsoft.EntityFrameworkCore.ChangeTracking.Internal.StateManager.SaveChangesAsync(IList`1 entriesToSave, CancellationToken cancellationToken)
   at Microsoft.EntityFrameworkCore.ChangeTracking.Internal.StateManager.SaveChangesAsync(StateManager stateManager, Boolean acceptAllChangesOnSuccess, CancellationToken cancellationToken)
   at Microsoft.EntityFrameworkCore.SqlServer.Storage.Internal.SqlServerExecutionStrategy.ExecuteAsync[TState,TResult](TState state, Func`4 operation, Func`4 verifySucceeded, CancellationToken cancellationToken)
   at Microsoft.EntityFrameworkCore.DbContext.SaveChangesAsync(Boolean acceptAllChangesOnSuccess, CancellationToken cancellationToken)
2026-05-06 00:54:39.096 +07:00 [ERR] [CQRS] Error handling SendGreetingCardCommand: An error occurred while saving the entity changes. See the inner exception for details.
Microsoft.EntityFrameworkCore.DbUpdateException: An error occurred while saving the entity changes. See the inner exception for details.
 ---> Microsoft.Data.SqlClient.SqlException (0x80131904): The INSERT statement conflicted with the FOREIGN KEY constraint "FK_GreetingTransactions_Users_SenderId". The conflict occurred in database "EGreetingsDb_Dev", table "dbo.Users", column 'Id'.
The statement has been terminated.
   at System.Threading.Tasks.ContinuationResultTaskFromResultTask`2.InnerInvoke()
   at System.Threading.ExecutionContext.RunInternal(ExecutionContext executionContext, ContextCallback callback, Object state)
--- End of stack trace from previous location ---
   at System.Threading.ExecutionContext.RunInternal(ExecutionContext executionContext, ContextCallback callback, Object state)
   at System.Threading.Tasks.Task.ExecuteWithThreadLocal(Task& currentTaskSlot, Thread threadPoolThread)
--- End of stack trace from previous location ---
   at Microsoft.EntityFrameworkCore.Storage.RelationalCommand.ExecuteReaderAsync(RelationalCommandParameterObject parameterObject, CancellationToken cancellationToken)
   at Microsoft.EntityFrameworkCore.Storage.RelationalCommand.ExecuteReaderAsync(RelationalCommandParameterObject parameterObject, CancellationToken cancellationToken)
   at Microsoft.EntityFrameworkCore.Update.ReaderModificationCommandBatch.ExecuteAsync(IRelationalConnection connection, CancellationToken cancellationToken)
ClientConnectionId:466e309e-eedd-4e68-bb99-9af3f6bca74c
Error Number:547,State:0,Class:16
   --- End of inner exception stack trace ---
   at Microsoft.EntityFrameworkCore.Update.ReaderModificationCommandBatch.ExecuteAsync(IRelationalConnection connection, CancellationToken cancellationToken)
   at Microsoft.EntityFrameworkCore.SqlServer.Update.Internal.SqlServerModificationCommandBatch.ExecuteAsync(IRelationalConnection connection, CancellationToken cancellationToken)
   at Microsoft.EntityFrameworkCore.Update.Internal.BatchExecutor.ExecuteAsync(IEnumerable`1 commandBatches, IRelationalConnection connection, CancellationToken cancellationToken)
   at Microsoft.EntityFrameworkCore.Update.Internal.BatchExecutor.ExecuteAsync(IEnumerable`1 commandBatches, IRelationalConnection connection, CancellationToken cancellationToken)
   at Microsoft.EntityFrameworkCore.Update.Internal.BatchExecutor.ExecuteAsync(IEnumerable`1 commandBatches, IRelationalConnection connection, CancellationToken cancellationToken)
   at Microsoft.EntityFrameworkCore.Storage.RelationalDatabase.SaveChangesAsync(IList`1 entries, CancellationToken cancellationToken)
   at Microsoft.EntityFrameworkCore.ChangeTracking.Internal.StateManager.SaveChangesAsync(IList`1 entriesToSave, CancellationToken cancellationToken)
   at Microsoft.EntityFrameworkCore.ChangeTracking.Internal.StateManager.SaveChangesAsync(StateManager stateManager, Boolean acceptAllChangesOnSuccess, CancellationToken cancellationToken)
   at Microsoft.EntityFrameworkCore.SqlServer.Storage.Internal.SqlServerExecutionStrategy.ExecuteAsync[TState,TResult](TState state, Func`4 operation, Func`4 verifySucceeded, CancellationToken cancellationToken)
   at Microsoft.EntityFrameworkCore.DbContext.SaveChangesAsync(Boolean acceptAllChangesOnSuccess, CancellationToken cancellationToken)
   at Microsoft.EntityFrameworkCore.DbContext.SaveChangesAsync(Boolean acceptAllChangesOnSuccess, CancellationToken cancellationToken)
   at EGreetings.Application.Commands.Cards.SendGreeting.SendGreetingCardCommandHandler.Handle(SendGreetingCardCommand request, CancellationToken ct) in /Users/alanstars1301/Documents/Claude/Projects/eGreeting/Backend/src/EGreetings.Application/Commands/Cards/SendGreeting/SendGreetingCardCommand.cs:line 93
   at EGreetings.Application.Behaviors.PerformanceBehavior`2.Handle(TRequest request, RequestHandlerDelegate`1 next, CancellationToken cancellationToken) in /Users/alanstars1301/Documents/Claude/Projects/eGreeting/Backend/src/EGreetings.Application/Behaviors/PerformanceBehavior.cs:line 25
   at EGreetings.Application.Behaviors.ValidationBehavior`2.Handle(TRequest request, RequestHandlerDelegate`1 next, CancellationToken cancellationToken) in /Users/alanstars1301/Documents/Claude/Projects/eGreeting/Backend/src/EGreetings.Application/Behaviors/ValidationBehavior.cs:line 39
   at EGreetings.Application.Behaviors.LoggingBehavior`2.Handle(TRequest request, RequestHandlerDelegate`1 next, CancellationToken cancellationToken) in /Users/alanstars1301/Documents/Claude/Projects/eGreeting/Backend/src/EGreetings.Application/Behaviors/LoggingBehavior.cs:line 39
2026-05-06 00:54:39.098 +07:00 [ERR] HTTP POST /api/greetings responded 500 in 20.2038 ms
Microsoft.EntityFrameworkCore.DbUpdateException: An error occurred while saving the entity changes. See the inner exception for details.
 ---> Microsoft.Data.SqlClient.SqlException (0x80131904): The INSERT statement conflicted with the FOREIGN KEY constraint "FK_GreetingTransactions_Users_SenderId". The conflict occurred in database "EGreetingsDb_Dev", table "dbo.Users", column 'Id'.
The statement has been terminated.
   at System.Threading.Tasks.ContinuationResultTaskFromResultTask`2.InnerInvoke()
   at System.Threading.ExecutionContext.RunInternal(ExecutionContext executionContext, ContextCallback callback, Object state)
--- End of stack trace from previous location ---
   at System.Threading.ExecutionContext.RunInternal(ExecutionContext executionContext, ContextCallback callback, Object state)
   at System.Threading.Tasks.Task.ExecuteWithThreadLocal(Task& currentTaskSlot, Thread threadPoolThread)
--- End of stack trace from previous location ---
   at Microsoft.EntityFrameworkCore.Storage.RelationalCommand.ExecuteReaderAsync(RelationalCommandParameterObject parameterObject, CancellationToken cancellationToken)
   at Microsoft.EntityFrameworkCore.Storage.RelationalCommand.ExecuteReaderAsync(RelationalCommandParameterObject parameterObject, CancellationToken cancellationToken)
   at Microsoft.EntityFrameworkCore.Update.ReaderModificationCommandBatch.ExecuteAsync(IRelationalConnection connection, CancellationToken cancellationToken)
ClientConnectionId:466e309e-eedd-4e68-bb99-9af3f6bca74c
Error Number:547,State:0,Class:16
   --- End of inner exception stack trace ---
   at Microsoft.EntityFrameworkCore.Update.ReaderModificationCommandBatch.ExecuteAsync(IRelationalConnection connection, CancellationToken cancellationToken)
   at Microsoft.EntityFrameworkCore.SqlServer.Update.Internal.SqlServerModificationCommandBatch.ExecuteAsync(IRelationalConnection connection, CancellationToken cancellationToken)
   at Microsoft.EntityFrameworkCore.Update.Internal.BatchExecutor.ExecuteAsync(IEnumerable`1 commandBatches, IRelationalConnection connection, CancellationToken cancellationToken)
   at Microsoft.EntityFrameworkCore.Update.Internal.BatchExecutor.ExecuteAsync(IEnumerable`1 commandBatches, IRelationalConnection connection, CancellationToken cancellationToken)
   at Microsoft.EntityFrameworkCore.Update.Internal.BatchExecutor.ExecuteAsync(IEnumerable`1 commandBatches, IRelationalConnection connection, CancellationToken cancellationToken)
   at Microsoft.EntityFrameworkCore.Storage.RelationalDatabase.SaveChangesAsync(IList`1 entries, CancellationToken cancellationToken)
   at Microsoft.EntityFrameworkCore.ChangeTracking.Internal.StateManager.SaveChangesAsync(IList`1 entriesToSave, CancellationToken cancellationToken)
   at Microsoft.EntityFrameworkCore.ChangeTracking.Internal.StateManager.SaveChangesAsync(StateManager stateManager, Boolean acceptAllChangesOnSuccess, CancellationToken cancellationToken)
   at Microsoft.EntityFrameworkCore.SqlServer.Storage.Internal.SqlServerExecutionStrategy.ExecuteAsync[TState,TResult](TState state, Func`4 operation, Func`4 verifySucceeded, CancellationToken cancellationToken)
   at Microsoft.EntityFrameworkCore.DbContext.SaveChangesAsync(Boolean acceptAllChangesOnSuccess, CancellationToken cancellationToken)
   at Microsoft.EntityFrameworkCore.DbContext.SaveChangesAsync(Boolean acceptAllChangesOnSuccess, CancellationToken cancellationToken)
   at EGreetings.Application.Commands.Cards.SendGreeting.SendGreetingCardCommandHandler.Handle(SendGreetingCardCommand request, CancellationToken ct) in /Users/alanstars1301/Documents/Claude/Projects/eGreeting/Backend/src/EGreetings.Application/Commands/Cards/SendGreeting/SendGreetingCardCommand.cs:line 93
   at EGreetings.Application.Behaviors.PerformanceBehavior`2.Handle(TRequest request, RequestHandlerDelegate`1 next, CancellationToken cancellationToken) in /Users/alanstars1301/Documents/Claude/Projects/eGreeting/Backend/src/EGreetings.Application/Behaviors/PerformanceBehavior.cs:line 25
   at EGreetings.Application.Behaviors.ValidationBehavior`2.Handle(TRequest request, RequestHandlerDelegate`1 next, CancellationToken cancellationToken) in /Users/alanstars1301/Documents/Claude/Projects/eGreeting/Backend/src/EGreetings.Application/Behaviors/ValidationBehavior.cs:line 39
   at EGreetings.Application.Behaviors.LoggingBehavior`2.Handle(TRequest request, RequestHandlerDelegate`1 next, CancellationToken cancellationToken) in /Users/alanstars1301/Documents/Claude/Projects/eGreeting/Backend/src/EGreetings.Application/Behaviors/LoggingBehavior.cs:line 39
   at EGreetings.Application.Behaviors.LoggingBehavior`2.Handle(TRequest request, RequestHandlerDelegate`1 next, CancellationToken cancellationToken) in /Users/alanstars1301/Documents/Claude/Projects/eGreeting/Backend/src/EGreetings.Application/Behaviors/LoggingBehavior.cs:line 68
   at EGreetings.API.Controllers.CardsController.SendGreeting(SendGreetingCardCommand command, CancellationToken ct) in /Users/alanstars1301/Documents/Claude/Projects/eGreeting/Backend/src/EGreetings.API/Controllers/CardsController.cs:line 99
   at Microsoft.AspNetCore.Mvc.Infrastructure.ActionMethodExecutor.TaskOfIActionResultExecutor.Execute(ActionContext actionContext, IActionResultTypeMapper mapper, ObjectMethodExecutor executor, Object controller, Object[] arguments)
   at Microsoft.AspNetCore.Mvc.Infrastructure.ControllerActionInvoker.<InvokeActionMethodAsync>g__Awaited|12_0(ControllerActionInvoker invoker, ValueTask`1 actionResultValueTask)
   at Microsoft.AspNetCore.Mvc.Infrastructure.ControllerActionInvoker.<InvokeNextActionFilterAsync>g__Awaited|10_0(ControllerActionInvoker invoker, Task lastTask, State next, Scope scope, Object state, Boolean isCompleted)
   at Microsoft.AspNetCore.Mvc.Infrastructure.ControllerActionInvoker.Rethrow(ActionExecutedContextSealed context)
   at Microsoft.AspNetCore.Mvc.Infrastructure.ControllerActionInvoker.Next(State& next, Scope& scope, Object& state, Boolean& isCompleted)
   at Microsoft.AspNetCore.Mvc.Infrastructure.ControllerActionInvoker.<InvokeInnerFilterAsync>g__Awaited|13_0(ControllerActionInvoker invoker, Task lastTask, State next, Scope scope, Object state, Boolean isCompleted)
   at Microsoft.AspNetCore.Mvc.Infrastructure.ResourceInvoker.<InvokeFilterPipelineAsync>g__Awaited|20_0(ResourceInvoker invoker, Task lastTask, State next, Scope scope, Object state, Boolean isCompleted)
   at Microsoft.AspNetCore.Mvc.Infrastructure.ResourceInvoker.<InvokeAsync>g__Awaited|17_0(ResourceInvoker invoker, Task task, IDisposable scope)
   at Microsoft.AspNetCore.Mvc.Infrastructure.ResourceInvoker.<InvokeAsync>g__Awaited|17_0(ResourceInvoker invoker, Task task, IDisposable scope)
   at Microsoft.AspNetCore.Authorization.AuthorizationMiddleware.Invoke(HttpContext context)
   at Microsoft.AspNetCore.Authentication.AuthenticationMiddleware.Invoke(HttpContext context)
   at Serilog.AspNetCore.RequestLoggingMiddleware.Invoke(HttpContext httpContext)
2026-05-06 00:54:39.105 +07:00 [INF] Executed DbCommand (4ms) [Parameters=[@p0='?' (DbType = Guid), @p1='?' (DbType = Guid), @p2='?' (Size = 20), @p3='?' (Size = 2000), @p4='?' (DbType = DateTime2), @p5='?' (Size = 1000), @p6='?' (Size = 30), @p7='?' (Size = 50), @p8='?' (Size = 20), @p9='?' (DbType = DateTime2)], CommandType='"Text"', CommandTimeout='30']
SET IMPLICIT_TRANSACTIONS OFF;
SET NOCOUNT ON;
INSERT INTO [SystemLogs] ([Id], [ActorId], [ActorType], [AdditionalData], [CreatedAt], [Description], [EventType], [IpAddress], [Status], [Timestamp])
VALUES (@p0, @p1, @p2, @p3, @p4, @p5, @p6, @p7, @p8, @p9);
2026-05-06 00:54:39.105 +07:00 [ERR] [EXCEPTION] 500 /api/greetings – An error occurred while saving the entity changes. See the inner exception for details.
Microsoft.EntityFrameworkCore.DbUpdateException: An error occurred while saving the entity changes. See the inner exception for details.
 ---> Microsoft.Data.SqlClient.SqlException (0x80131904): The INSERT statement conflicted with the FOREIGN KEY constraint "FK_GreetingTransactions_Users_SenderId". The conflict occurred in database "EGreetingsDb_Dev", table "dbo.Users", column 'Id'.
The statement has been terminated.
   at System.Threading.Tasks.ContinuationResultTaskFromResultTask`2.InnerInvoke()
   at System.Threading.ExecutionContext.RunInternal(ExecutionContext executionContext, ContextCallback callback, Object state)
--- End of stack trace from previous location ---
   at System.Threading.ExecutionContext.RunInternal(ExecutionContext executionContext, ContextCallback callback, Object state)
   at System.Threading.Tasks.Task.ExecuteWithThreadLocal(Task& currentTaskSlot, Thread threadPoolThread)
--- End of stack trace from previous location ---
   at Microsoft.EntityFrameworkCore.Storage.RelationalCommand.ExecuteReaderAsync(RelationalCommandParameterObject parameterObject, CancellationToken cancellationToken)
   at Microsoft.EntityFrameworkCore.Storage.RelationalCommand.ExecuteReaderAsync(RelationalCommandParameterObject parameterObject, CancellationToken cancellationToken)
   at Microsoft.EntityFrameworkCore.Update.ReaderModificationCommandBatch.ExecuteAsync(IRelationalConnection connection, CancellationToken cancellationToken)
ClientConnectionId:466e309e-eedd-4e68-bb99-9af3f6bca74c
Error Number:547,State:0,Class:16
   --- End of inner exception stack trace ---
   at Microsoft.EntityFrameworkCore.Update.ReaderModificationCommandBatch.ExecuteAsync(IRelationalConnection connection, CancellationToken cancellationToken)
   at Microsoft.EntityFrameworkCore.SqlServer.Update.Internal.SqlServerModificationCommandBatch.ExecuteAsync(IRelationalConnection connection, CancellationToken cancellationToken)
   at Microsoft.EntityFrameworkCore.Update.Internal.BatchExecutor.ExecuteAsync(IEnumerable`1 commandBatches, IRelationalConnection connection, CancellationToken cancellationToken)
   at Microsoft.EntityFrameworkCore.Update.Internal.BatchExecutor.ExecuteAsync(IEnumerable`1 commandBatches, IRelationalConnection connection, CancellationToken cancellationToken)
   at Microsoft.EntityFrameworkCore.Update.Internal.BatchExecutor.ExecuteAsync(IEnumerable`1 commandBatches, IRelationalConnection connection, CancellationToken cancellationToken)
   at Microsoft.EntityFrameworkCore.Storage.RelationalDatabase.SaveChangesAsync(IList`1 entries, CancellationToken cancellationToken)
   at Microsoft.EntityFrameworkCore.ChangeTracking.Internal.StateManager.SaveChangesAsync(IList`1 entriesToSave, CancellationToken cancellationToken)
   at Microsoft.EntityFrameworkCore.ChangeTracking.Internal.StateManager.SaveChangesAsync(StateManager stateManager, Boolean acceptAllChangesOnSuccess, CancellationToken cancellationToken)
   at Microsoft.EntityFrameworkCore.SqlServer.Storage.Internal.SqlServerExecutionStrategy.ExecuteAsync[TState,TResult](TState state, Func`4 operation, Func`4 verifySucceeded, CancellationToken cancellationToken)
   at Microsoft.EntityFrameworkCore.DbContext.SaveChangesAsync(Boolean acceptAllChangesOnSuccess, CancellationToken cancellationToken)
   at Microsoft.EntityFrameworkCore.DbContext.SaveChangesAsync(Boolean acceptAllChangesOnSuccess, CancellationToken cancellationToken)
   at EGreetings.Application.Commands.Cards.SendGreeting.SendGreetingCardCommandHandler.Handle(SendGreetingCardCommand request, CancellationToken ct) in /Users/alanstars1301/Documents/Claude/Projects/eGreeting/Backend/src/EGreetings.Application/Commands/Cards/SendGreeting/SendGreetingCardCommand.cs:line 93
   at EGreetings.Application.Behaviors.PerformanceBehavior`2.Handle(TRequest request, RequestHandlerDelegate`1 next, CancellationToken cancellationToken) in /Users/alanstars1301/Documents/Claude/Projects/eGreeting/Backend/src/EGreetings.Application/Behaviors/PerformanceBehavior.cs:line 25
   at EGreetings.Application.Behaviors.ValidationBehavior`2.Handle(TRequest request, RequestHandlerDelegate`1 next, CancellationToken cancellationToken) in /Users/alanstars1301/Documents/Claude/Projects/eGreeting/Backend/src/EGreetings.Application/Behaviors/ValidationBehavior.cs:line 39
   at EGreetings.Application.Behaviors.LoggingBehavior`2.Handle(TRequest request, RequestHandlerDelegate`1 next, CancellationToken cancellationToken) in /Users/alanstars1301/Documents/Claude/Projects/eGreeting/Backend/src/EGreetings.Application/Behaviors/LoggingBehavior.cs:line 39
   at EGreetings.Application.Behaviors.LoggingBehavior`2.Handle(TRequest request, RequestHandlerDelegate`1 next, CancellationToken cancellationToken) in /Users/alanstars1301/Documents/Claude/Projects/eGreeting/Backend/src/EGreetings.Application/Behaviors/LoggingBehavior.cs:line 68
   at EGreetings.API.Controllers.CardsController.SendGreeting(SendGreetingCardCommand command, CancellationToken ct) in /Users/alanstars1301/Documents/Claude/Projects/eGreeting/Backend/src/EGreetings.API/Controllers/CardsController.cs:line 99
   at Microsoft.AspNetCore.Mvc.Infrastructure.ActionMethodExecutor.TaskOfIActionResultExecutor.Execute(ActionContext actionContext, IActionResultTypeMapper mapper, ObjectMethodExecutor executor, Object controller, Object[] arguments)
   at Microsoft.AspNetCore.Mvc.Infrastructure.ControllerActionInvoker.<InvokeActionMethodAsync>g__Awaited|12_0(ControllerActionInvoker invoker, ValueTask`1 actionResultValueTask)
   at Microsoft.AspNetCore.Mvc.Infrastructure.ControllerActionInvoker.<InvokeNextActionFilterAsync>g__Awaited|10_0(ControllerActionInvoker invoker, Task lastTask, State next, Scope scope, Object state, Boolean isCompleted)
   at Microsoft.AspNetCore.Mvc.Infrastructure.ControllerActionInvoker.Rethrow(ActionExecutedContextSealed context)
   at Microsoft.AspNetCore.Mvc.Infrastructure.ControllerActionInvoker.Next(State& next, Scope& scope, Object& state, Boolean& isCompleted)
   at Microsoft.AspNetCore.Mvc.Infrastructure.ControllerActionInvoker.<InvokeInnerFilterAsync>g__Awaited|13_0(ControllerActionInvoker invoker, Task lastTask, State next, Scope scope, Object state, Boolean isCompleted)
   at Microsoft.AspNetCore.Mvc.Infrastructure.ResourceInvoker.<InvokeFilterPipelineAsync>g__Awaited|20_0(ResourceInvoker invoker, Task lastTask, State next, Scope scope, Object state, Boolean isCompleted)
   at Microsoft.AspNetCore.Mvc.Infrastructure.ResourceInvoker.<InvokeAsync>g__Awaited|17_0(ResourceInvoker invoker, Task task, IDisposable scope)
   at Microsoft.AspNetCore.Mvc.Infrastructure.ResourceInvoker.<InvokeAsync>g__Awaited|17_0(ResourceInvoker invoker, Task task, IDisposable scope)
   at Microsoft.AspNetCore.Authorization.AuthorizationMiddleware.Invoke(HttpContext context)
   at Microsoft.AspNetCore.Authentication.AuthenticationMiddleware.Invoke(HttpContext context)
   at Serilog.AspNetCore.RequestLoggingMiddleware.Invoke(HttpContext httpContext)
   at EGreetings.API.Middlewares.SecurityHeadersMiddleware.InvokeAsync(HttpContext context) in /Users/alanstars1301/Documents/Claude/Projects/eGreeting/Backend/src/EGreetings.API/Middlewares/ApiMiddlewares.cs:line 121
   at EGreetings.API.Middlewares.GlobalExceptionMiddleware.InvokeAsync(HttpContext context) in /Users/alanstars1301/Documents/Claude/Projects/eGreeting/Backend/src/EGreetings.API/Middlewares/ApiMiddlewares.cs:line 36
2026-05-06 00:54:39.454 +07:00 [INF] [CQRS] Handling SendGreetingCardCommand
2026-05-06 00:54:39.463 +07:00 [INF] Executed DbCommand (9ms) [Parameters=[@__request_SenderId_0='?' (DbType = Guid)], CommandType='"Text"', CommandTimeout='30']
SELECT CASE
    WHEN EXISTS (
        SELECT 1
        FROM [Subscriptions] AS [s]
        WHERE [s].[UserId] = @__request_SenderId_0 AND [s].[Status] = N'Active') THEN CAST(1 AS bit)
    ELSE CAST(0 AS bit)
END
2026-05-06 00:54:39.468 +07:00 [INF] Executed DbCommand (4ms) [Parameters=[@__8__locals1_request_SenderId_0='?' (DbType = Guid), @__today_1='?' (DbType = DateTime2), @__AddDays_2='?' (DbType = DateTime2)], CommandType='"Text"', CommandTimeout='30']
SELECT COUNT(*)
FROM [GreetingTransactions] AS [g]
WHERE [g].[SenderId] = @__8__locals1_request_SenderId_0 AND [g].[SubscriptionId] IS NULL AND [g].[CreatedAt] >= @__today_1 AND [g].[CreatedAt] < @__AddDays_2
2026-05-06 00:54:39.471 +07:00 [INF] Executed DbCommand (2ms) [Parameters=[@__request_CardId_0='?' (DbType = Guid)], CommandType='"Text"', CommandTimeout='30']
SELECT TOP(1) [g].[Id], [g].[CategoryId], [g].[CreatedAt], [g].[CustomJsonContent], [g].[DeletedAt], [g].[Description], [g].[FileUrl], [g].[IsDeleted], [g].[IsFeatured], [g].[IsPremium], [g].[Name], [g].[Slug], [g].[Status], [g].[Tags], [g].[ThumbnailUrl], [g].[UpdatedAt]
FROM [GreetingCards] AS [g]
WHERE [g].[IsDeleted] = CAST(0 AS bit) AND [g].[Id] = @__request_CardId_0 AND [g].[Status] = N'Active' AND [g].[IsDeleted] = CAST(0 AS bit)
2026-05-06 00:54:39.476 +07:00 [ERR] Failed executing DbCommand (4ms) [Parameters=[@p0='?' (DbType = Guid), @p1='?' (DbType = Guid), @p2='?' (DbType = DateTime2), @p3='?' (Size = 500), @p4='?' (Size = 256) (DbType = AnsiString), @p5='?' (DbType = Int32), @p6='?' (DbType = DateTime2), @p7='?' (DbType = Guid), @p8='?' (DbType = DateTime2), @p9='?' (Size = 20), @p10='?' (Size = 300), @p11='?' (DbType = Guid)], CommandType='"Text"', CommandTimeout='30']
SET IMPLICIT_TRANSACTIONS OFF;
SET NOCOUNT ON;
INSERT INTO [GreetingTransactions] ([Id], [CardId], [CreatedAt], [PersonalMessage], [RecipientEmail], [RetryCount], [ScheduledSendAt], [SenderId], [SentAt], [Status], [Subject], [SubscriptionId])
VALUES (@p0, @p1, @p2, @p3, @p4, @p5, @p6, @p7, @p8, @p9, @p10, @p11);
2026-05-06 00:54:39.477 +07:00 [ERR] An exception occurred in the database while saving changes for context type 'EGreetings.Infrastructure.Persistence.AppDbContext'.
Microsoft.EntityFrameworkCore.DbUpdateException: An error occurred while saving the entity changes. See the inner exception for details.
 ---> Microsoft.Data.SqlClient.SqlException (0x80131904): The INSERT statement conflicted with the FOREIGN KEY constraint "FK_GreetingTransactions_Users_SenderId". The conflict occurred in database "EGreetingsDb_Dev", table "dbo.Users", column 'Id'.
The statement has been terminated.
   at System.Threading.Tasks.ContinuationResultTaskFromResultTask`2.InnerInvoke()
   at System.Threading.ExecutionContext.RunInternal(ExecutionContext executionContext, ContextCallback callback, Object state)
--- End of stack trace from previous location ---
   at System.Threading.ExecutionContext.RunInternal(ExecutionContext executionContext, ContextCallback callback, Object state)
   at System.Threading.Tasks.Task.ExecuteWithThreadLocal(Task& currentTaskSlot, Thread threadPoolThread)
--- End of stack trace from previous location ---
   at Microsoft.EntityFrameworkCore.Storage.RelationalCommand.ExecuteReaderAsync(RelationalCommandParameterObject parameterObject, CancellationToken cancellationToken)
   at Microsoft.EntityFrameworkCore.Storage.RelationalCommand.ExecuteReaderAsync(RelationalCommandParameterObject parameterObject, CancellationToken cancellationToken)
   at Microsoft.EntityFrameworkCore.Update.ReaderModificationCommandBatch.ExecuteAsync(IRelationalConnection connection, CancellationToken cancellationToken)
ClientConnectionId:19302d1a-88e8-4334-a436-ff710c321191
Error Number:547,State:0,Class:16
   --- End of inner exception stack trace ---
   at Microsoft.EntityFrameworkCore.Update.ReaderModificationCommandBatch.ExecuteAsync(IRelationalConnection connection, CancellationToken cancellationToken)
   at Microsoft.EntityFrameworkCore.SqlServer.Update.Internal.SqlServerModificationCommandBatch.ExecuteAsync(IRelationalConnection connection, CancellationToken cancellationToken)
   at Microsoft.EntityFrameworkCore.Update.Internal.BatchExecutor.ExecuteAsync(IEnumerable`1 commandBatches, IRelationalConnection connection, CancellationToken cancellationToken)
   at Microsoft.EntityFrameworkCore.Update.Internal.BatchExecutor.ExecuteAsync(IEnumerable`1 commandBatches, IRelationalConnection connection, CancellationToken cancellationToken)
   at Microsoft.EntityFrameworkCore.Update.Internal.BatchExecutor.ExecuteAsync(IEnumerable`1 commandBatches, IRelationalConnection connection, CancellationToken cancellationToken)
   at Microsoft.EntityFrameworkCore.Storage.RelationalDatabase.SaveChangesAsync(IList`1 entries, CancellationToken cancellationToken)
   at Microsoft.EntityFrameworkCore.ChangeTracking.Internal.StateManager.SaveChangesAsync(IList`1 entriesToSave, CancellationToken cancellationToken)
   at Microsoft.EntityFrameworkCore.ChangeTracking.Internal.StateManager.SaveChangesAsync(StateManager stateManager, Boolean acceptAllChangesOnSuccess, CancellationToken cancellationToken)
   at Microsoft.EntityFrameworkCore.SqlServer.Storage.Internal.SqlServerExecutionStrategy.ExecuteAsync[TState,TResult](TState state, Func`4 operation, Func`4 verifySucceeded, CancellationToken cancellationToken)
   at Microsoft.EntityFrameworkCore.DbContext.SaveChangesAsync(Boolean acceptAllChangesOnSuccess, CancellationToken cancellationToken)
Microsoft.EntityFrameworkCore.DbUpdateException: An error occurred while saving the entity changes. See the inner exception for details.
 ---> Microsoft.Data.SqlClient.SqlException (0x80131904): The INSERT statement conflicted with the FOREIGN KEY constraint "FK_GreetingTransactions_Users_SenderId". The conflict occurred in database "EGreetingsDb_Dev", table "dbo.Users", column 'Id'.
The statement has been terminated.
   at System.Threading.Tasks.ContinuationResultTaskFromResultTask`2.InnerInvoke()
   at System.Threading.ExecutionContext.RunInternal(ExecutionContext executionContext, ContextCallback callback, Object state)
--- End of stack trace from previous location ---
   at System.Threading.ExecutionContext.RunInternal(ExecutionContext executionContext, ContextCallback callback, Object state)
   at System.Threading.Tasks.Task.ExecuteWithThreadLocal(Task& currentTaskSlot, Thread threadPoolThread)
--- End of stack trace from previous location ---
   at Microsoft.EntityFrameworkCore.Storage.RelationalCommand.ExecuteReaderAsync(RelationalCommandParameterObject parameterObject, CancellationToken cancellationToken)
   at Microsoft.EntityFrameworkCore.Storage.RelationalCommand.ExecuteReaderAsync(RelationalCommandParameterObject parameterObject, CancellationToken cancellationToken)
   at Microsoft.EntityFrameworkCore.Update.ReaderModificationCommandBatch.ExecuteAsync(IRelationalConnection connection, CancellationToken cancellationToken)
ClientConnectionId:19302d1a-88e8-4334-a436-ff710c321191
Error Number:547,State:0,Class:16
   --- End of inner exception stack trace ---
   at Microsoft.EntityFrameworkCore.Update.ReaderModificationCommandBatch.ExecuteAsync(IRelationalConnection connection, CancellationToken cancellationToken)
   at Microsoft.EntityFrameworkCore.SqlServer.Update.Internal.SqlServerModificationCommandBatch.ExecuteAsync(IRelationalConnection connection, CancellationToken cancellationToken)
   at Microsoft.EntityFrameworkCore.Update.Internal.BatchExecutor.ExecuteAsync(IEnumerable`1 commandBatches, IRelationalConnection connection, CancellationToken cancellationToken)
   at Microsoft.EntityFrameworkCore.Update.Internal.BatchExecutor.ExecuteAsync(IEnumerable`1 commandBatches, IRelationalConnection connection, CancellationToken cancellationToken)
   at Microsoft.EntityFrameworkCore.Update.Internal.BatchExecutor.ExecuteAsync(IEnumerable`1 commandBatches, IRelationalConnection connection, CancellationToken cancellationToken)
   at Microsoft.EntityFrameworkCore.Storage.RelationalDatabase.SaveChangesAsync(IList`1 entries, CancellationToken cancellationToken)
   at Microsoft.EntityFrameworkCore.ChangeTracking.Internal.StateManager.SaveChangesAsync(IList`1 entriesToSave, CancellationToken cancellationToken)
   at Microsoft.EntityFrameworkCore.ChangeTracking.Internal.StateManager.SaveChangesAsync(StateManager stateManager, Boolean acceptAllChangesOnSuccess, CancellationToken cancellationToken)
   at Microsoft.EntityFrameworkCore.SqlServer.Storage.Internal.SqlServerExecutionStrategy.ExecuteAsync[TState,TResult](TState state, Func`4 operation, Func`4 verifySucceeded, CancellationToken cancellationToken)
   at Microsoft.EntityFrameworkCore.DbContext.SaveChangesAsync(Boolean acceptAllChangesOnSuccess, CancellationToken cancellationToken)
2026-05-06 00:54:39.478 +07:00 [ERR] [CQRS] Error handling SendGreetingCardCommand: An error occurred while saving the entity changes. See the inner exception for details.
Microsoft.EntityFrameworkCore.DbUpdateException: An error occurred while saving the entity changes. See the inner exception for details.
 ---> Microsoft.Data.SqlClient.SqlException (0x80131904): The INSERT statement conflicted with the FOREIGN KEY constraint "FK_GreetingTransactions_Users_SenderId". The conflict occurred in database "EGreetingsDb_Dev", table "dbo.Users", column 'Id'.
The statement has been terminated.
   at System.Threading.Tasks.ContinuationResultTaskFromResultTask`2.InnerInvoke()
   at System.Threading.ExecutionContext.RunInternal(ExecutionContext executionContext, ContextCallback callback, Object state)
--- End of stack trace from previous location ---
   at System.Threading.ExecutionContext.RunInternal(ExecutionContext executionContext, ContextCallback callback, Object state)
   at System.Threading.Tasks.Task.ExecuteWithThreadLocal(Task& currentTaskSlot, Thread threadPoolThread)
--- End of stack trace from previous location ---
   at Microsoft.EntityFrameworkCore.Storage.RelationalCommand.ExecuteReaderAsync(RelationalCommandParameterObject parameterObject, CancellationToken cancellationToken)
   at Microsoft.EntityFrameworkCore.Storage.RelationalCommand.ExecuteReaderAsync(RelationalCommandParameterObject parameterObject, CancellationToken cancellationToken)
   at Microsoft.EntityFrameworkCore.Update.ReaderModificationCommandBatch.ExecuteAsync(IRelationalConnection connection, CancellationToken cancellationToken)
ClientConnectionId:19302d1a-88e8-4334-a436-ff710c321191
Error Number:547,State:0,Class:16
   --- End of inner exception stack trace ---
   at Microsoft.EntityFrameworkCore.Update.ReaderModificationCommandBatch.ExecuteAsync(IRelationalConnection connection, CancellationToken cancellationToken)
   at Microsoft.EntityFrameworkCore.SqlServer.Update.Internal.SqlServerModificationCommandBatch.ExecuteAsync(IRelationalConnection connection, CancellationToken cancellationToken)
   at Microsoft.EntityFrameworkCore.Update.Internal.BatchExecutor.ExecuteAsync(IEnumerable`1 commandBatches, IRelationalConnection connection, CancellationToken cancellationToken)
   at Microsoft.EntityFrameworkCore.Update.Internal.BatchExecutor.ExecuteAsync(IEnumerable`1 commandBatches, IRelationalConnection connection, CancellationToken cancellationToken)
   at Microsoft.EntityFrameworkCore.Update.Internal.BatchExecutor.ExecuteAsync(IEnumerable`1 commandBatches, IRelationalConnection connection, CancellationToken cancellationToken)
   at Microsoft.EntityFrameworkCore.Storage.RelationalDatabase.SaveChangesAsync(IList`1 entries, CancellationToken cancellationToken)
   at Microsoft.EntityFrameworkCore.ChangeTracking.Internal.StateManager.SaveChangesAsync(IList`1 entriesToSave, CancellationToken cancellationToken)
   at Microsoft.EntityFrameworkCore.ChangeTracking.Internal.StateManager.SaveChangesAsync(StateManager stateManager, Boolean acceptAllChangesOnSuccess, CancellationToken cancellationToken)
   at Microsoft.EntityFrameworkCore.SqlServer.Storage.Internal.SqlServerExecutionStrategy.ExecuteAsync[TState,TResult](TState state, Func`4 operation, Func`4 verifySucceeded, CancellationToken cancellationToken)
   at Microsoft.EntityFrameworkCore.DbContext.SaveChangesAsync(Boolean acceptAllChangesOnSuccess, CancellationToken cancellationToken)
   at Microsoft.EntityFrameworkCore.DbContext.SaveChangesAsync(Boolean acceptAllChangesOnSuccess, CancellationToken cancellationToken)
   at EGreetings.Application.Commands.Cards.SendGreeting.SendGreetingCardCommandHandler.Handle(SendGreetingCardCommand request, CancellationToken ct) in /Users/alanstars1301/Documents/Claude/Projects/eGreeting/Backend/src/EGreetings.Application/Commands/Cards/SendGreeting/SendGreetingCardCommand.cs:line 93
   at EGreetings.Application.Behaviors.PerformanceBehavior`2.Handle(TRequest request, RequestHandlerDelegate`1 next, CancellationToken cancellationToken) in /Users/alanstars1301/Documents/Claude/Projects/eGreeting/Backend/src/EGreetings.Application/Behaviors/PerformanceBehavior.cs:line 25
   at EGreetings.Application.Behaviors.ValidationBehavior`2.Handle(TRequest request, RequestHandlerDelegate`1 next, CancellationToken cancellationToken) in /Users/alanstars1301/Documents/Claude/Projects/eGreeting/Backend/src/EGreetings.Application/Behaviors/ValidationBehavior.cs:line 39
   at EGreetings.Application.Behaviors.LoggingBehavior`2.Handle(TRequest request, RequestHandlerDelegate`1 next, CancellationToken cancellationToken) in /Users/alanstars1301/Documents/Claude/Projects/eGreeting/Backend/src/EGreetings.Application/Behaviors/LoggingBehavior.cs:line 39
2026-05-06 00:54:39.480 +07:00 [ERR] HTTP POST /api/greetings responded 500 in 27.2793 ms
Microsoft.EntityFrameworkCore.DbUpdateException: An error occurred while saving the entity changes. See the inner exception for details.
 ---> Microsoft.Data.SqlClient.SqlException (0x80131904): The INSERT statement conflicted with the FOREIGN KEY constraint "FK_GreetingTransactions_Users_SenderId". The conflict occurred in database "EGreetingsDb_Dev", table "dbo.Users", column 'Id'.
The statement has been terminated.
   at System.Threading.Tasks.ContinuationResultTaskFromResultTask`2.InnerInvoke()
   at System.Threading.ExecutionContext.RunInternal(ExecutionContext executionContext, ContextCallback callback, Object state)
--- End of stack trace from previous location ---
   at System.Threading.ExecutionContext.RunInternal(ExecutionContext executionContext, ContextCallback callback, Object state)
   at System.Threading.Tasks.Task.ExecuteWithThreadLocal(Task& currentTaskSlot, Thread threadPoolThread)
--- End of stack trace from previous location ---
   at Microsoft.EntityFrameworkCore.Storage.RelationalCommand.ExecuteReaderAsync(RelationalCommandParameterObject parameterObject, CancellationToken cancellationToken)
   at Microsoft.EntityFrameworkCore.Storage.RelationalCommand.ExecuteReaderAsync(RelationalCommandParameterObject parameterObject, CancellationToken cancellationToken)
   at Microsoft.EntityFrameworkCore.Update.ReaderModificationCommandBatch.ExecuteAsync(IRelationalConnection connection, CancellationToken cancellationToken)
ClientConnectionId:19302d1a-88e8-4334-a436-ff710c321191
Error Number:547,State:0,Class:16
   --- End of inner exception stack trace ---
   at Microsoft.EntityFrameworkCore.Update.ReaderModificationCommandBatch.ExecuteAsync(IRelationalConnection connection, CancellationToken cancellationToken)
   at Microsoft.EntityFrameworkCore.SqlServer.Update.Internal.SqlServerModificationCommandBatch.ExecuteAsync(IRelationalConnection connection, CancellationToken cancellationToken)
   at Microsoft.EntityFrameworkCore.Update.Internal.BatchExecutor.ExecuteAsync(IEnumerable`1 commandBatches, IRelationalConnection connection, CancellationToken cancellationToken)
   at Microsoft.EntityFrameworkCore.Update.Internal.BatchExecutor.ExecuteAsync(IEnumerable`1 commandBatches, IRelationalConnection connection, CancellationToken cancellationToken)
   at Microsoft.EntityFrameworkCore.Update.Internal.BatchExecutor.ExecuteAsync(IEnumerable`1 commandBatches, IRelationalConnection connection, CancellationToken cancellationToken)
   at Microsoft.EntityFrameworkCore.Storage.RelationalDatabase.SaveChangesAsync(IList`1 entries, CancellationToken cancellationToken)
   at Microsoft.EntityFrameworkCore.ChangeTracking.Internal.StateManager.SaveChangesAsync(IList`1 entriesToSave, CancellationToken cancellationToken)
   at Microsoft.EntityFrameworkCore.ChangeTracking.Internal.StateManager.SaveChangesAsync(StateManager stateManager, Boolean acceptAllChangesOnSuccess, CancellationToken cancellationToken)
   at Microsoft.EntityFrameworkCore.SqlServer.Storage.Internal.SqlServerExecutionStrategy.ExecuteAsync[TState,TResult](TState state, Func`4 operation, Func`4 verifySucceeded, CancellationToken cancellationToken)
   at Microsoft.EntityFrameworkCore.DbContext.SaveChangesAsync(Boolean acceptAllChangesOnSuccess, CancellationToken cancellationToken)
   at Microsoft.EntityFrameworkCore.DbContext.SaveChangesAsync(Boolean acceptAllChangesOnSuccess, CancellationToken cancellationToken)
   at EGreetings.Application.Commands.Cards.SendGreeting.SendGreetingCardCommandHandler.Handle(SendGreetingCardCommand request, CancellationToken ct) in /Users/alanstars1301/Documents/Claude/Projects/eGreeting/Backend/src/EGreetings.Application/Commands/Cards/SendGreeting/SendGreetingCardCommand.cs:line 93
   at EGreetings.Application.Behaviors.PerformanceBehavior`2.Handle(TRequest request, RequestHandlerDelegate`1 next, CancellationToken cancellationToken) in /Users/alanstars1301/Documents/Claude/Projects/eGreeting/Backend/src/EGreetings.Application/Behaviors/PerformanceBehavior.cs:line 25
   at EGreetings.Application.Behaviors.ValidationBehavior`2.Handle(TRequest request, RequestHandlerDelegate`1 next, CancellationToken cancellationToken) in /Users/alanstars1301/Documents/Claude/Projects/eGreeting/Backend/src/EGreetings.Application/Behaviors/ValidationBehavior.cs:line 39
   at EGreetings.Application.Behaviors.LoggingBehavior`2.Handle(TRequest request, RequestHandlerDelegate`1 next, CancellationToken cancellationToken) in /Users/alanstars1301/Documents/Claude/Projects/eGreeting/Backend/src/EGreetings.Application/Behaviors/LoggingBehavior.cs:line 39
   at EGreetings.Application.Behaviors.LoggingBehavior`2.Handle(TRequest request, RequestHandlerDelegate`1 next, CancellationToken cancellationToken) in /Users/alanstars1301/Documents/Claude/Projects/eGreeting/Backend/src/EGreetings.Application/Behaviors/LoggingBehavior.cs:line 68
   at EGreetings.API.Controllers.CardsController.SendGreeting(SendGreetingCardCommand command, CancellationToken ct) in /Users/alanstars1301/Documents/Claude/Projects/eGreeting/Backend/src/EGreetings.API/Controllers/CardsController.cs:line 99
   at Microsoft.AspNetCore.Mvc.Infrastructure.ActionMethodExecutor.TaskOfIActionResultExecutor.Execute(ActionContext actionContext, IActionResultTypeMapper mapper, ObjectMethodExecutor executor, Object controller, Object[] arguments)
   at Microsoft.AspNetCore.Mvc.Infrastructure.ControllerActionInvoker.<InvokeActionMethodAsync>g__Awaited|12_0(ControllerActionInvoker invoker, ValueTask`1 actionResultValueTask)
   at Microsoft.AspNetCore.Mvc.Infrastructure.ControllerActionInvoker.<InvokeNextActionFilterAsync>g__Awaited|10_0(ControllerActionInvoker invoker, Task lastTask, State next, Scope scope, Object state, Boolean isCompleted)
   at Microsoft.AspNetCore.Mvc.Infrastructure.ControllerActionInvoker.Rethrow(ActionExecutedContextSealed context)
   at Microsoft.AspNetCore.Mvc.Infrastructure.ControllerActionInvoker.Next(State& next, Scope& scope, Object& state, Boolean& isCompleted)
   at Microsoft.AspNetCore.Mvc.Infrastructure.ControllerActionInvoker.<InvokeInnerFilterAsync>g__Awaited|13_0(ControllerActionInvoker invoker, Task lastTask, State next, Scope scope, Object state, Boolean isCompleted)
   at Microsoft.AspNetCore.Mvc.Infrastructure.ResourceInvoker.<InvokeFilterPipelineAsync>g__Awaited|20_0(ResourceInvoker invoker, Task lastTask, State next, Scope scope, Object state, Boolean isCompleted)
   at Microsoft.AspNetCore.Mvc.Infrastructure.ResourceInvoker.<InvokeAsync>g__Awaited|17_0(ResourceInvoker invoker, Task task, IDisposable scope)
   at Microsoft.AspNetCore.Mvc.Infrastructure.ResourceInvoker.<InvokeAsync>g__Awaited|17_0(ResourceInvoker invoker, Task task, IDisposable scope)
   at Microsoft.AspNetCore.Authorization.AuthorizationMiddleware.Invoke(HttpContext context)
   at Microsoft.AspNetCore.Authentication.AuthenticationMiddleware.Invoke(HttpContext context)
   at Serilog.AspNetCore.RequestLoggingMiddleware.Invoke(HttpContext httpContext)
2026-05-06 00:54:39.488 +07:00 [INF] Executed DbCommand (5ms) [Parameters=[@p0='?' (DbType = Guid), @p1='?' (DbType = Guid), @p2='?' (Size = 20), @p3='?' (Size = 2000), @p4='?' (DbType = DateTime2), @p5='?' (Size = 1000), @p6='?' (Size = 30), @p7='?' (Size = 50), @p8='?' (Size = 20), @p9='?' (DbType = DateTime2)], CommandType='"Text"', CommandTimeout='30']
SET IMPLICIT_TRANSACTIONS OFF;
SET NOCOUNT ON;
INSERT INTO [SystemLogs] ([Id], [ActorId], [ActorType], [AdditionalData], [CreatedAt], [Description], [EventType], [IpAddress], [Status], [Timestamp])
VALUES (@p0, @p1, @p2, @p3, @p4, @p5, @p6, @p7, @p8, @p9);
2026-05-06 00:54:39.488 +07:00 [ERR] [EXCEPTION] 500 /api/greetings – An error occurred while saving the entity changes. See the inner exception for details.
Microsoft.EntityFrameworkCore.DbUpdateException: An error occurred while saving the entity changes. See the inner exception for details.
 ---> Microsoft.Data.SqlClient.SqlException (0x80131904): The INSERT statement conflicted with the FOREIGN KEY constraint "FK_GreetingTransactions_Users_SenderId". The conflict occurred in database "EGreetingsDb_Dev", table "dbo.Users", column 'Id'.
The statement has been terminated.
   at System.Threading.Tasks.ContinuationResultTaskFromResultTask`2.InnerInvoke()
   at System.Threading.ExecutionContext.RunInternal(ExecutionContext executionContext, ContextCallback callback, Object state)
--- End of stack trace from previous location ---
   at System.Threading.ExecutionContext.RunInternal(ExecutionContext executionContext, ContextCallback callback, Object state)
   at System.Threading.Tasks.Task.ExecuteWithThreadLocal(Task& currentTaskSlot, Thread threadPoolThread)
--- End of stack trace from previous location ---
   at Microsoft.EntityFrameworkCore.Storage.RelationalCommand.ExecuteReaderAsync(RelationalCommandParameterObject parameterObject, CancellationToken cancellationToken)
   at Microsoft.EntityFrameworkCore.Storage.RelationalCommand.ExecuteReaderAsync(RelationalCommandParameterObject parameterObject, CancellationToken cancellationToken)
   at Microsoft.EntityFrameworkCore.Update.ReaderModificationCommandBatch.ExecuteAsync(IRelationalConnection connection, CancellationToken cancellationToken)
ClientConnectionId:19302d1a-88e8-4334-a436-ff710c321191
Error Number:547,State:0,Class:16
   --- End of inner exception stack trace ---
   at Microsoft.EntityFrameworkCore.Update.ReaderModificationCommandBatch.ExecuteAsync(IRelationalConnection connection, CancellationToken cancellationToken)
   at Microsoft.EntityFrameworkCore.SqlServer.Update.Internal.SqlServerModificationCommandBatch.ExecuteAsync(IRelationalConnection connection, CancellationToken cancellationToken)
   at Microsoft.EntityFrameworkCore.Update.Internal.BatchExecutor.ExecuteAsync(IEnumerable`1 commandBatches, IRelationalConnection connection, CancellationToken cancellationToken)
   at Microsoft.EntityFrameworkCore.Update.Internal.BatchExecutor.ExecuteAsync(IEnumerable`1 commandBatches, IRelationalConnection connection, CancellationToken cancellationToken)
   at Microsoft.EntityFrameworkCore.Update.Internal.BatchExecutor.ExecuteAsync(IEnumerable`1 commandBatches, IRelationalConnection connection, CancellationToken cancellationToken)
   at Microsoft.EntityFrameworkCore.Storage.RelationalDatabase.SaveChangesAsync(IList`1 entries, CancellationToken cancellationToken)
   at Microsoft.EntityFrameworkCore.ChangeTracking.Internal.StateManager.SaveChangesAsync(IList`1 entriesToSave, CancellationToken cancellationToken)
   at Microsoft.EntityFrameworkCore.ChangeTracking.Internal.StateManager.SaveChangesAsync(StateManager stateManager, Boolean acceptAllChangesOnSuccess, CancellationToken cancellationToken)
   at Microsoft.EntityFrameworkCore.SqlServer.Storage.Internal.SqlServerExecutionStrategy.ExecuteAsync[TState,TResult](TState state, Func`4 operation, Func`4 verifySucceeded, CancellationToken cancellationToken)
   at Microsoft.EntityFrameworkCore.DbContext.SaveChangesAsync(Boolean acceptAllChangesOnSuccess, CancellationToken cancellationToken)
   at Microsoft.EntityFrameworkCore.DbContext.SaveChangesAsync(Boolean acceptAllChangesOnSuccess, CancellationToken cancellationToken)
   at EGreetings.Application.Commands.Cards.SendGreeting.SendGreetingCardCommandHandler.Handle(SendGreetingCardCommand request, CancellationToken ct) in /Users/alanstars1301/Documents/Claude/Projects/eGreeting/Backend/src/EGreetings.Application/Commands/Cards/SendGreeting/SendGreetingCardCommand.cs:line 93
   at EGreetings.Application.Behaviors.PerformanceBehavior`2.Handle(TRequest request, RequestHandlerDelegate`1 next, CancellationToken cancellationToken) in /Users/alanstars1301/Documents/Claude/Projects/eGreeting/Backend/src/EGreetings.Application/Behaviors/PerformanceBehavior.cs:line 25
   at EGreetings.Application.Behaviors.ValidationBehavior`2.Handle(TRequest request, RequestHandlerDelegate`1 next, CancellationToken cancellationToken) in /Users/alanstars1301/Documents/Claude/Projects/eGreeting/Backend/src/EGreetings.Application/Behaviors/ValidationBehavior.cs:line 39
   at EGreetings.Application.Behaviors.LoggingBehavior`2.Handle(TRequest request, RequestHandlerDelegate`1 next, CancellationToken cancellationToken) in /Users/alanstars1301/Documents/Claude/Projects/eGreeting/Backend/src/EGreetings.Application/Behaviors/LoggingBehavior.cs:line 39
   at EGreetings.Application.Behaviors.LoggingBehavior`2.Handle(TRequest request, RequestHandlerDelegate`1 next, CancellationToken cancellationToken) in /Users/alanstars1301/Documents/Claude/Projects/eGreeting/Backend/src/EGreetings.Application/Behaviors/LoggingBehavior.cs:line 68
   at EGreetings.API.Controllers.CardsController.SendGreeting(SendGreetingCardCommand command, CancellationToken ct) in /Users/alanstars1301/Documents/Claude/Projects/eGreeting/Backend/src/EGreetings.API/Controllers/CardsController.cs:line 99
   at Microsoft.AspNetCore.Mvc.Infrastructure.ActionMethodExecutor.TaskOfIActionResultExecutor.Execute(ActionContext actionContext, IActionResultTypeMapper mapper, ObjectMethodExecutor executor, Object controller, Object[] arguments)
   at Microsoft.AspNetCore.Mvc.Infrastructure.ControllerActionInvoker.<InvokeActionMethodAsync>g__Awaited|12_0(ControllerActionInvoker invoker, ValueTask`1 actionResultValueTask)
   at Microsoft.AspNetCore.Mvc.Infrastructure.ControllerActionInvoker.<InvokeNextActionFilterAsync>g__Awaited|10_0(ControllerActionInvoker invoker, Task lastTask, State next, Scope scope, Object state, Boolean isCompleted)
   at Microsoft.AspNetCore.Mvc.Infrastructure.ControllerActionInvoker.Rethrow(ActionExecutedContextSealed context)
   at Microsoft.AspNetCore.Mvc.Infrastructure.ControllerActionInvoker.Next(State& next, Scope& scope, Object& state, Boolean& isCompleted)
   at Microsoft.AspNetCore.Mvc.Infrastructure.ControllerActionInvoker.<InvokeInnerFilterAsync>g__Awaited|13_0(ControllerActionInvoker invoker, Task lastTask, State next, Scope scope, Object state, Boolean isCompleted)
   at Microsoft.AspNetCore.Mvc.Infrastructure.ResourceInvoker.<InvokeFilterPipelineAsync>g__Awaited|20_0(ResourceInvoker invoker, Task lastTask, State next, Scope scope, Object state, Boolean isCompleted)
   at Microsoft.AspNetCore.Mvc.Infrastructure.ResourceInvoker.<InvokeAsync>g__Awaited|17_0(ResourceInvoker invoker, Task task, IDisposable scope)
   at Microsoft.AspNetCore.Mvc.Infrastructure.ResourceInvoker.<InvokeAsync>g__Awaited|17_0(ResourceInvoker invoker, Task task, IDisposable scope)
   at Microsoft.AspNetCore.Authorization.AuthorizationMiddleware.Invoke(HttpContext context)
   at Microsoft.AspNetCore.Authentication.AuthenticationMiddleware.Invoke(HttpContext context)
   at Serilog.AspNetCore.RequestLoggingMiddleware.Invoke(HttpContext httpContext)
   at EGreetings.API.Middlewares.SecurityHeadersMiddleware.InvokeAsync(HttpContext context) in /Users/alanstars1301/Documents/Claude/Projects/eGreeting/Backend/src/EGreetings.API/Middlewares/ApiMiddlewares.cs:line 121
   at EGreetings.API.Middlewares.GlobalExceptionMiddleware.InvokeAsync(HttpContext context) in /Users/alanstars1301/Documents/Claude/Projects/eGreeting/Backend/src/EGreetings.API/Middlewares/ApiMiddlewares.cs:line 36
2026-05-06 00:54:39.969 +07:00 [INF] [CQRS] Handling SendGreetingCardCommand
2026-05-06 00:54:39.976 +07:00 [INF] Executed DbCommand (6ms) [Parameters=[@__request_SenderId_0='?' (DbType = Guid)], CommandType='"Text"', CommandTimeout='30']
SELECT CASE
    WHEN EXISTS (
        SELECT 1
        FROM [Subscriptions] AS [s]
        WHERE [s].[UserId] = @__request_SenderId_0 AND [s].[Status] = N'Active') THEN CAST(1 AS bit)
    ELSE CAST(0 AS bit)
END
2026-05-06 00:54:39.978 +07:00 [INF] Executed DbCommand (2ms) [Parameters=[@__8__locals1_request_SenderId_0='?' (DbType = Guid), @__today_1='?' (DbType = DateTime2), @__AddDays_2='?' (DbType = DateTime2)], CommandType='"Text"', CommandTimeout='30']
SELECT COUNT(*)
FROM [GreetingTransactions] AS [g]
WHERE [g].[SenderId] = @__8__locals1_request_SenderId_0 AND [g].[SubscriptionId] IS NULL AND [g].[CreatedAt] >= @__today_1 AND [g].[CreatedAt] < @__AddDays_2
2026-05-06 00:54:39.980 +07:00 [INF] Executed DbCommand (1ms) [Parameters=[@__request_CardId_0='?' (DbType = Guid)], CommandType='"Text"', CommandTimeout='30']
SELECT TOP(1) [g].[Id], [g].[CategoryId], [g].[CreatedAt], [g].[CustomJsonContent], [g].[DeletedAt], [g].[Description], [g].[FileUrl], [g].[IsDeleted], [g].[IsFeatured], [g].[IsPremium], [g].[Name], [g].[Slug], [g].[Status], [g].[Tags], [g].[ThumbnailUrl], [g].[UpdatedAt]
FROM [GreetingCards] AS [g]
WHERE [g].[IsDeleted] = CAST(0 AS bit) AND [g].[Id] = @__request_CardId_0 AND [g].[Status] = N'Active' AND [g].[IsDeleted] = CAST(0 AS bit)
2026-05-06 00:54:39.985 +07:00 [ERR] Failed executing DbCommand (5ms) [Parameters=[@p0='?' (DbType = Guid), @p1='?' (DbType = Guid), @p2='?' (DbType = DateTime2), @p3='?' (Size = 500), @p4='?' (Size = 256) (DbType = AnsiString), @p5='?' (DbType = Int32), @p6='?' (DbType = DateTime2), @p7='?' (DbType = Guid), @p8='?' (DbType = DateTime2), @p9='?' (Size = 20), @p10='?' (Size = 300), @p11='?' (DbType = Guid)], CommandType='"Text"', CommandTimeout='30']
SET IMPLICIT_TRANSACTIONS OFF;
SET NOCOUNT ON;
INSERT INTO [GreetingTransactions] ([Id], [CardId], [CreatedAt], [PersonalMessage], [RecipientEmail], [RetryCount], [ScheduledSendAt], [SenderId], [SentAt], [Status], [Subject], [SubscriptionId])
VALUES (@p0, @p1, @p2, @p3, @p4, @p5, @p6, @p7, @p8, @p9, @p10, @p11);
2026-05-06 00:54:39.986 +07:00 [ERR] An exception occurred in the database while saving changes for context type 'EGreetings.Infrastructure.Persistence.AppDbContext'.
Microsoft.EntityFrameworkCore.DbUpdateException: An error occurred while saving the entity changes. See the inner exception for details.
 ---> Microsoft.Data.SqlClient.SqlException (0x80131904): The INSERT statement conflicted with the FOREIGN KEY constraint "FK_GreetingTransactions_Users_SenderId". The conflict occurred in database "EGreetingsDb_Dev", table "dbo.Users", column 'Id'.
The statement has been terminated.
   at System.Threading.Tasks.ContinuationResultTaskFromResultTask`2.InnerInvoke()
   at System.Threading.ExecutionContext.RunInternal(ExecutionContext executionContext, ContextCallback callback, Object state)
--- End of stack trace from previous location ---
   at System.Threading.ExecutionContext.RunInternal(ExecutionContext executionContext, ContextCallback callback, Object state)
   at System.Threading.Tasks.Task.ExecuteWithThreadLocal(Task& currentTaskSlot, Thread threadPoolThread)
--- End of stack trace from previous location ---
   at Microsoft.EntityFrameworkCore.Storage.RelationalCommand.ExecuteReaderAsync(RelationalCommandParameterObject parameterObject, CancellationToken cancellationToken)
   at Microsoft.EntityFrameworkCore.Storage.RelationalCommand.ExecuteReaderAsync(RelationalCommandParameterObject parameterObject, CancellationToken cancellationToken)
   at Microsoft.EntityFrameworkCore.Update.ReaderModificationCommandBatch.ExecuteAsync(IRelationalConnection connection, CancellationToken cancellationToken)
ClientConnectionId:19302d1a-88e8-4334-a436-ff710c321191
Error Number:547,State:0,Class:16
   --- End of inner exception stack trace ---
   at Microsoft.EntityFrameworkCore.Update.ReaderModificationCommandBatch.ExecuteAsync(IRelationalConnection connection, CancellationToken cancellationToken)
   at Microsoft.EntityFrameworkCore.SqlServer.Update.Internal.SqlServerModificationCommandBatch.ExecuteAsync(IRelationalConnection connection, CancellationToken cancellationToken)
   at Microsoft.EntityFrameworkCore.Update.Internal.BatchExecutor.ExecuteAsync(IEnumerable`1 commandBatches, IRelationalConnection connection, CancellationToken cancellationToken)
   at Microsoft.EntityFrameworkCore.Update.Internal.BatchExecutor.ExecuteAsync(IEnumerable`1 commandBatches, IRelationalConnection connection, CancellationToken cancellationToken)
   at Microsoft.EntityFrameworkCore.Update.Internal.BatchExecutor.ExecuteAsync(IEnumerable`1 commandBatches, IRelationalConnection connection, CancellationToken cancellationToken)
   at Microsoft.EntityFrameworkCore.Storage.RelationalDatabase.SaveChangesAsync(IList`1 entries, CancellationToken cancellationToken)
   at Microsoft.EntityFrameworkCore.ChangeTracking.Internal.StateManager.SaveChangesAsync(IList`1 entriesToSave, CancellationToken cancellationToken)
   at Microsoft.EntityFrameworkCore.ChangeTracking.Internal.StateManager.SaveChangesAsync(StateManager stateManager, Boolean acceptAllChangesOnSuccess, CancellationToken cancellationToken)
   at Microsoft.EntityFrameworkCore.SqlServer.Storage.Internal.SqlServerExecutionStrategy.ExecuteAsync[TState,TResult](TState state, Func`4 operation, Func`4 verifySucceeded, CancellationToken cancellationToken)
   at Microsoft.EntityFrameworkCore.DbContext.SaveChangesAsync(Boolean acceptAllChangesOnSuccess, CancellationToken cancellationToken)
Microsoft.EntityFrameworkCore.DbUpdateException: An error occurred while saving the entity changes. See the inner exception for details.
 ---> Microsoft.Data.SqlClient.SqlException (0x80131904): The INSERT statement conflicted with the FOREIGN KEY constraint "FK_GreetingTransactions_Users_SenderId". The conflict occurred in database "EGreetingsDb_Dev", table "dbo.Users", column 'Id'.
The statement has been terminated.
   at System.Threading.Tasks.ContinuationResultTaskFromResultTask`2.InnerInvoke()
   at System.Threading.ExecutionContext.RunInternal(ExecutionContext executionContext, ContextCallback callback, Object state)
--- End of stack trace from previous location ---
   at System.Threading.ExecutionContext.RunInternal(ExecutionContext executionContext, ContextCallback callback, Object state)
   at System.Threading.Tasks.Task.ExecuteWithThreadLocal(Task& currentTaskSlot, Thread threadPoolThread)
--- End of stack trace from previous location ---
   at Microsoft.EntityFrameworkCore.Storage.RelationalCommand.ExecuteReaderAsync(RelationalCommandParameterObject parameterObject, CancellationToken cancellationToken)
   at Microsoft.EntityFrameworkCore.Storage.RelationalCommand.ExecuteReaderAsync(RelationalCommandParameterObject parameterObject, CancellationToken cancellationToken)
   at Microsoft.EntityFrameworkCore.Update.ReaderModificationCommandBatch.ExecuteAsync(IRelationalConnection connection, CancellationToken cancellationToken)
ClientConnectionId:19302d1a-88e8-4334-a436-ff710c321191
Error Number:547,State:0,Class:16
   --- End of inner exception stack trace ---
   at Microsoft.EntityFrameworkCore.Update.ReaderModificationCommandBatch.ExecuteAsync(IRelationalConnection connection, CancellationToken cancellationToken)
   at Microsoft.EntityFrameworkCore.SqlServer.Update.Internal.SqlServerModificationCommandBatch.ExecuteAsync(IRelationalConnection connection, CancellationToken cancellationToken)
   at Microsoft.EntityFrameworkCore.Update.Internal.BatchExecutor.ExecuteAsync(IEnumerable`1 commandBatches, IRelationalConnection connection, CancellationToken cancellationToken)
   at Microsoft.EntityFrameworkCore.Update.Internal.BatchExecutor.ExecuteAsync(IEnumerable`1 commandBatches, IRelationalConnection connection, CancellationToken cancellationToken)
   at Microsoft.EntityFrameworkCore.Update.Internal.BatchExecutor.ExecuteAsync(IEnumerable`1 commandBatches, IRelationalConnection connection, CancellationToken cancellationToken)
   at Microsoft.EntityFrameworkCore.Storage.RelationalDatabase.SaveChangesAsync(IList`1 entries, CancellationToken cancellationToken)
   at Microsoft.EntityFrameworkCore.ChangeTracking.Internal.StateManager.SaveChangesAsync(IList`1 entriesToSave, CancellationToken cancellationToken)
   at Microsoft.EntityFrameworkCore.ChangeTracking.Internal.StateManager.SaveChangesAsync(StateManager stateManager, Boolean acceptAllChangesOnSuccess, CancellationToken cancellationToken)
   at Microsoft.EntityFrameworkCore.SqlServer.Storage.Internal.SqlServerExecutionStrategy.ExecuteAsync[TState,TResult](TState state, Func`4 operation, Func`4 verifySucceeded, CancellationToken cancellationToken)
   at Microsoft.EntityFrameworkCore.DbContext.SaveChangesAsync(Boolean acceptAllChangesOnSuccess, CancellationToken cancellationToken)
2026-05-06 00:54:39.987 +07:00 [ERR] [CQRS] Error handling SendGreetingCardCommand: An error occurred while saving the entity changes. See the inner exception for details.
Microsoft.EntityFrameworkCore.DbUpdateException: An error occurred while saving the entity changes. See the inner exception for details.
 ---> Microsoft.Data.SqlClient.SqlException (0x80131904): The INSERT statement conflicted with the FOREIGN KEY constraint "FK_GreetingTransactions_Users_SenderId". The conflict occurred in database "EGreetingsDb_Dev", table "dbo.Users", column 'Id'.
The statement has been terminated.
   at System.Threading.Tasks.ContinuationResultTaskFromResultTask`2.InnerInvoke()
   at System.Threading.ExecutionContext.RunInternal(ExecutionContext executionContext, ContextCallback callback, Object state)
--- End of stack trace from previous location ---
   at System.Threading.ExecutionContext.RunInternal(ExecutionContext executionContext, ContextCallback callback, Object state)
   at System.Threading.Tasks.Task.ExecuteWithThreadLocal(Task& currentTaskSlot, Thread threadPoolThread)
--- End of stack trace from previous location ---
   at Microsoft.EntityFrameworkCore.Storage.RelationalCommand.ExecuteReaderAsync(RelationalCommandParameterObject parameterObject, CancellationToken cancellationToken)
   at Microsoft.EntityFrameworkCore.Storage.RelationalCommand.ExecuteReaderAsync(RelationalCommandParameterObject parameterObject, CancellationToken cancellationToken)
   at Microsoft.EntityFrameworkCore.Update.ReaderModificationCommandBatch.ExecuteAsync(IRelationalConnection connection, CancellationToken cancellationToken)
ClientConnectionId:19302d1a-88e8-4334-a436-ff710c321191
Error Number:547,State:0,Class:16
   --- End of inner exception stack trace ---
   at Microsoft.EntityFrameworkCore.Update.ReaderModificationCommandBatch.ExecuteAsync(IRelationalConnection connection, CancellationToken cancellationToken)
   at Microsoft.EntityFrameworkCore.SqlServer.Update.Internal.SqlServerModificationCommandBatch.ExecuteAsync(IRelationalConnection connection, CancellationToken cancellationToken)
   at Microsoft.EntityFrameworkCore.Update.Internal.BatchExecutor.ExecuteAsync(IEnumerable`1 commandBatches, IRelationalConnection connection, CancellationToken cancellationToken)
   at Microsoft.EntityFrameworkCore.Update.Internal.BatchExecutor.ExecuteAsync(IEnumerable`1 commandBatches, IRelationalConnection connection, CancellationToken cancellationToken)
   at Microsoft.EntityFrameworkCore.Update.Internal.BatchExecutor.ExecuteAsync(IEnumerable`1 commandBatches, IRelationalConnection connection, CancellationToken cancellationToken)
   at Microsoft.EntityFrameworkCore.Storage.RelationalDatabase.SaveChangesAsync(IList`1 entries, CancellationToken cancellationToken)
   at Microsoft.EntityFrameworkCore.ChangeTracking.Internal.StateManager.SaveChangesAsync(IList`1 entriesToSave, CancellationToken cancellationToken)
   at Microsoft.EntityFrameworkCore.ChangeTracking.Internal.StateManager.SaveChangesAsync(StateManager stateManager, Boolean acceptAllChangesOnSuccess, CancellationToken cancellationToken)
   at Microsoft.EntityFrameworkCore.SqlServer.Storage.Internal.SqlServerExecutionStrategy.ExecuteAsync[TState,TResult](TState state, Func`4 operation, Func`4 verifySucceeded, CancellationToken cancellationToken)
   at Microsoft.EntityFrameworkCore.DbContext.SaveChangesAsync(Boolean acceptAllChangesOnSuccess, CancellationToken cancellationToken)
   at Microsoft.EntityFrameworkCore.DbContext.SaveChangesAsync(Boolean acceptAllChangesOnSuccess, CancellationToken cancellationToken)
   at EGreetings.Application.Commands.Cards.SendGreeting.SendGreetingCardCommandHandler.Handle(SendGreetingCardCommand request, CancellationToken ct) in /Users/alanstars1301/Documents/Claude/Projects/eGreeting/Backend/src/EGreetings.Application/Commands/Cards/SendGreeting/SendGreetingCardCommand.cs:line 93
   at EGreetings.Application.Behaviors.PerformanceBehavior`2.Handle(TRequest request, RequestHandlerDelegate`1 next, CancellationToken cancellationToken) in /Users/alanstars1301/Documents/Claude/Projects/eGreeting/Backend/src/EGreetings.Application/Behaviors/PerformanceBehavior.cs:line 25
   at EGreetings.Application.Behaviors.ValidationBehavior`2.Handle(TRequest request, RequestHandlerDelegate`1 next, CancellationToken cancellationToken) in /Users/alanstars1301/Documents/Claude/Projects/eGreeting/Backend/src/EGreetings.Application/Behaviors/ValidationBehavior.cs:line 39
   at EGreetings.Application.Behaviors.LoggingBehavior`2.Handle(TRequest request, RequestHandlerDelegate`1 next, CancellationToken cancellationToken) in /Users/alanstars1301/Documents/Claude/Projects/eGreeting/Backend/src/EGreetings.Application/Behaviors/LoggingBehavior.cs:line 39
2026-05-06 00:54:39.988 +07:00 [ERR] HTTP POST /api/greetings responded 500 in 20.4999 ms
Microsoft.EntityFrameworkCore.DbUpdateException: An error occurred while saving the entity changes. See the inner exception for details.
 ---> Microsoft.Data.SqlClient.SqlException (0x80131904): The INSERT statement conflicted with the FOREIGN KEY constraint "FK_GreetingTransactions_Users_SenderId". The conflict occurred in database "EGreetingsDb_Dev", table "dbo.Users", column 'Id'.
The statement has been terminated.
   at System.Threading.Tasks.ContinuationResultTaskFromResultTask`2.InnerInvoke()
   at System.Threading.ExecutionContext.RunInternal(ExecutionContext executionContext, ContextCallback callback, Object state)
--- End of stack trace from previous location ---
   at System.Threading.ExecutionContext.RunInternal(ExecutionContext executionContext, ContextCallback callback, Object state)
   at System.Threading.Tasks.Task.ExecuteWithThreadLocal(Task& currentTaskSlot, Thread threadPoolThread)
--- End of stack trace from previous location ---
   at Microsoft.EntityFrameworkCore.Storage.RelationalCommand.ExecuteReaderAsync(RelationalCommandParameterObject parameterObject, CancellationToken cancellationToken)
   at Microsoft.EntityFrameworkCore.Storage.RelationalCommand.ExecuteReaderAsync(RelationalCommandParameterObject parameterObject, CancellationToken cancellationToken)
   at Microsoft.EntityFrameworkCore.Update.ReaderModificationCommandBatch.ExecuteAsync(IRelationalConnection connection, CancellationToken cancellationToken)
ClientConnectionId:19302d1a-88e8-4334-a436-ff710c321191
Error Number:547,State:0,Class:16
   --- End of inner exception stack trace ---
   at Microsoft.EntityFrameworkCore.Update.ReaderModificationCommandBatch.ExecuteAsync(IRelationalConnection connection, CancellationToken cancellationToken)
   at Microsoft.EntityFrameworkCore.SqlServer.Update.Internal.SqlServerModificationCommandBatch.ExecuteAsync(IRelationalConnection connection, CancellationToken cancellationToken)
   at Microsoft.EntityFrameworkCore.Update.Internal.BatchExecutor.ExecuteAsync(IEnumerable`1 commandBatches, IRelationalConnection connection, CancellationToken cancellationToken)
   at Microsoft.EntityFrameworkCore.Update.Internal.BatchExecutor.ExecuteAsync(IEnumerable`1 commandBatches, IRelationalConnection connection, CancellationToken cancellationToken)
   at Microsoft.EntityFrameworkCore.Update.Internal.BatchExecutor.ExecuteAsync(IEnumerable`1 commandBatches, IRelationalConnection connection, CancellationToken cancellationToken)
   at Microsoft.EntityFrameworkCore.Storage.RelationalDatabase.SaveChangesAsync(IList`1 entries, CancellationToken cancellationToken)
   at Microsoft.EntityFrameworkCore.ChangeTracking.Internal.StateManager.SaveChangesAsync(IList`1 entriesToSave, CancellationToken cancellationToken)
   at Microsoft.EntityFrameworkCore.ChangeTracking.Internal.StateManager.SaveChangesAsync(StateManager stateManager, Boolean acceptAllChangesOnSuccess, CancellationToken cancellationToken)
   at Microsoft.EntityFrameworkCore.SqlServer.Storage.Internal.SqlServerExecutionStrategy.ExecuteAsync[TState,TResult](TState state, Func`4 operation, Func`4 verifySucceeded, CancellationToken cancellationToken)
   at Microsoft.EntityFrameworkCore.DbContext.SaveChangesAsync(Boolean acceptAllChangesOnSuccess, CancellationToken cancellationToken)
   at Microsoft.EntityFrameworkCore.DbContext.SaveChangesAsync(Boolean acceptAllChangesOnSuccess, CancellationToken cancellationToken)
   at EGreetings.Application.Commands.Cards.SendGreeting.SendGreetingCardCommandHandler.Handle(SendGreetingCardCommand request, CancellationToken ct) in /Users/alanstars1301/Documents/Claude/Projects/eGreeting/Backend/src/EGreetings.Application/Commands/Cards/SendGreeting/SendGreetingCardCommand.cs:line 93
   at EGreetings.Application.Behaviors.PerformanceBehavior`2.Handle(TRequest request, RequestHandlerDelegate`1 next, CancellationToken cancellationToken) in /Users/alanstars1301/Documents/Claude/Projects/eGreeting/Backend/src/EGreetings.Application/Behaviors/PerformanceBehavior.cs:line 25
   at EGreetings.Application.Behaviors.ValidationBehavior`2.Handle(TRequest request, RequestHandlerDelegate`1 next, CancellationToken cancellationToken) in /Users/alanstars1301/Documents/Claude/Projects/eGreeting/Backend/src/EGreetings.Application/Behaviors/ValidationBehavior.cs:line 39
   at EGreetings.Application.Behaviors.LoggingBehavior`2.Handle(TRequest request, RequestHandlerDelegate`1 next, CancellationToken cancellationToken) in /Users/alanstars1301/Documents/Claude/Projects/eGreeting/Backend/src/EGreetings.Application/Behaviors/LoggingBehavior.cs:line 39
   at EGreetings.Application.Behaviors.LoggingBehavior`2.Handle(TRequest request, RequestHandlerDelegate`1 next, CancellationToken cancellationToken) in /Users/alanstars1301/Documents/Claude/Projects/eGreeting/Backend/src/EGreetings.Application/Behaviors/LoggingBehavior.cs:line 68
   at EGreetings.API.Controllers.CardsController.SendGreeting(SendGreetingCardCommand command, CancellationToken ct) in /Users/alanstars1301/Documents/Claude/Projects/eGreeting/Backend/src/EGreetings.API/Controllers/CardsController.cs:line 99
   at Microsoft.AspNetCore.Mvc.Infrastructure.ActionMethodExecutor.TaskOfIActionResultExecutor.Execute(ActionContext actionContext, IActionResultTypeMapper mapper, ObjectMethodExecutor executor, Object controller, Object[] arguments)
   at Microsoft.AspNetCore.Mvc.Infrastructure.ControllerActionInvoker.<InvokeActionMethodAsync>g__Awaited|12_0(ControllerActionInvoker invoker, ValueTask`1 actionResultValueTask)
   at Microsoft.AspNetCore.Mvc.Infrastructure.ControllerActionInvoker.<InvokeNextActionFilterAsync>g__Awaited|10_0(ControllerActionInvoker invoker, Task lastTask, State next, Scope scope, Object state, Boolean isCompleted)
   at Microsoft.AspNetCore.Mvc.Infrastructure.ControllerActionInvoker.Rethrow(ActionExecutedContextSealed context)
   at Microsoft.AspNetCore.Mvc.Infrastructure.ControllerActionInvoker.Next(State& next, Scope& scope, Object& state, Boolean& isCompleted)
   at Microsoft.AspNetCore.Mvc.Infrastructure.ControllerActionInvoker.<InvokeInnerFilterAsync>g__Awaited|13_0(ControllerActionInvoker invoker, Task lastTask, State next, Scope scope, Object state, Boolean isCompleted)
   at Microsoft.AspNetCore.Mvc.Infrastructure.ResourceInvoker.<InvokeFilterPipelineAsync>g__Awaited|20_0(ResourceInvoker invoker, Task lastTask, State next, Scope scope, Object state, Boolean isCompleted)
   at Microsoft.AspNetCore.Mvc.Infrastructure.ResourceInvoker.<InvokeAsync>g__Awaited|17_0(ResourceInvoker invoker, Task task, IDisposable scope)
   at Microsoft.AspNetCore.Mvc.Infrastructure.ResourceInvoker.<InvokeAsync>g__Awaited|17_0(ResourceInvoker invoker, Task task, IDisposable scope)
   at Microsoft.AspNetCore.Authorization.AuthorizationMiddleware.Invoke(HttpContext context)
   at Microsoft.AspNetCore.Authentication.AuthenticationMiddleware.Invoke(HttpContext context)
   at Serilog.AspNetCore.RequestLoggingMiddleware.Invoke(HttpContext httpContext)
2026-05-06 00:54:39.998 +07:00 [INF] Executed DbCommand (6ms) [Parameters=[@p0='?' (DbType = Guid), @p1='?' (DbType = Guid), @p2='?' (Size = 20), @p3='?' (Size = 2000), @p4='?' (DbType = DateTime2), @p5='?' (Size = 1000), @p6='?' (Size = 30), @p7='?' (Size = 50), @p8='?' (Size = 20), @p9='?' (DbType = DateTime2)], CommandType='"Text"', CommandTimeout='30']
SET IMPLICIT_TRANSACTIONS OFF;
SET NOCOUNT ON;
INSERT INTO [SystemLogs] ([Id], [ActorId], [ActorType], [AdditionalData], [CreatedAt], [Description], [EventType], [IpAddress], [Status], [Timestamp])
VALUES (@p0, @p1, @p2, @p3, @p4, @p5, @p6, @p7, @p8, @p9);
2026-05-06 00:54:39.998 +07:00 [ERR] [EXCEPTION] 500 /api/greetings – An error occurred while saving the entity changes. See the inner exception for details.
Microsoft.EntityFrameworkCore.DbUpdateException: An error occurred while saving the entity changes. See the inner exception for details.
 ---> Microsoft.Data.SqlClient.SqlException (0x80131904): The INSERT statement conflicted with the FOREIGN KEY constraint "FK_GreetingTransactions_Users_SenderId". The conflict occurred in database "EGreetingsDb_Dev", table "dbo.Users", column 'Id'.
The statement has been terminated.
   at System.Threading.Tasks.ContinuationResultTaskFromResultTask`2.InnerInvoke()
   at System.Threading.ExecutionContext.RunInternal(ExecutionContext executionContext, ContextCallback callback, Object state)
--- End of stack trace from previous location ---
   at System.Threading.ExecutionContext.RunInternal(ExecutionContext executionContext, ContextCallback callback, Object state)
   at System.Threading.Tasks.Task.ExecuteWithThreadLocal(Task& currentTaskSlot, Thread threadPoolThread)
--- End of stack trace from previous location ---
   at Microsoft.EntityFrameworkCore.Storage.RelationalCommand.ExecuteReaderAsync(RelationalCommandParameterObject parameterObject, CancellationToken cancellationToken)
   at Microsoft.EntityFrameworkCore.Storage.RelationalCommand.ExecuteReaderAsync(RelationalCommandParameterObject parameterObject, CancellationToken cancellationToken)
   at Microsoft.EntityFrameworkCore.Update.ReaderModificationCommandBatch.ExecuteAsync(IRelationalConnection connection, CancellationToken cancellationToken)
ClientConnectionId:19302d1a-88e8-4334-a436-ff710c321191
Error Number:547,State:0,Class:16
   --- End of inner exception stack trace ---
   at Microsoft.EntityFrameworkCore.Update.ReaderModificationCommandBatch.ExecuteAsync(IRelationalConnection connection, CancellationToken cancellationToken)
   at Microsoft.EntityFrameworkCore.SqlServer.Update.Internal.SqlServerModificationCommandBatch.ExecuteAsync(IRelationalConnection connection, CancellationToken cancellationToken)
   at Microsoft.EntityFrameworkCore.Update.Internal.BatchExecutor.ExecuteAsync(IEnumerable`1 commandBatches, IRelationalConnection connection, CancellationToken cancellationToken)
   at Microsoft.EntityFrameworkCore.Update.Internal.BatchExecutor.ExecuteAsync(IEnumerable`1 commandBatches, IRelationalConnection connection, CancellationToken cancellationToken)
   at Microsoft.EntityFrameworkCore.Update.Internal.BatchExecutor.ExecuteAsync(IEnumerable`1 commandBatches, IRelationalConnection connection, CancellationToken cancellationToken)
   at Microsoft.EntityFrameworkCore.Storage.RelationalDatabase.SaveChangesAsync(IList`1 entries, CancellationToken cancellationToken)
   at Microsoft.EntityFrameworkCore.ChangeTracking.Internal.StateManager.SaveChangesAsync(IList`1 entriesToSave, CancellationToken cancellationToken)
   at Microsoft.EntityFrameworkCore.ChangeTracking.Internal.StateManager.SaveChangesAsync(StateManager stateManager, Boolean acceptAllChangesOnSuccess, CancellationToken cancellationToken)
   at Microsoft.EntityFrameworkCore.SqlServer.Storage.Internal.SqlServerExecutionStrategy.ExecuteAsync[TState,TResult](TState state, Func`4 operation, Func`4 verifySucceeded, CancellationToken cancellationToken)
   at Microsoft.EntityFrameworkCore.DbContext.SaveChangesAsync(Boolean acceptAllChangesOnSuccess, CancellationToken cancellationToken)
   at Microsoft.EntityFrameworkCore.DbContext.SaveChangesAsync(Boolean acceptAllChangesOnSuccess, CancellationToken cancellationToken)
   at EGreetings.Application.Commands.Cards.SendGreeting.SendGreetingCardCommandHandler.Handle(SendGreetingCardCommand request, CancellationToken ct) in /Users/alanstars1301/Documents/Claude/Projects/eGreeting/Backend/src/EGreetings.Application/Commands/Cards/SendGreeting/SendGreetingCardCommand.cs:line 93
   at EGreetings.Application.Behaviors.PerformanceBehavior`2.Handle(TRequest request, RequestHandlerDelegate`1 next, CancellationToken cancellationToken) in /Users/alanstars1301/Documents/Claude/Projects/eGreeting/Backend/src/EGreetings.Application/Behaviors/PerformanceBehavior.cs:line 25
   at EGreetings.Application.Behaviors.ValidationBehavior`2.Handle(TRequest request, RequestHandlerDelegate`1 next, CancellationToken cancellationToken) in /Users/alanstars1301/Documents/Claude/Projects/eGreeting/Backend/src/EGreetings.Application/Behaviors/ValidationBehavior.cs:line 39
   at EGreetings.Application.Behaviors.LoggingBehavior`2.Handle(TRequest request, RequestHandlerDelegate`1 next, CancellationToken cancellationToken) in /Users/alanstars1301/Documents/Claude/Projects/eGreeting/Backend/src/EGreetings.Application/Behaviors/LoggingBehavior.cs:line 39
   at EGreetings.Application.Behaviors.LoggingBehavior`2.Handle(TRequest request, RequestHandlerDelegate`1 next, CancellationToken cancellationToken) in /Users/alanstars1301/Documents/Claude/Projects/eGreeting/Backend/src/EGreetings.Application/Behaviors/LoggingBehavior.cs:line 68
   at EGreetings.API.Controllers.CardsController.SendGreeting(SendGreetingCardCommand command, CancellationToken ct) in /Users/alanstars1301/Documents/Claude/Projects/eGreeting/Backend/src/EGreetings.API/Controllers/CardsController.cs:line 99
   at Microsoft.AspNetCore.Mvc.Infrastructure.ActionMethodExecutor.TaskOfIActionResultExecutor.Execute(ActionContext actionContext, IActionResultTypeMapper mapper, ObjectMethodExecutor executor, Object controller, Object[] arguments)
   at Microsoft.AspNetCore.Mvc.Infrastructure.ControllerActionInvoker.<InvokeActionMethodAsync>g__Awaited|12_0(ControllerActionInvoker invoker, ValueTask`1 actionResultValueTask)
   at Microsoft.AspNetCore.Mvc.Infrastructure.ControllerActionInvoker.<InvokeNextActionFilterAsync>g__Awaited|10_0(ControllerActionInvoker invoker, Task lastTask, State next, Scope scope, Object state, Boolean isCompleted)
   at Microsoft.AspNetCore.Mvc.Infrastructure.ControllerActionInvoker.Rethrow(ActionExecutedContextSealed context)
   at Microsoft.AspNetCore.Mvc.Infrastructure.ControllerActionInvoker.Next(State& next, Scope& scope, Object& state, Boolean& isCompleted)
   at Microsoft.AspNetCore.Mvc.Infrastructure.ControllerActionInvoker.<InvokeInnerFilterAsync>g__Awaited|13_0(ControllerActionInvoker invoker, Task lastTask, State next, Scope scope, Object state, Boolean isCompleted)
   at Microsoft.AspNetCore.Mvc.Infrastructure.ResourceInvoker.<InvokeFilterPipelineAsync>g__Awaited|20_0(ResourceInvoker invoker, Task lastTask, State next, Scope scope, Object state, Boolean isCompleted)
   at Microsoft.AspNetCore.Mvc.Infrastructure.ResourceInvoker.<InvokeAsync>g__Awaited|17_0(ResourceInvoker invoker, Task task, IDisposable scope)
   at Microsoft.AspNetCore.Mvc.Infrastructure.ResourceInvoker.<InvokeAsync>g__Awaited|17_0(ResourceInvoker invoker, Task task, IDisposable scope)
   at Microsoft.AspNetCore.Authorization.AuthorizationMiddleware.Invoke(HttpContext context)
   at Microsoft.AspNetCore.Authentication.AuthenticationMiddleware.Invoke(HttpContext context)
   at Serilog.AspNetCore.RequestLoggingMiddleware.Invoke(HttpContext httpContext)
   at EGreetings.API.Middlewares.SecurityHeadersMiddleware.InvokeAsync(HttpContext context) in /Users/alanstars1301/Documents/Claude/Projects/eGreeting/Backend/src/EGreetings.API/Middlewares/ApiMiddlewares.cs:line 121
   at EGreetings.API.Middlewares.GlobalExceptionMiddleware.InvokeAsync(HttpContext context) in /Users/alanstars1301/Documents/Claude/Projects/eGreeting/Backend/src/EGreetings.API/Middlewares/ApiMiddlewares.cs:line 36
2026-05-06 00:55:09.515 +07:00 [INF] Executed DbCommand (3ms) [Parameters=[@__now_0='?' (DbType = DateTime2)], CommandType='"Text"', CommandTimeout='30']
SELECT [e].[Id], [e].[CreatedAt], [e].[GreetingTransactionId], [e].[LastError], [e].[NextRetryAt], [e].[RetryCount], [e].[Status], [e].[UpdatedAt], [g].[Id], [g].[CardId], [g].[CreatedAt], [g].[PersonalMessage], [g].[RecipientEmail], [g].[RetryCount], [g].[ScheduledSendAt], [g].[SenderId], [g].[SentAt], [g].[Status], [g].[Subject], [g].[SubscriptionId], [u0].[Id], [u0].[CreatedAt], [u0].[DeletedAt], [u0].[Email], [u0].[EmailVerificationToken], [u0].[EmailVerificationTokenExpiry], [u0].[FailedLoginCount], [u0].[FullName], [u0].[IsDeleted], [u0].[LastLoginAt], [u0].[LockReason], [u0].[LockoutEndTime], [u0].[PasswordHash], [u0].[PasswordResetToken], [u0].[PasswordResetTokenExpiry], [u0].[PasswordResetTokenUsed], [u0].[RefreshTokenExpiry], [u0].[RefreshTokenHash], [u0].[Role], [u0].[SocialProvider], [u0].[SocialProviderId], [u0].[Status], [u0].[UpdatedAt], [g1].[Id], [g1].[CategoryId], [g1].[CreatedAt], [g1].[CustomJsonContent], [g1].[DeletedAt], [g1].[Description], [g1].[FileUrl], [g1].[IsDeleted], [g1].[IsFeatured], [g1].[IsPremium], [g1].[Name], [g1].[Slug], [g1].[Status], [g1].[Tags], [g1].[ThumbnailUrl], [g1].[UpdatedAt]
FROM [EmailRetryQueues] AS [e]
INNER JOIN [GreetingTransactions] AS [g] ON [e].[GreetingTransactionId] = [g].[Id]
INNER JOIN (
    SELECT [u].[Id], [u].[CreatedAt], [u].[DeletedAt], [u].[Email], [u].[EmailVerificationToken], [u].[EmailVerificationTokenExpiry], [u].[FailedLoginCount], [u].[FullName], [u].[IsDeleted], [u].[LastLoginAt], [u].[LockReason], [u].[LockoutEndTime], [u].[PasswordHash], [u].[PasswordResetToken], [u].[PasswordResetTokenExpiry], [u].[PasswordResetTokenUsed], [u].[RefreshTokenExpiry], [u].[RefreshTokenHash], [u].[Role], [u].[SocialProvider], [u].[SocialProviderId], [u].[Status], [u].[UpdatedAt]
    FROM [Users] AS [u]
    WHERE [u].[IsDeleted] = CAST(0 AS bit)
) AS [u0] ON [g].[SenderId] = [u0].[Id]
INNER JOIN (
    SELECT [g0].[Id], [g0].[CategoryId], [g0].[CreatedAt], [g0].[CustomJsonContent], [g0].[DeletedAt], [g0].[Description], [g0].[FileUrl], [g0].[IsDeleted], [g0].[IsFeatured], [g0].[IsPremium], [g0].[Name], [g0].[Slug], [g0].[Status], [g0].[Tags], [g0].[ThumbnailUrl], [g0].[UpdatedAt]
    FROM [GreetingCards] AS [g0]
    WHERE [g0].[IsDeleted] = CAST(0 AS bit)
) AS [g1] ON [g].[CardId] = [g1].[Id]
WHERE [e].[Status] = N'PendingRetry' AND [e].[NextRetryAt] <= @__now_0
2026-05-06 00:56:22.341 +07:00 [INF] [CQRS] Handling LogoutCommand
2026-05-06 00:56:22.430 +07:00 [INF] Executed DbCommand (61ms) [Parameters=[@__request_UserId_0='?' (DbType = Guid)], CommandType='"Text"', CommandTimeout='30']
SELECT TOP(1) [u].[Id], [u].[CreatedAt], [u].[DeletedAt], [u].[Email], [u].[EmailVerificationToken], [u].[EmailVerificationTokenExpiry], [u].[FailedLoginCount], [u].[FullName], [u].[IsDeleted], [u].[LastLoginAt], [u].[LockReason], [u].[LockoutEndTime], [u].[PasswordHash], [u].[PasswordResetToken], [u].[PasswordResetTokenExpiry], [u].[PasswordResetTokenUsed], [u].[RefreshTokenExpiry], [u].[RefreshTokenHash], [u].[Role], [u].[SocialProvider], [u].[SocialProviderId], [u].[Status], [u].[UpdatedAt]
FROM [Users] AS [u]
WHERE [u].[IsDeleted] = CAST(0 AS bit) AND [u].[Id] = @__request_UserId_0
2026-05-06 00:56:22.432 +07:00 [INF] [CQRS] Handled LogoutCommand successfully
2026-05-06 00:56:22.441 +07:00 [INF] HTTP POST /api/auth/logout responded 200 in 132.3240 ms
2026-05-06 00:56:26.778 +07:00 [INF] [CQRS] Handling LoginCommand
2026-05-06 00:56:26.797 +07:00 [INF] Executed DbCommand (6ms) [Parameters=[@__ToLower_0='?' (Size = 256) (DbType = AnsiString)], CommandType='"Text"', CommandTimeout='30']
SELECT TOP(1) [u].[Id], [u].[CreatedAt], [u].[DeletedAt], [u].[Email], [u].[EmailVerificationToken], [u].[EmailVerificationTokenExpiry], [u].[FailedLoginCount], [u].[FullName], [u].[IsDeleted], [u].[LastLoginAt], [u].[LockReason], [u].[LockoutEndTime], [u].[PasswordHash], [u].[PasswordResetToken], [u].[PasswordResetTokenExpiry], [u].[PasswordResetTokenUsed], [u].[RefreshTokenExpiry], [u].[RefreshTokenHash], [u].[Role], [u].[SocialProvider], [u].[SocialProviderId], [u].[Status], [u].[UpdatedAt]
FROM [Users] AS [u]
WHERE [u].[IsDeleted] = CAST(0 AS bit) AND [u].[Email] = @__ToLower_0 AND [u].[IsDeleted] = CAST(0 AS bit)
2026-05-06 00:56:26.797 +07:00 [ERR] [CQRS] Error handling LoginCommand: Email hoặc mật khẩu không đúng.
EGreetings.Domain.Exceptions.BusinessRuleViolationException: Email hoặc mật khẩu không đúng.
   at EGreetings.Application.Commands.Auth.Login.LoginCommandHandler.Handle(LoginCommand request, CancellationToken ct) in /Users/alanstars1301/Documents/Claude/Projects/eGreeting/Backend/src/EGreetings.Application/Commands/Auth/Login/LoginCommandHandler.cs:line 35
   at EGreetings.Application.Behaviors.PerformanceBehavior`2.Handle(TRequest request, RequestHandlerDelegate`1 next, CancellationToken cancellationToken) in /Users/alanstars1301/Documents/Claude/Projects/eGreeting/Backend/src/EGreetings.Application/Behaviors/PerformanceBehavior.cs:line 25
   at EGreetings.Application.Behaviors.ValidationBehavior`2.Handle(TRequest request, RequestHandlerDelegate`1 next, CancellationToken cancellationToken) in /Users/alanstars1301/Documents/Claude/Projects/eGreeting/Backend/src/EGreetings.Application/Behaviors/ValidationBehavior.cs:line 39
   at EGreetings.Application.Behaviors.LoggingBehavior`2.Handle(TRequest request, RequestHandlerDelegate`1 next, CancellationToken cancellationToken) in /Users/alanstars1301/Documents/Claude/Projects/eGreeting/Backend/src/EGreetings.Application/Behaviors/LoggingBehavior.cs:line 39
2026-05-06 00:56:26.798 +07:00 [ERR] HTTP POST /api/auth/login responded 500 in 32.8791 ms
EGreetings.Domain.Exceptions.BusinessRuleViolationException: Email hoặc mật khẩu không đúng.
   at EGreetings.Application.Commands.Auth.Login.LoginCommandHandler.Handle(LoginCommand request, CancellationToken ct) in /Users/alanstars1301/Documents/Claude/Projects/eGreeting/Backend/src/EGreetings.Application/Commands/Auth/Login/LoginCommandHandler.cs:line 35
   at EGreetings.Application.Behaviors.PerformanceBehavior`2.Handle(TRequest request, RequestHandlerDelegate`1 next, CancellationToken cancellationToken) in /Users/alanstars1301/Documents/Claude/Projects/eGreeting/Backend/src/EGreetings.Application/Behaviors/PerformanceBehavior.cs:line 25
   at EGreetings.Application.Behaviors.ValidationBehavior`2.Handle(TRequest request, RequestHandlerDelegate`1 next, CancellationToken cancellationToken) in /Users/alanstars1301/Documents/Claude/Projects/eGreeting/Backend/src/EGreetings.Application/Behaviors/ValidationBehavior.cs:line 39
   at EGreetings.Application.Behaviors.LoggingBehavior`2.Handle(TRequest request, RequestHandlerDelegate`1 next, CancellationToken cancellationToken) in /Users/alanstars1301/Documents/Claude/Projects/eGreeting/Backend/src/EGreetings.Application/Behaviors/LoggingBehavior.cs:line 39
   at EGreetings.Application.Behaviors.LoggingBehavior`2.Handle(TRequest request, RequestHandlerDelegate`1 next, CancellationToken cancellationToken) in /Users/alanstars1301/Documents/Claude/Projects/eGreeting/Backend/src/EGreetings.Application/Behaviors/LoggingBehavior.cs:line 68
   at EGreetings.API.Controllers.AuthController.Login(LoginCommand command, CancellationToken ct) in /Users/alanstars1301/Documents/Claude/Projects/eGreeting/Backend/src/EGreetings.API/Controllers/AuthController.cs:line 43
   at Microsoft.AspNetCore.Mvc.Infrastructure.ActionMethodExecutor.TaskOfIActionResultExecutor.Execute(ActionContext actionContext, IActionResultTypeMapper mapper, ObjectMethodExecutor executor, Object controller, Object[] arguments)
   at Microsoft.AspNetCore.Mvc.Infrastructure.ControllerActionInvoker.<InvokeActionMethodAsync>g__Awaited|12_0(ControllerActionInvoker invoker, ValueTask`1 actionResultValueTask)
   at Microsoft.AspNetCore.Mvc.Infrastructure.ControllerActionInvoker.<InvokeNextActionFilterAsync>g__Awaited|10_0(ControllerActionInvoker invoker, Task lastTask, State next, Scope scope, Object state, Boolean isCompleted)
   at Microsoft.AspNetCore.Mvc.Infrastructure.ControllerActionInvoker.Rethrow(ActionExecutedContextSealed context)
   at Microsoft.AspNetCore.Mvc.Infrastructure.ControllerActionInvoker.Next(State& next, Scope& scope, Object& state, Boolean& isCompleted)
   at Microsoft.AspNetCore.Mvc.Infrastructure.ControllerActionInvoker.<InvokeInnerFilterAsync>g__Awaited|13_0(ControllerActionInvoker invoker, Task lastTask, State next, Scope scope, Object state, Boolean isCompleted)
   at Microsoft.AspNetCore.Mvc.Infrastructure.ResourceInvoker.<InvokeFilterPipelineAsync>g__Awaited|20_0(ResourceInvoker invoker, Task lastTask, State next, Scope scope, Object state, Boolean isCompleted)
   at Microsoft.AspNetCore.Mvc.Infrastructure.ResourceInvoker.<InvokeAsync>g__Awaited|17_0(ResourceInvoker invoker, Task task, IDisposable scope)
   at Microsoft.AspNetCore.Mvc.Infrastructure.ResourceInvoker.<InvokeAsync>g__Awaited|17_0(ResourceInvoker invoker, Task task, IDisposable scope)
   at Microsoft.AspNetCore.Authorization.AuthorizationMiddleware.Invoke(HttpContext context)
   at Microsoft.AspNetCore.Authentication.AuthenticationMiddleware.Invoke(HttpContext context)
   at Serilog.AspNetCore.RequestLoggingMiddleware.Invoke(HttpContext httpContext)
2026-05-06 00:56:26.807 +07:00 [INF] Executed DbCommand (6ms) [Parameters=[@p0='?' (DbType = Guid), @p1='?' (DbType = Guid), @p2='?' (Size = 20), @p3='?' (Size = 2000), @p4='?' (DbType = DateTime2), @p5='?' (Size = 1000), @p6='?' (Size = 30), @p7='?' (Size = 50), @p8='?' (Size = 20), @p9='?' (DbType = DateTime2)], CommandType='"Text"', CommandTimeout='30']
SET IMPLICIT_TRANSACTIONS OFF;
SET NOCOUNT ON;
INSERT INTO [SystemLogs] ([Id], [ActorId], [ActorType], [AdditionalData], [CreatedAt], [Description], [EventType], [IpAddress], [Status], [Timestamp])
VALUES (@p0, @p1, @p2, @p3, @p4, @p5, @p6, @p7, @p8, @p9);
2026-05-06 00:56:26.808 +07:00 [ERR] [EXCEPTION] 422 /api/auth/login – Email hoặc mật khẩu không đúng.
EGreetings.Domain.Exceptions.BusinessRuleViolationException: Email hoặc mật khẩu không đúng.
   at EGreetings.Application.Commands.Auth.Login.LoginCommandHandler.Handle(LoginCommand request, CancellationToken ct) in /Users/alanstars1301/Documents/Claude/Projects/eGreeting/Backend/src/EGreetings.Application/Commands/Auth/Login/LoginCommandHandler.cs:line 35
   at EGreetings.Application.Behaviors.PerformanceBehavior`2.Handle(TRequest request, RequestHandlerDelegate`1 next, CancellationToken cancellationToken) in /Users/alanstars1301/Documents/Claude/Projects/eGreeting/Backend/src/EGreetings.Application/Behaviors/PerformanceBehavior.cs:line 25
   at EGreetings.Application.Behaviors.ValidationBehavior`2.Handle(TRequest request, RequestHandlerDelegate`1 next, CancellationToken cancellationToken) in /Users/alanstars1301/Documents/Claude/Projects/eGreeting/Backend/src/EGreetings.Application/Behaviors/ValidationBehavior.cs:line 39
   at EGreetings.Application.Behaviors.LoggingBehavior`2.Handle(TRequest request, RequestHandlerDelegate`1 next, CancellationToken cancellationToken) in /Users/alanstars1301/Documents/Claude/Projects/eGreeting/Backend/src/EGreetings.Application/Behaviors/LoggingBehavior.cs:line 39
   at EGreetings.Application.Behaviors.LoggingBehavior`2.Handle(TRequest request, RequestHandlerDelegate`1 next, CancellationToken cancellationToken) in /Users/alanstars1301/Documents/Claude/Projects/eGreeting/Backend/src/EGreetings.Application/Behaviors/LoggingBehavior.cs:line 68
   at EGreetings.API.Controllers.AuthController.Login(LoginCommand command, CancellationToken ct) in /Users/alanstars1301/Documents/Claude/Projects/eGreeting/Backend/src/EGreetings.API/Controllers/AuthController.cs:line 43
   at Microsoft.AspNetCore.Mvc.Infrastructure.ActionMethodExecutor.TaskOfIActionResultExecutor.Execute(ActionContext actionContext, IActionResultTypeMapper mapper, ObjectMethodExecutor executor, Object controller, Object[] arguments)
   at Microsoft.AspNetCore.Mvc.Infrastructure.ControllerActionInvoker.<InvokeActionMethodAsync>g__Awaited|12_0(ControllerActionInvoker invoker, ValueTask`1 actionResultValueTask)
   at Microsoft.AspNetCore.Mvc.Infrastructure.ControllerActionInvoker.<InvokeNextActionFilterAsync>g__Awaited|10_0(ControllerActionInvoker invoker, Task lastTask, State next, Scope scope, Object state, Boolean isCompleted)
   at Microsoft.AspNetCore.Mvc.Infrastructure.ControllerActionInvoker.Rethrow(ActionExecutedContextSealed context)
   at Microsoft.AspNetCore.Mvc.Infrastructure.ControllerActionInvoker.Next(State& next, Scope& scope, Object& state, Boolean& isCompleted)
   at Microsoft.AspNetCore.Mvc.Infrastructure.ControllerActionInvoker.<InvokeInnerFilterAsync>g__Awaited|13_0(ControllerActionInvoker invoker, Task lastTask, State next, Scope scope, Object state, Boolean isCompleted)
   at Microsoft.AspNetCore.Mvc.Infrastructure.ResourceInvoker.<InvokeFilterPipelineAsync>g__Awaited|20_0(ResourceInvoker invoker, Task lastTask, State next, Scope scope, Object state, Boolean isCompleted)
   at Microsoft.AspNetCore.Mvc.Infrastructure.ResourceInvoker.<InvokeAsync>g__Awaited|17_0(ResourceInvoker invoker, Task task, IDisposable scope)
   at Microsoft.AspNetCore.Mvc.Infrastructure.ResourceInvoker.<InvokeAsync>g__Awaited|17_0(ResourceInvoker invoker, Task task, IDisposable scope)
   at Microsoft.AspNetCore.Authorization.AuthorizationMiddleware.Invoke(HttpContext context)
   at Microsoft.AspNetCore.Authentication.AuthenticationMiddleware.Invoke(HttpContext context)
   at Serilog.AspNetCore.RequestLoggingMiddleware.Invoke(HttpContext httpContext)
   at EGreetings.API.Middlewares.SecurityHeadersMiddleware.InvokeAsync(HttpContext context) in /Users/alanstars1301/Documents/Claude/Projects/eGreeting/Backend/src/EGreetings.API/Middlewares/ApiMiddlewares.cs:line 121
   at EGreetings.API.Middlewares.GlobalExceptionMiddleware.InvokeAsync(HttpContext context) in /Users/alanstars1301/Documents/Claude/Projects/eGreeting/Backend/src/EGreetings.API/Middlewares/ApiMiddlewares.cs:line 36
2026-05-06 00:56:31.325 +07:00 [INF] [CQRS] Handling LoginCommand
2026-05-06 00:56:31.333 +07:00 [INF] Executed DbCommand (7ms) [Parameters=[@__ToLower_0='?' (Size = 256) (DbType = AnsiString)], CommandType='"Text"', CommandTimeout='30']
SELECT TOP(1) [u].[Id], [u].[CreatedAt], [u].[DeletedAt], [u].[Email], [u].[EmailVerificationToken], [u].[EmailVerificationTokenExpiry], [u].[FailedLoginCount], [u].[FullName], [u].[IsDeleted], [u].[LastLoginAt], [u].[LockReason], [u].[LockoutEndTime], [u].[PasswordHash], [u].[PasswordResetToken], [u].[PasswordResetTokenExpiry], [u].[PasswordResetTokenUsed], [u].[RefreshTokenExpiry], [u].[RefreshTokenHash], [u].[Role], [u].[SocialProvider], [u].[SocialProviderId], [u].[Status], [u].[UpdatedAt]
FROM [Users] AS [u]
WHERE [u].[IsDeleted] = CAST(0 AS bit) AND [u].[Email] = @__ToLower_0 AND [u].[IsDeleted] = CAST(0 AS bit)
2026-05-06 00:56:31.334 +07:00 [ERR] [CQRS] Error handling LoginCommand: Email hoặc mật khẩu không đúng.
EGreetings.Domain.Exceptions.BusinessRuleViolationException: Email hoặc mật khẩu không đúng.
   at EGreetings.Application.Commands.Auth.Login.LoginCommandHandler.Handle(LoginCommand request, CancellationToken ct) in /Users/alanstars1301/Documents/Claude/Projects/eGreeting/Backend/src/EGreetings.Application/Commands/Auth/Login/LoginCommandHandler.cs:line 35
   at EGreetings.Application.Behaviors.PerformanceBehavior`2.Handle(TRequest request, RequestHandlerDelegate`1 next, CancellationToken cancellationToken) in /Users/alanstars1301/Documents/Claude/Projects/eGreeting/Backend/src/EGreetings.Application/Behaviors/PerformanceBehavior.cs:line 25
   at EGreetings.Application.Behaviors.ValidationBehavior`2.Handle(TRequest request, RequestHandlerDelegate`1 next, CancellationToken cancellationToken) in /Users/alanstars1301/Documents/Claude/Projects/eGreeting/Backend/src/EGreetings.Application/Behaviors/ValidationBehavior.cs:line 39
   at EGreetings.Application.Behaviors.LoggingBehavior`2.Handle(TRequest request, RequestHandlerDelegate`1 next, CancellationToken cancellationToken) in /Users/alanstars1301/Documents/Claude/Projects/eGreeting/Backend/src/EGreetings.Application/Behaviors/LoggingBehavior.cs:line 39
2026-05-06 00:56:31.335 +07:00 [ERR] HTTP POST /api/auth/login responded 500 in 10.6382 ms
EGreetings.Domain.Exceptions.BusinessRuleViolationException: Email hoặc mật khẩu không đúng.
   at EGreetings.Application.Commands.Auth.Login.LoginCommandHandler.Handle(LoginCommand request, CancellationToken ct) in /Users/alanstars1301/Documents/Claude/Projects/eGreeting/Backend/src/EGreetings.Application/Commands/Auth/Login/LoginCommandHandler.cs:line 35
   at EGreetings.Application.Behaviors.PerformanceBehavior`2.Handle(TRequest request, RequestHandlerDelegate`1 next, CancellationToken cancellationToken) in /Users/alanstars1301/Documents/Claude/Projects/eGreeting/Backend/src/EGreetings.Application/Behaviors/PerformanceBehavior.cs:line 25
   at EGreetings.Application.Behaviors.ValidationBehavior`2.Handle(TRequest request, RequestHandlerDelegate`1 next, CancellationToken cancellationToken) in /Users/alanstars1301/Documents/Claude/Projects/eGreeting/Backend/src/EGreetings.Application/Behaviors/ValidationBehavior.cs:line 39
   at EGreetings.Application.Behaviors.LoggingBehavior`2.Handle(TRequest request, RequestHandlerDelegate`1 next, CancellationToken cancellationToken) in /Users/alanstars1301/Documents/Claude/Projects/eGreeting/Backend/src/EGreetings.Application/Behaviors/LoggingBehavior.cs:line 39
   at EGreetings.Application.Behaviors.LoggingBehavior`2.Handle(TRequest request, RequestHandlerDelegate`1 next, CancellationToken cancellationToken) in /Users/alanstars1301/Documents/Claude/Projects/eGreeting/Backend/src/EGreetings.Application/Behaviors/LoggingBehavior.cs:line 68
   at EGreetings.API.Controllers.AuthController.Login(LoginCommand command, CancellationToken ct) in /Users/alanstars1301/Documents/Claude/Projects/eGreeting/Backend/src/EGreetings.API/Controllers/AuthController.cs:line 43
   at Microsoft.AspNetCore.Mvc.Infrastructure.ActionMethodExecutor.TaskOfIActionResultExecutor.Execute(ActionContext actionContext, IActionResultTypeMapper mapper, ObjectMethodExecutor executor, Object controller, Object[] arguments)
   at Microsoft.AspNetCore.Mvc.Infrastructure.ControllerActionInvoker.<InvokeActionMethodAsync>g__Awaited|12_0(ControllerActionInvoker invoker, ValueTask`1 actionResultValueTask)
   at Microsoft.AspNetCore.Mvc.Infrastructure.ControllerActionInvoker.<InvokeNextActionFilterAsync>g__Awaited|10_0(ControllerActionInvoker invoker, Task lastTask, State next, Scope scope, Object state, Boolean isCompleted)
   at Microsoft.AspNetCore.Mvc.Infrastructure.ControllerActionInvoker.Rethrow(ActionExecutedContextSealed context)
   at Microsoft.AspNetCore.Mvc.Infrastructure.ControllerActionInvoker.Next(State& next, Scope& scope, Object& state, Boolean& isCompleted)
   at Microsoft.AspNetCore.Mvc.Infrastructure.ControllerActionInvoker.<InvokeInnerFilterAsync>g__Awaited|13_0(ControllerActionInvoker invoker, Task lastTask, State next, Scope scope, Object state, Boolean isCompleted)
   at Microsoft.AspNetCore.Mvc.Infrastructure.ResourceInvoker.<InvokeFilterPipelineAsync>g__Awaited|20_0(ResourceInvoker invoker, Task lastTask, State next, Scope scope, Object state, Boolean isCompleted)
   at Microsoft.AspNetCore.Mvc.Infrastructure.ResourceInvoker.<InvokeAsync>g__Awaited|17_0(ResourceInvoker invoker, Task task, IDisposable scope)
   at Microsoft.AspNetCore.Mvc.Infrastructure.ResourceInvoker.<InvokeAsync>g__Awaited|17_0(ResourceInvoker invoker, Task task, IDisposable scope)
   at Microsoft.AspNetCore.Authorization.AuthorizationMiddleware.Invoke(HttpContext context)
   at Microsoft.AspNetCore.Authentication.AuthenticationMiddleware.Invoke(HttpContext context)
   at Serilog.AspNetCore.RequestLoggingMiddleware.Invoke(HttpContext httpContext)
2026-05-06 00:56:31.342 +07:00 [INF] Executed DbCommand (5ms) [Parameters=[@p0='?' (DbType = Guid), @p1='?' (DbType = Guid), @p2='?' (Size = 20), @p3='?' (Size = 2000), @p4='?' (DbType = DateTime2), @p5='?' (Size = 1000), @p6='?' (Size = 30), @p7='?' (Size = 50), @p8='?' (Size = 20), @p9='?' (DbType = DateTime2)], CommandType='"Text"', CommandTimeout='30']
SET IMPLICIT_TRANSACTIONS OFF;
SET NOCOUNT ON;
INSERT INTO [SystemLogs] ([Id], [ActorId], [ActorType], [AdditionalData], [CreatedAt], [Description], [EventType], [IpAddress], [Status], [Timestamp])
VALUES (@p0, @p1, @p2, @p3, @p4, @p5, @p6, @p7, @p8, @p9);
2026-05-06 00:56:31.343 +07:00 [ERR] [EXCEPTION] 422 /api/auth/login – Email hoặc mật khẩu không đúng.
EGreetings.Domain.Exceptions.BusinessRuleViolationException: Email hoặc mật khẩu không đúng.
   at EGreetings.Application.Commands.Auth.Login.LoginCommandHandler.Handle(LoginCommand request, CancellationToken ct) in /Users/alanstars1301/Documents/Claude/Projects/eGreeting/Backend/src/EGreetings.Application/Commands/Auth/Login/LoginCommandHandler.cs:line 35
   at EGreetings.Application.Behaviors.PerformanceBehavior`2.Handle(TRequest request, RequestHandlerDelegate`1 next, CancellationToken cancellationToken) in /Users/alanstars1301/Documents/Claude/Projects/eGreeting/Backend/src/EGreetings.Application/Behaviors/PerformanceBehavior.cs:line 25
   at EGreetings.Application.Behaviors.ValidationBehavior`2.Handle(TRequest request, RequestHandlerDelegate`1 next, CancellationToken cancellationToken) in /Users/alanstars1301/Documents/Claude/Projects/eGreeting/Backend/src/EGreetings.Application/Behaviors/ValidationBehavior.cs:line 39
   at EGreetings.Application.Behaviors.LoggingBehavior`2.Handle(TRequest request, RequestHandlerDelegate`1 next, CancellationToken cancellationToken) in /Users/alanstars1301/Documents/Claude/Projects/eGreeting/Backend/src/EGreetings.Application/Behaviors/LoggingBehavior.cs:line 39
   at EGreetings.Application.Behaviors.LoggingBehavior`2.Handle(TRequest request, RequestHandlerDelegate`1 next, CancellationToken cancellationToken) in /Users/alanstars1301/Documents/Claude/Projects/eGreeting/Backend/src/EGreetings.Application/Behaviors/LoggingBehavior.cs:line 68
   at EGreetings.API.Controllers.AuthController.Login(LoginCommand command, CancellationToken ct) in /Users/alanstars1301/Documents/Claude/Projects/eGreeting/Backend/src/EGreetings.API/Controllers/AuthController.cs:line 43
   at Microsoft.AspNetCore.Mvc.Infrastructure.ActionMethodExecutor.TaskOfIActionResultExecutor.Execute(ActionContext actionContext, IActionResultTypeMapper mapper, ObjectMethodExecutor executor, Object controller, Object[] arguments)
   at Microsoft.AspNetCore.Mvc.Infrastructure.ControllerActionInvoker.<InvokeActionMethodAsync>g__Awaited|12_0(ControllerActionInvoker invoker, ValueTask`1 actionResultValueTask)
   at Microsoft.AspNetCore.Mvc.Infrastructure.ControllerActionInvoker.<InvokeNextActionFilterAsync>g__Awaited|10_0(ControllerActionInvoker invoker, Task lastTask, State next, Scope scope, Object state, Boolean isCompleted)
   at Microsoft.AspNetCore.Mvc.Infrastructure.ControllerActionInvoker.Rethrow(ActionExecutedContextSealed context)
   at Microsoft.AspNetCore.Mvc.Infrastructure.ControllerActionInvoker.Next(State& next, Scope& scope, Object& state, Boolean& isCompleted)
   at Microsoft.AspNetCore.Mvc.Infrastructure.ControllerActionInvoker.<InvokeInnerFilterAsync>g__Awaited|13_0(ControllerActionInvoker invoker, Task lastTask, State next, Scope scope, Object state, Boolean isCompleted)
   at Microsoft.AspNetCore.Mvc.Infrastructure.ResourceInvoker.<InvokeFilterPipelineAsync>g__Awaited|20_0(ResourceInvoker invoker, Task lastTask, State next, Scope scope, Object state, Boolean isCompleted)
   at Microsoft.AspNetCore.Mvc.Infrastructure.ResourceInvoker.<InvokeAsync>g__Awaited|17_0(ResourceInvoker invoker, Task task, IDisposable scope)
   at Microsoft.AspNetCore.Mvc.Infrastructure.ResourceInvoker.<InvokeAsync>g__Awaited|17_0(ResourceInvoker invoker, Task task, IDisposable scope)
   at Microsoft.AspNetCore.Authorization.AuthorizationMiddleware.Invoke(HttpContext context)
   at Microsoft.AspNetCore.Authentication.AuthenticationMiddleware.Invoke(HttpContext context)
   at Serilog.AspNetCore.RequestLoggingMiddleware.Invoke(HttpContext httpContext)
   at EGreetings.API.Middlewares.SecurityHeadersMiddleware.InvokeAsync(HttpContext context) in /Users/alanstars1301/Documents/Claude/Projects/eGreeting/Backend/src/EGreetings.API/Middlewares/ApiMiddlewares.cs:line 121
   at EGreetings.API.Middlewares.GlobalExceptionMiddleware.InvokeAsync(HttpContext context) in /Users/alanstars1301/Documents/Claude/Projects/eGreeting/Backend/src/EGreetings.API/Middlewares/ApiMiddlewares.cs:line 36
2026-05-06 00:56:36.609 +07:00 [INF] [CQRS] Handling LoginCommand
2026-05-06 00:56:36.615 +07:00 [INF] Executed DbCommand (4ms) [Parameters=[@__ToLower_0='?' (Size = 256) (DbType = AnsiString)], CommandType='"Text"', CommandTimeout='30']
SELECT TOP(1) [u].[Id], [u].[CreatedAt], [u].[DeletedAt], [u].[Email], [u].[EmailVerificationToken], [u].[EmailVerificationTokenExpiry], [u].[FailedLoginCount], [u].[FullName], [u].[IsDeleted], [u].[LastLoginAt], [u].[LockReason], [u].[LockoutEndTime], [u].[PasswordHash], [u].[PasswordResetToken], [u].[PasswordResetTokenExpiry], [u].[PasswordResetTokenUsed], [u].[RefreshTokenExpiry], [u].[RefreshTokenHash], [u].[Role], [u].[SocialProvider], [u].[SocialProviderId], [u].[Status], [u].[UpdatedAt]
FROM [Users] AS [u]
WHERE [u].[IsDeleted] = CAST(0 AS bit) AND [u].[Email] = @__ToLower_0 AND [u].[IsDeleted] = CAST(0 AS bit)
2026-05-06 00:56:36.615 +07:00 [ERR] [CQRS] Error handling LoginCommand: Email hoặc mật khẩu không đúng.
EGreetings.Domain.Exceptions.BusinessRuleViolationException: Email hoặc mật khẩu không đúng.
   at EGreetings.Application.Commands.Auth.Login.LoginCommandHandler.Handle(LoginCommand request, CancellationToken ct) in /Users/alanstars1301/Documents/Claude/Projects/eGreeting/Backend/src/EGreetings.Application/Commands/Auth/Login/LoginCommandHandler.cs:line 35
   at EGreetings.Application.Behaviors.PerformanceBehavior`2.Handle(TRequest request, RequestHandlerDelegate`1 next, CancellationToken cancellationToken) in /Users/alanstars1301/Documents/Claude/Projects/eGreeting/Backend/src/EGreetings.Application/Behaviors/PerformanceBehavior.cs:line 25
   at EGreetings.Application.Behaviors.ValidationBehavior`2.Handle(TRequest request, RequestHandlerDelegate`1 next, CancellationToken cancellationToken) in /Users/alanstars1301/Documents/Claude/Projects/eGreeting/Backend/src/EGreetings.Application/Behaviors/ValidationBehavior.cs:line 39
   at EGreetings.Application.Behaviors.LoggingBehavior`2.Handle(TRequest request, RequestHandlerDelegate`1 next, CancellationToken cancellationToken) in /Users/alanstars1301/Documents/Claude/Projects/eGreeting/Backend/src/EGreetings.Application/Behaviors/LoggingBehavior.cs:line 39
2026-05-06 00:56:36.616 +07:00 [ERR] HTTP POST /api/auth/login responded 500 in 9.4665 ms
EGreetings.Domain.Exceptions.BusinessRuleViolationException: Email hoặc mật khẩu không đúng.
   at EGreetings.Application.Commands.Auth.Login.LoginCommandHandler.Handle(LoginCommand request, CancellationToken ct) in /Users/alanstars1301/Documents/Claude/Projects/eGreeting/Backend/src/EGreetings.Application/Commands/Auth/Login/LoginCommandHandler.cs:line 35
   at EGreetings.Application.Behaviors.PerformanceBehavior`2.Handle(TRequest request, RequestHandlerDelegate`1 next, CancellationToken cancellationToken) in /Users/alanstars1301/Documents/Claude/Projects/eGreeting/Backend/src/EGreetings.Application/Behaviors/PerformanceBehavior.cs:line 25
   at EGreetings.Application.Behaviors.ValidationBehavior`2.Handle(TRequest request, RequestHandlerDelegate`1 next, CancellationToken cancellationToken) in /Users/alanstars1301/Documents/Claude/Projects/eGreeting/Backend/src/EGreetings.Application/Behaviors/ValidationBehavior.cs:line 39
   at EGreetings.Application.Behaviors.LoggingBehavior`2.Handle(TRequest request, RequestHandlerDelegate`1 next, CancellationToken cancellationToken) in /Users/alanstars1301/Documents/Claude/Projects/eGreeting/Backend/src/EGreetings.Application/Behaviors/LoggingBehavior.cs:line 39
   at EGreetings.Application.Behaviors.LoggingBehavior`2.Handle(TRequest request, RequestHandlerDelegate`1 next, CancellationToken cancellationToken) in /Users/alanstars1301/Documents/Claude/Projects/eGreeting/Backend/src/EGreetings.Application/Behaviors/LoggingBehavior.cs:line 68
   at EGreetings.API.Controllers.AuthController.Login(LoginCommand command, CancellationToken ct) in /Users/alanstars1301/Documents/Claude/Projects/eGreeting/Backend/src/EGreetings.API/Controllers/AuthController.cs:line 43
   at Microsoft.AspNetCore.Mvc.Infrastructure.ActionMethodExecutor.TaskOfIActionResultExecutor.Execute(ActionContext actionContext, IActionResultTypeMapper mapper, ObjectMethodExecutor executor, Object controller, Object[] arguments)
   at Microsoft.AspNetCore.Mvc.Infrastructure.ControllerActionInvoker.<InvokeActionMethodAsync>g__Awaited|12_0(ControllerActionInvoker invoker, ValueTask`1 actionResultValueTask)
   at Microsoft.AspNetCore.Mvc.Infrastructure.ControllerActionInvoker.<InvokeNextActionFilterAsync>g__Awaited|10_0(ControllerActionInvoker invoker, Task lastTask, State next, Scope scope, Object state, Boolean isCompleted)
   at Microsoft.AspNetCore.Mvc.Infrastructure.ControllerActionInvoker.Rethrow(ActionExecutedContextSealed context)
   at Microsoft.AspNetCore.Mvc.Infrastructure.ControllerActionInvoker.Next(State& next, Scope& scope, Object& state, Boolean& isCompleted)
   at Microsoft.AspNetCore.Mvc.Infrastructure.ControllerActionInvoker.<InvokeInnerFilterAsync>g__Awaited|13_0(ControllerActionInvoker invoker, Task lastTask, State next, Scope scope, Object state, Boolean isCompleted)
   at Microsoft.AspNetCore.Mvc.Infrastructure.ResourceInvoker.<InvokeFilterPipelineAsync>g__Awaited|20_0(ResourceInvoker invoker, Task lastTask, State next, Scope scope, Object state, Boolean isCompleted)
   at Microsoft.AspNetCore.Mvc.Infrastructure.ResourceInvoker.<InvokeAsync>g__Awaited|17_0(ResourceInvoker invoker, Task task, IDisposable scope)
   at Microsoft.AspNetCore.Mvc.Infrastructure.ResourceInvoker.<InvokeAsync>g__Awaited|17_0(ResourceInvoker invoker, Task task, IDisposable scope)
   at Microsoft.AspNetCore.Authorization.AuthorizationMiddleware.Invoke(HttpContext context)
   at Microsoft.AspNetCore.Authentication.AuthenticationMiddleware.Invoke(HttpContext context)
   at Serilog.AspNetCore.RequestLoggingMiddleware.Invoke(HttpContext httpContext)
2026-05-06 00:56:36.625 +07:00 [INF] Executed DbCommand (7ms) [Parameters=[@p0='?' (DbType = Guid), @p1='?' (DbType = Guid), @p2='?' (Size = 20), @p3='?' (Size = 2000), @p4='?' (DbType = DateTime2), @p5='?' (Size = 1000), @p6='?' (Size = 30), @p7='?' (Size = 50), @p8='?' (Size = 20), @p9='?' (DbType = DateTime2)], CommandType='"Text"', CommandTimeout='30']
SET IMPLICIT_TRANSACTIONS OFF;
SET NOCOUNT ON;
INSERT INTO [SystemLogs] ([Id], [ActorId], [ActorType], [AdditionalData], [CreatedAt], [Description], [EventType], [IpAddress], [Status], [Timestamp])
VALUES (@p0, @p1, @p2, @p3, @p4, @p5, @p6, @p7, @p8, @p9);
2026-05-06 00:56:36.625 +07:00 [ERR] [EXCEPTION] 422 /api/auth/login – Email hoặc mật khẩu không đúng.
EGreetings.Domain.Exceptions.BusinessRuleViolationException: Email hoặc mật khẩu không đúng.
   at EGreetings.Application.Commands.Auth.Login.LoginCommandHandler.Handle(LoginCommand request, CancellationToken ct) in /Users/alanstars1301/Documents/Claude/Projects/eGreeting/Backend/src/EGreetings.Application/Commands/Auth/Login/LoginCommandHandler.cs:line 35
   at EGreetings.Application.Behaviors.PerformanceBehavior`2.Handle(TRequest request, RequestHandlerDelegate`1 next, CancellationToken cancellationToken) in /Users/alanstars1301/Documents/Claude/Projects/eGreeting/Backend/src/EGreetings.Application/Behaviors/PerformanceBehavior.cs:line 25
   at EGreetings.Application.Behaviors.ValidationBehavior`2.Handle(TRequest request, RequestHandlerDelegate`1 next, CancellationToken cancellationToken) in /Users/alanstars1301/Documents/Claude/Projects/eGreeting/Backend/src/EGreetings.Application/Behaviors/ValidationBehavior.cs:line 39
   at EGreetings.Application.Behaviors.LoggingBehavior`2.Handle(TRequest request, RequestHandlerDelegate`1 next, CancellationToken cancellationToken) in /Users/alanstars1301/Documents/Claude/Projects/eGreeting/Backend/src/EGreetings.Application/Behaviors/LoggingBehavior.cs:line 39
   at EGreetings.Application.Behaviors.LoggingBehavior`2.Handle(TRequest request, RequestHandlerDelegate`1 next, CancellationToken cancellationToken) in /Users/alanstars1301/Documents/Claude/Projects/eGreeting/Backend/src/EGreetings.Application/Behaviors/LoggingBehavior.cs:line 68
   at EGreetings.API.Controllers.AuthController.Login(LoginCommand command, CancellationToken ct) in /Users/alanstars1301/Documents/Claude/Projects/eGreeting/Backend/src/EGreetings.API/Controllers/AuthController.cs:line 43
   at Microsoft.AspNetCore.Mvc.Infrastructure.ActionMethodExecutor.TaskOfIActionResultExecutor.Execute(ActionContext actionContext, IActionResultTypeMapper mapper, ObjectMethodExecutor executor, Object controller, Object[] arguments)
   at Microsoft.AspNetCore.Mvc.Infrastructure.ControllerActionInvoker.<InvokeActionMethodAsync>g__Awaited|12_0(ControllerActionInvoker invoker, ValueTask`1 actionResultValueTask)
   at Microsoft.AspNetCore.Mvc.Infrastructure.ControllerActionInvoker.<InvokeNextActionFilterAsync>g__Awaited|10_0(ControllerActionInvoker invoker, Task lastTask, State next, Scope scope, Object state, Boolean isCompleted)
   at Microsoft.AspNetCore.Mvc.Infrastructure.ControllerActionInvoker.Rethrow(ActionExecutedContextSealed context)
   at Microsoft.AspNetCore.Mvc.Infrastructure.ControllerActionInvoker.Next(State& next, Scope& scope, Object& state, Boolean& isCompleted)
   at Microsoft.AspNetCore.Mvc.Infrastructure.ControllerActionInvoker.<InvokeInnerFilterAsync>g__Awaited|13_0(ControllerActionInvoker invoker, Task lastTask, State next, Scope scope, Object state, Boolean isCompleted)
   at Microsoft.AspNetCore.Mvc.Infrastructure.ResourceInvoker.<InvokeFilterPipelineAsync>g__Awaited|20_0(ResourceInvoker invoker, Task lastTask, State next, Scope scope, Object state, Boolean isCompleted)
   at Microsoft.AspNetCore.Mvc.Infrastructure.ResourceInvoker.<InvokeAsync>g__Awaited|17_0(ResourceInvoker invoker, Task task, IDisposable scope)
   at Microsoft.AspNetCore.Mvc.Infrastructure.ResourceInvoker.<InvokeAsync>g__Awaited|17_0(ResourceInvoker invoker, Task task, IDisposable scope)
   at Microsoft.AspNetCore.Authorization.AuthorizationMiddleware.Invoke(HttpContext context)
   at Microsoft.AspNetCore.Authentication.AuthenticationMiddleware.Invoke(HttpContext context)
   at Serilog.AspNetCore.RequestLoggingMiddleware.Invoke(HttpContext httpContext)
   at EGreetings.API.Middlewares.SecurityHeadersMiddleware.InvokeAsync(HttpContext context) in /Users/alanstars1301/Documents/Claude/Projects/eGreeting/Backend/src/EGreetings.API/Middlewares/ApiMiddlewares.cs:line 121
   at EGreetings.API.Middlewares.GlobalExceptionMiddleware.InvokeAsync(HttpContext context) in /Users/alanstars1301/Documents/Claude/Projects/eGreeting/Backend/src/EGreetings.API/Middlewares/ApiMiddlewares.cs:line 36
2026-05-06 00:56:37.010 +07:00 [INF] [CQRS] Handling LoginCommand
2026-05-06 00:56:37.016 +07:00 [INF] Executed DbCommand (5ms) [Parameters=[@__ToLower_0='?' (Size = 256) (DbType = AnsiString)], CommandType='"Text"', CommandTimeout='30']
SELECT TOP(1) [u].[Id], [u].[CreatedAt], [u].[DeletedAt], [u].[Email], [u].[EmailVerificationToken], [u].[EmailVerificationTokenExpiry], [u].[FailedLoginCount], [u].[FullName], [u].[IsDeleted], [u].[LastLoginAt], [u].[LockReason], [u].[LockoutEndTime], [u].[PasswordHash], [u].[PasswordResetToken], [u].[PasswordResetTokenExpiry], [u].[PasswordResetTokenUsed], [u].[RefreshTokenExpiry], [u].[RefreshTokenHash], [u].[Role], [u].[SocialProvider], [u].[SocialProviderId], [u].[Status], [u].[UpdatedAt]
FROM [Users] AS [u]
WHERE [u].[IsDeleted] = CAST(0 AS bit) AND [u].[Email] = @__ToLower_0 AND [u].[IsDeleted] = CAST(0 AS bit)
2026-05-06 00:56:37.016 +07:00 [ERR] [CQRS] Error handling LoginCommand: Email hoặc mật khẩu không đúng.
EGreetings.Domain.Exceptions.BusinessRuleViolationException: Email hoặc mật khẩu không đúng.
   at EGreetings.Application.Commands.Auth.Login.LoginCommandHandler.Handle(LoginCommand request, CancellationToken ct) in /Users/alanstars1301/Documents/Claude/Projects/eGreeting/Backend/src/EGreetings.Application/Commands/Auth/Login/LoginCommandHandler.cs:line 35
   at EGreetings.Application.Behaviors.PerformanceBehavior`2.Handle(TRequest request, RequestHandlerDelegate`1 next, CancellationToken cancellationToken) in /Users/alanstars1301/Documents/Claude/Projects/eGreeting/Backend/src/EGreetings.Application/Behaviors/PerformanceBehavior.cs:line 25
   at EGreetings.Application.Behaviors.ValidationBehavior`2.Handle(TRequest request, RequestHandlerDelegate`1 next, CancellationToken cancellationToken) in /Users/alanstars1301/Documents/Claude/Projects/eGreeting/Backend/src/EGreetings.Application/Behaviors/ValidationBehavior.cs:line 39
   at EGreetings.Application.Behaviors.LoggingBehavior`2.Handle(TRequest request, RequestHandlerDelegate`1 next, CancellationToken cancellationToken) in /Users/alanstars1301/Documents/Claude/Projects/eGreeting/Backend/src/EGreetings.Application/Behaviors/LoggingBehavior.cs:line 39
2026-05-06 00:56:37.016 +07:00 [ERR] HTTP POST /api/auth/login responded 500 in 6.9118 ms
EGreetings.Domain.Exceptions.BusinessRuleViolationException: Email hoặc mật khẩu không đúng.
   at EGreetings.Application.Commands.Auth.Login.LoginCommandHandler.Handle(LoginCommand request, CancellationToken ct) in /Users/alanstars1301/Documents/Claude/Projects/eGreeting/Backend/src/EGreetings.Application/Commands/Auth/Login/LoginCommandHandler.cs:line 35
   at EGreetings.Application.Behaviors.PerformanceBehavior`2.Handle(TRequest request, RequestHandlerDelegate`1 next, CancellationToken cancellationToken) in /Users/alanstars1301/Documents/Claude/Projects/eGreeting/Backend/src/EGreetings.Application/Behaviors/PerformanceBehavior.cs:line 25
   at EGreetings.Application.Behaviors.ValidationBehavior`2.Handle(TRequest request, RequestHandlerDelegate`1 next, CancellationToken cancellationToken) in /Users/alanstars1301/Documents/Claude/Projects/eGreeting/Backend/src/EGreetings.Application/Behaviors/ValidationBehavior.cs:line 39
   at EGreetings.Application.Behaviors.LoggingBehavior`2.Handle(TRequest request, RequestHandlerDelegate`1 next, CancellationToken cancellationToken) in /Users/alanstars1301/Documents/Claude/Projects/eGreeting/Backend/src/EGreetings.Application/Behaviors/LoggingBehavior.cs:line 39
   at EGreetings.Application.Behaviors.LoggingBehavior`2.Handle(TRequest request, RequestHandlerDelegate`1 next, CancellationToken cancellationToken) in /Users/alanstars1301/Documents/Claude/Projects/eGreeting/Backend/src/EGreetings.Application/Behaviors/LoggingBehavior.cs:line 68
   at EGreetings.API.Controllers.AuthController.Login(LoginCommand command, CancellationToken ct) in /Users/alanstars1301/Documents/Claude/Projects/eGreeting/Backend/src/EGreetings.API/Controllers/AuthController.cs:line 43
   at Microsoft.AspNetCore.Mvc.Infrastructure.ActionMethodExecutor.TaskOfIActionResultExecutor.Execute(ActionContext actionContext, IActionResultTypeMapper mapper, ObjectMethodExecutor executor, Object controller, Object[] arguments)
   at Microsoft.AspNetCore.Mvc.Infrastructure.ControllerActionInvoker.<InvokeActionMethodAsync>g__Awaited|12_0(ControllerActionInvoker invoker, ValueTask`1 actionResultValueTask)
   at Microsoft.AspNetCore.Mvc.Infrastructure.ControllerActionInvoker.<InvokeNextActionFilterAsync>g__Awaited|10_0(ControllerActionInvoker invoker, Task lastTask, State next, Scope scope, Object state, Boolean isCompleted)
   at Microsoft.AspNetCore.Mvc.Infrastructure.ControllerActionInvoker.Rethrow(ActionExecutedContextSealed context)
   at Microsoft.AspNetCore.Mvc.Infrastructure.ControllerActionInvoker.Next(State& next, Scope& scope, Object& state, Boolean& isCompleted)
   at Microsoft.AspNetCore.Mvc.Infrastructure.ControllerActionInvoker.<InvokeInnerFilterAsync>g__Awaited|13_0(ControllerActionInvoker invoker, Task lastTask, State next, Scope scope, Object state, Boolean isCompleted)
   at Microsoft.AspNetCore.Mvc.Infrastructure.ResourceInvoker.<InvokeFilterPipelineAsync>g__Awaited|20_0(ResourceInvoker invoker, Task lastTask, State next, Scope scope, Object state, Boolean isCompleted)
   at Microsoft.AspNetCore.Mvc.Infrastructure.ResourceInvoker.<InvokeAsync>g__Awaited|17_0(ResourceInvoker invoker, Task task, IDisposable scope)
   at Microsoft.AspNetCore.Mvc.Infrastructure.ResourceInvoker.<InvokeAsync>g__Awaited|17_0(ResourceInvoker invoker, Task task, IDisposable scope)
   at Microsoft.AspNetCore.Authorization.AuthorizationMiddleware.Invoke(HttpContext context)
   at Microsoft.AspNetCore.Authentication.AuthenticationMiddleware.Invoke(HttpContext context)
   at Serilog.AspNetCore.RequestLoggingMiddleware.Invoke(HttpContext httpContext)
2026-05-06 00:56:37.024 +07:00 [INF] Executed DbCommand (6ms) [Parameters=[@p0='?' (DbType = Guid), @p1='?' (DbType = Guid), @p2='?' (Size = 20), @p3='?' (Size = 2000), @p4='?' (DbType = DateTime2), @p5='?' (Size = 1000), @p6='?' (Size = 30), @p7='?' (Size = 50), @p8='?' (Size = 20), @p9='?' (DbType = DateTime2)], CommandType='"Text"', CommandTimeout='30']
SET IMPLICIT_TRANSACTIONS OFF;
SET NOCOUNT ON;
INSERT INTO [SystemLogs] ([Id], [ActorId], [ActorType], [AdditionalData], [CreatedAt], [Description], [EventType], [IpAddress], [Status], [Timestamp])
VALUES (@p0, @p1, @p2, @p3, @p4, @p5, @p6, @p7, @p8, @p9);
2026-05-06 00:56:37.025 +07:00 [ERR] [EXCEPTION] 422 /api/auth/login – Email hoặc mật khẩu không đúng.
EGreetings.Domain.Exceptions.BusinessRuleViolationException: Email hoặc mật khẩu không đúng.
   at EGreetings.Application.Commands.Auth.Login.LoginCommandHandler.Handle(LoginCommand request, CancellationToken ct) in /Users/alanstars1301/Documents/Claude/Projects/eGreeting/Backend/src/EGreetings.Application/Commands/Auth/Login/LoginCommandHandler.cs:line 35
   at EGreetings.Application.Behaviors.PerformanceBehavior`2.Handle(TRequest request, RequestHandlerDelegate`1 next, CancellationToken cancellationToken) in /Users/alanstars1301/Documents/Claude/Projects/eGreeting/Backend/src/EGreetings.Application/Behaviors/PerformanceBehavior.cs:line 25
   at EGreetings.Application.Behaviors.ValidationBehavior`2.Handle(TRequest request, RequestHandlerDelegate`1 next, CancellationToken cancellationToken) in /Users/alanstars1301/Documents/Claude/Projects/eGreeting/Backend/src/EGreetings.Application/Behaviors/ValidationBehavior.cs:line 39
   at EGreetings.Application.Behaviors.LoggingBehavior`2.Handle(TRequest request, RequestHandlerDelegate`1 next, CancellationToken cancellationToken) in /Users/alanstars1301/Documents/Claude/Projects/eGreeting/Backend/src/EGreetings.Application/Behaviors/LoggingBehavior.cs:line 39
   at EGreetings.Application.Behaviors.LoggingBehavior`2.Handle(TRequest request, RequestHandlerDelegate`1 next, CancellationToken cancellationToken) in /Users/alanstars1301/Documents/Claude/Projects/eGreeting/Backend/src/EGreetings.Application/Behaviors/LoggingBehavior.cs:line 68
   at EGreetings.API.Controllers.AuthController.Login(LoginCommand command, CancellationToken ct) in /Users/alanstars1301/Documents/Claude/Projects/eGreeting/Backend/src/EGreetings.API/Controllers/AuthController.cs:line 43
   at Microsoft.AspNetCore.Mvc.Infrastructure.ActionMethodExecutor.TaskOfIActionResultExecutor.Execute(ActionContext actionContext, IActionResultTypeMapper mapper, ObjectMethodExecutor executor, Object controller, Object[] arguments)
   at Microsoft.AspNetCore.Mvc.Infrastructure.ControllerActionInvoker.<InvokeActionMethodAsync>g__Awaited|12_0(ControllerActionInvoker invoker, ValueTask`1 actionResultValueTask)
   at Microsoft.AspNetCore.Mvc.Infrastructure.ControllerActionInvoker.<InvokeNextActionFilterAsync>g__Awaited|10_0(ControllerActionInvoker invoker, Task lastTask, State next, Scope scope, Object state, Boolean isCompleted)
   at Microsoft.AspNetCore.Mvc.Infrastructure.ControllerActionInvoker.Rethrow(ActionExecutedContextSealed context)
   at Microsoft.AspNetCore.Mvc.Infrastructure.ControllerActionInvoker.Next(State& next, Scope& scope, Object& state, Boolean& isCompleted)
   at Microsoft.AspNetCore.Mvc.Infrastructure.ControllerActionInvoker.<InvokeInnerFilterAsync>g__Awaited|13_0(ControllerActionInvoker invoker, Task lastTask, State next, Scope scope, Object state, Boolean isCompleted)
   at Microsoft.AspNetCore.Mvc.Infrastructure.ResourceInvoker.<InvokeFilterPipelineAsync>g__Awaited|20_0(ResourceInvoker invoker, Task lastTask, State next, Scope scope, Object state, Boolean isCompleted)
   at Microsoft.AspNetCore.Mvc.Infrastructure.ResourceInvoker.<InvokeAsync>g__Awaited|17_0(ResourceInvoker invoker, Task task, IDisposable scope)
   at Microsoft.AspNetCore.Mvc.Infrastructure.ResourceInvoker.<InvokeAsync>g__Awaited|17_0(ResourceInvoker invoker, Task task, IDisposable scope)
   at Microsoft.AspNetCore.Authorization.AuthorizationMiddleware.Invoke(HttpContext context)
   at Microsoft.AspNetCore.Authentication.AuthenticationMiddleware.Invoke(HttpContext context)
   at Serilog.AspNetCore.RequestLoggingMiddleware.Invoke(HttpContext httpContext)
   at EGreetings.API.Middlewares.SecurityHeadersMiddleware.InvokeAsync(HttpContext context) in /Users/alanstars1301/Documents/Claude/Projects/eGreeting/Backend/src/EGreetings.API/Middlewares/ApiMiddlewares.cs:line 121
   at EGreetings.API.Middlewares.GlobalExceptionMiddleware.InvokeAsync(HttpContext context) in /Users/alanstars1301/Documents/Claude/Projects/eGreeting/Backend/src/EGreetings.API/Middlewares/ApiMiddlewares.cs:line 36
2026-05-06 00:56:57.722 +07:00 [INF] [CQRS] Handling RegisterUserCommand
2026-05-06 00:56:57.731 +07:00 [INF] Executed DbCommand (3ms) [Parameters=[@__ToLower_0='?' (Size = 256) (DbType = AnsiString)], CommandType='"Text"', CommandTimeout='30']
SELECT CASE
    WHEN EXISTS (
        SELECT 1
        FROM [Users] AS [u]
        WHERE [u].[IsDeleted] = CAST(0 AS bit) AND [u].[Email] = @__ToLower_0 AND [u].[IsDeleted] = CAST(0 AS bit)) THEN CAST(1 AS bit)
    ELSE CAST(0 AS bit)
END
2026-05-06 00:56:58.142 +07:00 [INF] Executed DbCommand (9ms) [Parameters=[@p0='?' (DbType = Guid), @p1='?' (DbType = DateTime2), @p2='?' (DbType = DateTime2), @p3='?' (Size = 256) (DbType = AnsiString), @p4='?' (Size = 64), @p5='?' (DbType = DateTime2), @p6='?' (DbType = Int32), @p7='?' (Size = 100), @p8='?' (DbType = Boolean), @p9='?' (DbType = DateTime2), @p10='?' (Size = 4000), @p11='?' (DbType = DateTime2), @p12='?' (Size = 256), @p13='?' (Size = 64), @p14='?' (DbType = DateTime2), @p15='?' (DbType = Boolean), @p16='?' (DbType = DateTime2), @p17='?' (Size = 256), @p18='?' (Size = 20), @p19='?' (Size = 20), @p20='?' (Size = 200), @p21='?' (Size = 30), @p22='?' (DbType = DateTime2)], CommandType='"Text"', CommandTimeout='30']
SET IMPLICIT_TRANSACTIONS OFF;
SET NOCOUNT ON;
INSERT INTO [Users] ([Id], [CreatedAt], [DeletedAt], [Email], [EmailVerificationToken], [EmailVerificationTokenExpiry], [FailedLoginCount], [FullName], [IsDeleted], [LastLoginAt], [LockReason], [LockoutEndTime], [PasswordHash], [PasswordResetToken], [PasswordResetTokenExpiry], [PasswordResetTokenUsed], [RefreshTokenExpiry], [RefreshTokenHash], [Role], [SocialProvider], [SocialProviderId], [Status], [UpdatedAt])
VALUES (@p0, @p1, @p2, @p3, @p4, @p5, @p6, @p7, @p8, @p9, @p10, @p11, @p12, @p13, @p14, @p15, @p16, @p17, @p18, @p19, @p20, @p21, @p22);
2026-05-06 00:56:58.177 +07:00 [WRN] [BR-32] Failed to send activation email to danghoanganh388@gmail.com. Queued for retry.
System.Net.Sockets.SocketException (61): Connection refused
   at System.Net.Sockets.Socket.AwaitableSocketAsyncEventArgs.ThrowException(SocketError error, CancellationToken cancellationToken)
   at System.Net.Sockets.Socket.AwaitableSocketAsyncEventArgs.System.Threading.Tasks.Sources.IValueTaskSource.GetResult(Int16 token)
   at System.Threading.Tasks.ValueTask.ValueTaskSourceAsTask.<>c.<.cctor>b__4_0(Object state)
--- End of stack trace from previous location ---
   at System.Threading.Tasks.TaskToAsyncResult.End(IAsyncResult asyncResult)
   at MailKit.Net.SocketUtils.SocketConnectState.OnEndConnect(IAsyncResult ar)
--- End of stack trace from previous location ---
   at MailKit.Net.SocketUtils.ConnectAsync(String host, Int32 port, IPEndPoint localEndPoint, CancellationToken cancellationToken)
   at MailKit.Net.SocketUtils.ConnectAsync(String host, Int32 port, IPEndPoint localEndPoint, Int32 timeout, CancellationToken cancellationToken)
   at MailKit.MailService.ConnectNetworkAsync(String host, Int32 port, CancellationToken cancellationToken)
   at MailKit.Net.Smtp.SmtpClient.ConnectAsync(String host, Int32 port, SecureSocketOptions options, CancellationToken cancellationToken)
   at EGreetings.Infrastructure.Services.EmailService.SendAsync(EmailMessage message, CancellationToken cancellationToken) in /Users/alanstars1301/Documents/Claude/Projects/eGreeting/Backend/src/EGreetings.Infrastructure/Services/EmailService.cs:line 54
   at EGreetings.Application.Commands.Auth.RegisterUser.RegisterUserCommandHandler.Handle(RegisterUserCommand request, CancellationToken ct) in /Users/alanstars1301/Documents/Claude/Projects/eGreeting/Backend/src/EGreetings.Application/Commands/Auth/RegisterUser/RegisterUserCommandHandler.cs:line 93
2026-05-06 00:56:58.188 +07:00 [INF] Executed DbCommand (7ms) [Parameters=[@p0='?' (DbType = Guid), @p1='?' (DbType = Guid), @p2='?' (Size = 20), @p3='?' (Size = 2000), @p4='?' (DbType = DateTime2), @p5='?' (Size = 1000), @p6='?' (Size = 30), @p7='?' (Size = 50), @p8='?' (Size = 20), @p9='?' (DbType = DateTime2)], CommandType='"Text"', CommandTimeout='30']
SET IMPLICIT_TRANSACTIONS OFF;
SET NOCOUNT ON;
INSERT INTO [SystemLogs] ([Id], [ActorId], [ActorType], [AdditionalData], [CreatedAt], [Description], [EventType], [IpAddress], [Status], [Timestamp])
VALUES (@p0, @p1, @p2, @p3, @p4, @p5, @p6, @p7, @p8, @p9);
2026-05-06 00:56:58.188 +07:00 [INF] [CQRS] Handled RegisterUserCommand successfully
2026-05-06 00:56:58.190 +07:00 [INF] HTTP POST /api/auth/register responded 201 in 475.5585 ms
2026-05-06 00:57:03.092 +07:00 [INF] [CQRS] Handling LoginCommand
2026-05-06 00:57:03.098 +07:00 [INF] Executed DbCommand (3ms) [Parameters=[@__ToLower_0='?' (Size = 256) (DbType = AnsiString)], CommandType='"Text"', CommandTimeout='30']
SELECT TOP(1) [u].[Id], [u].[CreatedAt], [u].[DeletedAt], [u].[Email], [u].[EmailVerificationToken], [u].[EmailVerificationTokenExpiry], [u].[FailedLoginCount], [u].[FullName], [u].[IsDeleted], [u].[LastLoginAt], [u].[LockReason], [u].[LockoutEndTime], [u].[PasswordHash], [u].[PasswordResetToken], [u].[PasswordResetTokenExpiry], [u].[PasswordResetTokenUsed], [u].[RefreshTokenExpiry], [u].[RefreshTokenHash], [u].[Role], [u].[SocialProvider], [u].[SocialProviderId], [u].[Status], [u].[UpdatedAt]
FROM [Users] AS [u]
WHERE [u].[IsDeleted] = CAST(0 AS bit) AND [u].[Email] = @__ToLower_0 AND [u].[IsDeleted] = CAST(0 AS bit)
2026-05-06 00:57:03.433 +07:00 [INF] Executed DbCommand (7ms) [Parameters=[@p3='?' (DbType = Guid), @p0='?' (DbType = DateTime2), @p1='?' (DbType = DateTime2), @p2='?' (Size = 256)], CommandType='"Text"', CommandTimeout='30']
SET IMPLICIT_TRANSACTIONS OFF;
SET NOCOUNT ON;
UPDATE [Users] SET [LastLoginAt] = @p0, [RefreshTokenExpiry] = @p1, [RefreshTokenHash] = @p2
OUTPUT 1
WHERE [Id] = @p3;
2026-05-06 00:57:03.439 +07:00 [INF] Executed DbCommand (3ms) [Parameters=[@p0='?' (DbType = Guid), @p1='?' (DbType = Guid), @p2='?' (Size = 20), @p3='?' (Size = 2000), @p4='?' (DbType = DateTime2), @p5='?' (Size = 1000), @p6='?' (Size = 30), @p7='?' (Size = 50), @p8='?' (Size = 20), @p9='?' (DbType = DateTime2)], CommandType='"Text"', CommandTimeout='30']
SET IMPLICIT_TRANSACTIONS OFF;
SET NOCOUNT ON;
INSERT INTO [SystemLogs] ([Id], [ActorId], [ActorType], [AdditionalData], [CreatedAt], [Description], [EventType], [IpAddress], [Status], [Timestamp])
VALUES (@p0, @p1, @p2, @p3, @p4, @p5, @p6, @p7, @p8, @p9);
2026-05-06 00:57:03.439 +07:00 [INF] [CQRS] Handled LoginCommand successfully
2026-05-06 00:57:03.441 +07:00 [INF] HTTP POST /api/auth/login responded 200 in 351.3267 ms
2026-05-06 00:57:03.452 +07:00 [INF] [CQRS] Handling GetDraftsQuery
2026-05-06 00:57:03.456 +07:00 [INF] Executed DbCommand (4ms) [Parameters=[@__request_UserId_0='?' (DbType = Guid)], CommandType='"Text"', CommandTimeout='30']
SELECT COUNT(*)
FROM [Drafts] AS [d]
WHERE [d].[IsDeleted] = CAST(0 AS bit) AND [d].[UserId] = @__request_UserId_0 AND [d].[IsDeleted] = CAST(0 AS bit)
2026-05-06 00:57:03.457 +07:00 [INF] Executed DbCommand (5ms) [Parameters=[@__CurrentUserId_0='?' (DbType = Guid)], CommandType='"Text"', CommandTimeout='30']
SELECT [c].[Id], [c].[Name], [c].[OccasionDate], [c].[OccasionLabel]
FROM [Contacts] AS [c]
WHERE [c].[IsDeleted] = CAST(0 AS bit) AND [c].[UserId] = @__CurrentUserId_0 AND [c].[OccasionDate] IS NOT NULL
2026-05-06 00:57:03.458 +07:00 [INF] HTTP GET /api/contacts/upcoming responded 200 in 6.3722 ms
2026-05-06 00:57:03.459 +07:00 [INF] Executed DbCommand (2ms) [Parameters=[@__request_UserId_0='?' (DbType = Guid), @__p_1='?' (DbType = Int32), @__p_2='?' (DbType = Int32)], CommandType='"Text"', CommandTimeout='30']
SELECT [d0].[Id], [d0].[CardId], [g0].[Name], [g0].[ThumbnailUrl], [d0].[PersonalMessage], [d0].[LastAutoSavedAt]
FROM (
    SELECT [d].[Id], [d].[CardId], [d].[LastAutoSavedAt], [d].[PersonalMessage]
    FROM [Drafts] AS [d]
    WHERE [d].[IsDeleted] = CAST(0 AS bit) AND [d].[UserId] = @__request_UserId_0 AND [d].[IsDeleted] = CAST(0 AS bit)
    ORDER BY [d].[LastAutoSavedAt] DESC
    OFFSET @__p_1 ROWS FETCH NEXT @__p_2 ROWS ONLY
) AS [d0]
INNER JOIN (
    SELECT [g].[Id], [g].[Name], [g].[ThumbnailUrl]
    FROM [GreetingCards] AS [g]
    WHERE [g].[IsDeleted] = CAST(0 AS bit)
) AS [g0] ON [d0].[CardId] = [g0].[Id]
ORDER BY [d0].[LastAutoSavedAt] DESC
2026-05-06 00:57:03.459 +07:00 [INF] [CQRS] Handled GetDraftsQuery successfully
2026-05-06 00:57:03.459 +07:00 [INF] HTTP GET /api/me/drafts responded 200 in 7.9840 ms
2026-05-06 00:57:07.186 +07:00 [INF] [CQRS] Handling GetDraftsQuery
2026-05-06 00:57:07.189 +07:00 [INF] Executed DbCommand (2ms) [Parameters=[@__CurrentUserId_0='?' (DbType = Guid)], CommandType='"Text"', CommandTimeout='30']
SELECT [c].[Id], [c].[Name], [c].[OccasionDate], [c].[OccasionLabel]
FROM [Contacts] AS [c]
WHERE [c].[IsDeleted] = CAST(0 AS bit) AND [c].[UserId] = @__CurrentUserId_0 AND [c].[OccasionDate] IS NOT NULL
2026-05-06 00:57:07.190 +07:00 [INF] HTTP GET /api/contacts/upcoming responded 200 in 4.7146 ms
2026-05-06 00:57:07.192 +07:00 [INF] Executed DbCommand (5ms) [Parameters=[@__request_UserId_0='?' (DbType = Guid)], CommandType='"Text"', CommandTimeout='30']
SELECT COUNT(*)
FROM [Drafts] AS [d]
WHERE [d].[IsDeleted] = CAST(0 AS bit) AND [d].[UserId] = @__request_UserId_0 AND [d].[IsDeleted] = CAST(0 AS bit)
2026-05-06 00:57:07.196 +07:00 [INF] Executed DbCommand (3ms) [Parameters=[@__request_UserId_0='?' (DbType = Guid), @__p_1='?' (DbType = Int32), @__p_2='?' (DbType = Int32)], CommandType='"Text"', CommandTimeout='30']
SELECT [d0].[Id], [d0].[CardId], [g0].[Name], [g0].[ThumbnailUrl], [d0].[PersonalMessage], [d0].[LastAutoSavedAt]
FROM (
    SELECT [d].[Id], [d].[CardId], [d].[LastAutoSavedAt], [d].[PersonalMessage]
    FROM [Drafts] AS [d]
    WHERE [d].[IsDeleted] = CAST(0 AS bit) AND [d].[UserId] = @__request_UserId_0 AND [d].[IsDeleted] = CAST(0 AS bit)
    ORDER BY [d].[LastAutoSavedAt] DESC
    OFFSET @__p_1 ROWS FETCH NEXT @__p_2 ROWS ONLY
) AS [d0]
INNER JOIN (
    SELECT [g].[Id], [g].[Name], [g].[ThumbnailUrl]
    FROM [GreetingCards] AS [g]
    WHERE [g].[IsDeleted] = CAST(0 AS bit)
) AS [g0] ON [d0].[CardId] = [g0].[Id]
ORDER BY [d0].[LastAutoSavedAt] DESC
2026-05-06 00:57:07.196 +07:00 [INF] [CQRS] Handled GetDraftsQuery successfully
2026-05-06 00:57:07.196 +07:00 [INF] HTTP GET /api/me/drafts responded 200 in 10.7966 ms
2026-05-06 00:57:08.048 +07:00 [INF] [CQRS] Handling GetCardsQuery
2026-05-06 00:57:08.051 +07:00 [INF] [CQRS] Handling GetCurrentSubscriptionQuery
2026-05-06 00:57:08.056 +07:00 [INF] Executed DbCommand (5ms) [Parameters=[], CommandType='"Text"', CommandTimeout='30']
SELECT COUNT(*)
FROM [GreetingCards] AS [g]
INNER JOIN (
    SELECT [c].[Id], [c].[IsDeleted], [c].[Status]
    FROM [Categories] AS [c]
    WHERE [c].[IsDeleted] = CAST(0 AS bit)
) AS [c0] ON [g].[CategoryId] = [c0].[Id]
WHERE [g].[IsDeleted] = CAST(0 AS bit) AND [g].[Status] = N'Active' AND [g].[IsDeleted] = CAST(0 AS bit) AND [c0].[Status] = N'Active' AND [c0].[IsDeleted] = CAST(0 AS bit)
2026-05-06 00:57:08.057 +07:00 [INF] Executed DbCommand (5ms) [Parameters=[@__request_UserId_0='?' (DbType = Guid)], CommandType='"Text"', CommandTimeout='30']
SELECT TOP(1) [s].[Id], [s].[CreatedAt], [s].[DisabledReason], [s].[ExpiryDate], [s].[PaymentMethod], [s].[StartDate], [s].[Status], [s].[UpdatedAt], [s].[UserId]
FROM [Subscriptions] AS [s]
WHERE [s].[UserId] = @__request_UserId_0
ORDER BY CASE
    WHEN [s].[Status] = N'Active' THEN 4
    WHEN [s].[Status] = N'Pending' THEN 3
    WHEN [s].[Status] = N'Expired' THEN 2
    ELSE 1
END DESC, [s].[CreatedAt] DESC
2026-05-06 00:57:08.057 +07:00 [INF] [CQRS] Handled GetCurrentSubscriptionQuery successfully
2026-05-06 00:57:08.058 +07:00 [INF] HTTP GET /api/subscriptions/current responded 200 in 6.9240 ms
2026-05-06 00:57:08.060 +07:00 [INF] Executed DbCommand (3ms) [Parameters=[@__p_0='?' (DbType = Int32), @__p_1='?' (DbType = Int32)], CommandType='"Text"', CommandTimeout='30']
SELECT [g].[Id], [g].[Name], [g].[Slug], [g].[ThumbnailUrl], [g].[Description], [g].[IsFeatured], [g].[IsPremium], [c0].[Name], [c0].[Slug], CAST([g].[Status] AS nvarchar(max))
FROM [GreetingCards] AS [g]
INNER JOIN (
    SELECT [c].[Id], [c].[IsDeleted], [c].[Name], [c].[Slug], [c].[Status]
    FROM [Categories] AS [c]
    WHERE [c].[IsDeleted] = CAST(0 AS bit)
) AS [c0] ON [g].[CategoryId] = [c0].[Id]
WHERE [g].[IsDeleted] = CAST(0 AS bit) AND [g].[Status] = N'Active' AND [g].[IsDeleted] = CAST(0 AS bit) AND [c0].[Status] = N'Active' AND [c0].[IsDeleted] = CAST(0 AS bit)
ORDER BY [g].[CreatedAt] DESC
OFFSET @__p_0 ROWS FETCH NEXT @__p_1 ROWS ONLY
2026-05-06 00:57:08.061 +07:00 [INF] [CQRS] Handled GetCardsQuery successfully
2026-05-06 00:57:08.061 +07:00 [INF] HTTP GET /api/cards responded 200 in 13.5189 ms
2026-05-06 00:57:09.877 +07:00 [INF] Executed DbCommand (5ms) [Parameters=[@__CurrentUserId_0='?' (DbType = Guid)], CommandType='"Text"', CommandTimeout='30']
SELECT [c].[Id], [c].[Name], [c].[Email], CAST([c].[Group] AS nvarchar(max)) AS [Group], [c].[OccasionDate], [c].[OccasionLabel]
FROM [Contacts] AS [c]
WHERE [c].[IsDeleted] = CAST(0 AS bit) AND [c].[UserId] = @__CurrentUserId_0
ORDER BY [c].[Name]
2026-05-06 00:57:09.878 +07:00 [INF] HTTP GET /api/contacts responded 200 in 7.4047 ms
2026-05-06 00:57:15.103 +07:00 [INF] [CQRS] Handling SendGreetingCardCommand
2026-05-06 00:57:15.107 +07:00 [INF] Executed DbCommand (3ms) [Parameters=[@__request_SenderId_0='?' (DbType = Guid)], CommandType='"Text"', CommandTimeout='30']
SELECT CASE
    WHEN EXISTS (
        SELECT 1
        FROM [Subscriptions] AS [s]
        WHERE [s].[UserId] = @__request_SenderId_0 AND [s].[Status] = N'Active') THEN CAST(1 AS bit)
    ELSE CAST(0 AS bit)
END
2026-05-06 00:57:15.116 +07:00 [INF] Executed DbCommand (8ms) [Parameters=[@__8__locals1_request_SenderId_0='?' (DbType = Guid), @__today_1='?' (DbType = DateTime2), @__AddDays_2='?' (DbType = DateTime2)], CommandType='"Text"', CommandTimeout='30']
SELECT COUNT(*)
FROM [GreetingTransactions] AS [g]
WHERE [g].[SenderId] = @__8__locals1_request_SenderId_0 AND [g].[SubscriptionId] IS NULL AND [g].[CreatedAt] >= @__today_1 AND [g].[CreatedAt] < @__AddDays_2
2026-05-06 00:57:15.118 +07:00 [INF] Executed DbCommand (2ms) [Parameters=[@__request_CardId_0='?' (DbType = Guid)], CommandType='"Text"', CommandTimeout='30']
SELECT TOP(1) [g].[Id], [g].[CategoryId], [g].[CreatedAt], [g].[CustomJsonContent], [g].[DeletedAt], [g].[Description], [g].[FileUrl], [g].[IsDeleted], [g].[IsFeatured], [g].[IsPremium], [g].[Name], [g].[Slug], [g].[Status], [g].[Tags], [g].[ThumbnailUrl], [g].[UpdatedAt]
FROM [GreetingCards] AS [g]
WHERE [g].[IsDeleted] = CAST(0 AS bit) AND [g].[Id] = @__request_CardId_0 AND [g].[Status] = N'Active' AND [g].[IsDeleted] = CAST(0 AS bit)
2026-05-06 00:57:15.127 +07:00 [INF] Executed DbCommand (7ms) [Parameters=[@p0='?' (DbType = Guid), @p1='?' (DbType = Guid), @p2='?' (DbType = DateTime2), @p3='?' (Size = 500), @p4='?' (Size = 256) (DbType = AnsiString), @p5='?' (DbType = Int32), @p6='?' (DbType = DateTime2), @p7='?' (DbType = Guid), @p8='?' (DbType = DateTime2), @p9='?' (Size = 20), @p10='?' (Size = 300), @p11='?' (DbType = Guid)], CommandType='"Text"', CommandTimeout='30']
SET IMPLICIT_TRANSACTIONS OFF;
SET NOCOUNT ON;
INSERT INTO [GreetingTransactions] ([Id], [CardId], [CreatedAt], [PersonalMessage], [RecipientEmail], [RetryCount], [ScheduledSendAt], [SenderId], [SentAt], [Status], [Subject], [SubscriptionId])
VALUES (@p0, @p1, @p2, @p3, @p4, @p5, @p6, @p7, @p8, @p9, @p10, @p11);
2026-05-06 00:57:15.169 +07:00 [INF] Executed DbCommand (16ms) [Parameters=[@p0='?' (DbType = Guid), @p1='?' (DbType = DateTime2), @p2='?' (DbType = Guid), @p3='?' (Size = 2000), @p4='?' (DbType = DateTime2), @p5='?' (DbType = Int32), @p6='?' (Size = 20), @p7='?' (DbType = DateTime2), @p9='?' (DbType = Guid), @p8='?' (Size = 20)], CommandType='"Text"', CommandTimeout='30']
SET NOCOUNT ON;
INSERT INTO [EmailRetryQueues] ([Id], [CreatedAt], [GreetingTransactionId], [LastError], [NextRetryAt], [RetryCount], [Status], [UpdatedAt])
VALUES (@p0, @p1, @p2, @p3, @p4, @p5, @p6, @p7);
UPDATE [GreetingTransactions] SET [Status] = @p8
OUTPUT 1
WHERE [Id] = @p9;
2026-05-06 00:57:15.178 +07:00 [INF] Executed DbCommand (3ms) [Parameters=[@p0='?' (DbType = Guid), @p1='?' (DbType = Guid), @p2='?' (Size = 20), @p3='?' (Size = 2000), @p4='?' (DbType = DateTime2), @p5='?' (Size = 1000), @p6='?' (Size = 30), @p7='?' (Size = 50), @p8='?' (Size = 20), @p9='?' (DbType = DateTime2)], CommandType='"Text"', CommandTimeout='30']
SET IMPLICIT_TRANSACTIONS OFF;
SET NOCOUNT ON;
INSERT INTO [SystemLogs] ([Id], [ActorId], [ActorType], [AdditionalData], [CreatedAt], [Description], [EventType], [IpAddress], [Status], [Timestamp])
VALUES (@p0, @p1, @p2, @p3, @p4, @p5, @p6, @p7, @p8, @p9);
2026-05-06 00:57:15.179 +07:00 [INF] [CQRS] Handled SendGreetingCardCommand successfully
2026-05-06 00:57:15.180 +07:00 [INF] HTTP POST /api/greetings responded 200 in 77.2932 ms
2026-05-06 00:57:15.215 +07:00 [INF] [CQRS] Handling GetGreetingHistoryQuery
2026-05-06 00:57:15.295 +07:00 [INF] Executed DbCommand (75ms) [Parameters=[@__request_UserId_0='?' (DbType = Guid), @__status_1='?' (Size = 20)], CommandType='"Text"', CommandTimeout='30']
SELECT COUNT(*)
FROM [GreetingTransactions] AS [g]
WHERE [g].[SenderId] = @__request_UserId_0 AND [g].[Status] = @__status_1
2026-05-06 00:57:15.309 +07:00 [INF] Executed DbCommand (9ms) [Parameters=[@__request_UserId_0='?' (DbType = Guid), @__status_1='?' (Size = 20), @__p_2='?' (DbType = Int32), @__p_3='?' (DbType = Int32)], CommandType='"Text"', CommandTimeout='30']
SELECT [g1].[Id], [g2].[Name], [g2].[ThumbnailUrl], [g1].[RecipientEmail], [g1].[SentAt], CAST([g1].[Status] AS nvarchar(max))
FROM (
    SELECT [g].[Id], [g].[CardId], [g].[CreatedAt], [g].[RecipientEmail], [g].[SentAt], [g].[Status]
    FROM [GreetingTransactions] AS [g]
    WHERE [g].[SenderId] = @__request_UserId_0 AND [g].[Status] = @__status_1
    ORDER BY [g].[CreatedAt] DESC
    OFFSET @__p_2 ROWS FETCH NEXT @__p_3 ROWS ONLY
) AS [g1]
INNER JOIN (
    SELECT [g0].[Id], [g0].[Name], [g0].[ThumbnailUrl]
    FROM [GreetingCards] AS [g0]
    WHERE [g0].[IsDeleted] = CAST(0 AS bit)
) AS [g2] ON [g1].[CardId] = [g2].[Id]
ORDER BY [g1].[CreatedAt] DESC
2026-05-06 00:57:15.309 +07:00 [INF] [CQRS] Handled GetGreetingHistoryQuery successfully
2026-05-06 00:57:15.312 +07:00 [INF] HTTP GET /api/me/greeting-history responded 200 in 103.3446 ms
2026-05-06 00:57:18.659 +07:00 [INF] [CQRS] Handling GetGreetingHistoryQuery
2026-05-06 00:57:18.665 +07:00 [INF] Executed DbCommand (5ms) [Parameters=[@__request_UserId_0='?' (DbType = Guid), @__status_1='?' (Size = 20)], CommandType='"Text"', CommandTimeout='30']
SELECT COUNT(*)
FROM [GreetingTransactions] AS [g]
WHERE [g].[SenderId] = @__request_UserId_0 AND [g].[Status] = @__status_1
2026-05-06 00:57:18.672 +07:00 [INF] Executed DbCommand (5ms) [Parameters=[@__request_UserId_0='?' (DbType = Guid), @__status_1='?' (Size = 20), @__p_2='?' (DbType = Int32), @__p_3='?' (DbType = Int32)], CommandType='"Text"', CommandTimeout='30']
SELECT [g1].[Id], [g2].[Name], [g2].[ThumbnailUrl], [g1].[RecipientEmail], [g1].[SentAt], CAST([g1].[Status] AS nvarchar(max))
FROM (
    SELECT [g].[Id], [g].[CardId], [g].[CreatedAt], [g].[RecipientEmail], [g].[SentAt], [g].[Status]
    FROM [GreetingTransactions] AS [g]
    WHERE [g].[SenderId] = @__request_UserId_0 AND [g].[Status] = @__status_1
    ORDER BY [g].[CreatedAt] DESC
    OFFSET @__p_2 ROWS FETCH NEXT @__p_3 ROWS ONLY
) AS [g1]
INNER JOIN (
    SELECT [g0].[Id], [g0].[Name], [g0].[ThumbnailUrl]
    FROM [GreetingCards] AS [g0]
    WHERE [g0].[IsDeleted] = CAST(0 AS bit)
) AS [g2] ON [g1].[CardId] = [g2].[Id]
ORDER BY [g1].[CreatedAt] DESC
2026-05-06 00:57:18.672 +07:00 [INF] [CQRS] Handled GetGreetingHistoryQuery successfully
2026-05-06 00:57:18.673 +07:00 [INF] HTTP GET /api/me/greeting-history responded 200 in 14.5013 ms
2026-05-06 00:57:20.641 +07:00 [INF] [CQRS] Handling GetCategoriesQuery
2026-05-06 00:57:20.641 +07:00 [INF] [CQRS] Handling GetCardsQuery
2026-05-06 00:57:20.655 +07:00 [INF] Executed DbCommand (10ms) [Parameters=[], CommandType='"Text"', CommandTimeout='30']
SELECT COUNT(*)
FROM [GreetingCards] AS [g]
INNER JOIN (
    SELECT [c].[Id], [c].[IsDeleted], [c].[Status]
    FROM [Categories] AS [c]
    WHERE [c].[IsDeleted] = CAST(0 AS bit)
) AS [c0] ON [g].[CategoryId] = [c0].[Id]
WHERE [g].[IsDeleted] = CAST(0 AS bit) AND [g].[Status] = N'Active' AND [g].[IsDeleted] = CAST(0 AS bit) AND [c0].[Status] = N'Active' AND [c0].[IsDeleted] = CAST(0 AS bit)
2026-05-06 00:57:20.657 +07:00 [INF] Executed DbCommand (12ms) [Parameters=[], CommandType='"Text"', CommandTimeout='30']
SELECT [c].[Id], [c].[Name], [c].[Slug], [c].[Description], [c].[IconUrl], [c].[Color], (
    SELECT COUNT(*)
    FROM [GreetingCards] AS [g]
    WHERE [g].[IsDeleted] = CAST(0 AS bit) AND [c].[Id] = [g].[CategoryId] AND [g].[Status] = N'Active' AND [g].[IsDeleted] = CAST(0 AS bit))
FROM [Categories] AS [c]
WHERE [c].[IsDeleted] = CAST(0 AS bit) AND [c].[Status] = N'Active' AND [c].[IsDeleted] = CAST(0 AS bit)
ORDER BY [c].[DisplayOrder]
2026-05-06 00:57:20.657 +07:00 [INF] [CQRS] Handled GetCategoriesQuery successfully
2026-05-06 00:57:20.659 +07:00 [INF] HTTP GET /api/categories responded 200 in 19.1783 ms
2026-05-06 00:57:20.662 +07:00 [INF] Executed DbCommand (6ms) [Parameters=[@__p_0='?' (DbType = Int32), @__p_1='?' (DbType = Int32)], CommandType='"Text"', CommandTimeout='30']
SELECT [g].[Id], [g].[Name], [g].[Slug], [g].[ThumbnailUrl], [g].[Description], [g].[IsFeatured], [g].[IsPremium], [c0].[Name], [c0].[Slug], CAST([g].[Status] AS nvarchar(max))
FROM [GreetingCards] AS [g]
INNER JOIN (
    SELECT [c].[Id], [c].[IsDeleted], [c].[Name], [c].[Slug], [c].[Status]
    FROM [Categories] AS [c]
    WHERE [c].[IsDeleted] = CAST(0 AS bit)
) AS [c0] ON [g].[CategoryId] = [c0].[Id]
WHERE [g].[IsDeleted] = CAST(0 AS bit) AND [g].[Status] = N'Active' AND [g].[IsDeleted] = CAST(0 AS bit) AND [c0].[Status] = N'Active' AND [c0].[IsDeleted] = CAST(0 AS bit)
ORDER BY [g].[CreatedAt] DESC
OFFSET @__p_0 ROWS FETCH NEXT @__p_1 ROWS ONLY
2026-05-06 00:57:20.663 +07:00 [INF] [CQRS] Handled GetCardsQuery successfully
2026-05-06 00:57:20.663 +07:00 [INF] HTTP GET /api/cards responded 200 in 23.3583 ms
2026-05-06 00:57:21.494 +07:00 [INF] [CQRS] Handling GetGreetingHistoryQuery
2026-05-06 00:57:21.498 +07:00 [INF] Executed DbCommand (4ms) [Parameters=[@__request_UserId_0='?' (DbType = Guid), @__status_1='?' (Size = 20)], CommandType='"Text"', CommandTimeout='30']
SELECT COUNT(*)
FROM [GreetingTransactions] AS [g]
WHERE [g].[SenderId] = @__request_UserId_0 AND [g].[Status] = @__status_1
2026-05-06 00:57:21.503 +07:00 [INF] Executed DbCommand (4ms) [Parameters=[@__request_UserId_0='?' (DbType = Guid), @__status_1='?' (Size = 20), @__p_2='?' (DbType = Int32), @__p_3='?' (DbType = Int32)], CommandType='"Text"', CommandTimeout='30']
SELECT [g1].[Id], [g2].[Name], [g2].[ThumbnailUrl], [g1].[RecipientEmail], [g1].[SentAt], CAST([g1].[Status] AS nvarchar(max))
FROM (
    SELECT [g].[Id], [g].[CardId], [g].[CreatedAt], [g].[RecipientEmail], [g].[SentAt], [g].[Status]
    FROM [GreetingTransactions] AS [g]
    WHERE [g].[SenderId] = @__request_UserId_0 AND [g].[Status] = @__status_1
    ORDER BY [g].[CreatedAt] DESC
    OFFSET @__p_2 ROWS FETCH NEXT @__p_3 ROWS ONLY
) AS [g1]
INNER JOIN (
    SELECT [g0].[Id], [g0].[Name], [g0].[ThumbnailUrl]
    FROM [GreetingCards] AS [g0]
    WHERE [g0].[IsDeleted] = CAST(0 AS bit)
) AS [g2] ON [g1].[CardId] = [g2].[Id]
ORDER BY [g1].[CreatedAt] DESC
2026-05-06 00:57:21.503 +07:00 [INF] [CQRS] Handled GetGreetingHistoryQuery successfully
2026-05-06 00:57:21.503 +07:00 [INF] HTTP GET /api/me/greeting-history responded 200 in 10.6683 ms
2026-05-06 00:57:24.449 +07:00 [INF] [CQRS] Handling GetCardsQuery
2026-05-06 00:57:24.451 +07:00 [INF] [CQRS] Handling GetCurrentSubscriptionQuery
2026-05-06 00:57:24.455 +07:00 [INF] Executed DbCommand (5ms) [Parameters=[], CommandType='"Text"', CommandTimeout='30']
SELECT COUNT(*)
FROM [GreetingCards] AS [g]
INNER JOIN (
    SELECT [c].[Id], [c].[IsDeleted], [c].[Status]
    FROM [Categories] AS [c]
    WHERE [c].[IsDeleted] = CAST(0 AS bit)
) AS [c0] ON [g].[CategoryId] = [c0].[Id]
WHERE [g].[IsDeleted] = CAST(0 AS bit) AND [g].[Status] = N'Active' AND [g].[IsDeleted] = CAST(0 AS bit) AND [c0].[Status] = N'Active' AND [c0].[IsDeleted] = CAST(0 AS bit)
2026-05-06 00:57:24.456 +07:00 [INF] Executed DbCommand (4ms) [Parameters=[@__request_UserId_0='?' (DbType = Guid)], CommandType='"Text"', CommandTimeout='30']
SELECT TOP(1) [s].[Id], [s].[CreatedAt], [s].[DisabledReason], [s].[ExpiryDate], [s].[PaymentMethod], [s].[StartDate], [s].[Status], [s].[UpdatedAt], [s].[UserId]
FROM [Subscriptions] AS [s]
WHERE [s].[UserId] = @__request_UserId_0
ORDER BY CASE
    WHEN [s].[Status] = N'Active' THEN 4
    WHEN [s].[Status] = N'Pending' THEN 3
    WHEN [s].[Status] = N'Expired' THEN 2
    ELSE 1
END DESC, [s].[CreatedAt] DESC
2026-05-06 00:57:24.456 +07:00 [INF] [CQRS] Handled GetCurrentSubscriptionQuery successfully
2026-05-06 00:57:24.456 +07:00 [INF] HTTP GET /api/subscriptions/current responded 200 in 4.8400 ms
2026-05-06 00:57:24.458 +07:00 [INF] Executed DbCommand (3ms) [Parameters=[@__p_0='?' (DbType = Int32), @__p_1='?' (DbType = Int32)], CommandType='"Text"', CommandTimeout='30']
SELECT [g].[Id], [g].[Name], [g].[Slug], [g].[ThumbnailUrl], [g].[Description], [g].[IsFeatured], [g].[IsPremium], [c0].[Name], [c0].[Slug], CAST([g].[Status] AS nvarchar(max))
FROM [GreetingCards] AS [g]
INNER JOIN (
    SELECT [c].[Id], [c].[IsDeleted], [c].[Name], [c].[Slug], [c].[Status]
    FROM [Categories] AS [c]
    WHERE [c].[IsDeleted] = CAST(0 AS bit)
) AS [c0] ON [g].[CategoryId] = [c0].[Id]
WHERE [g].[IsDeleted] = CAST(0 AS bit) AND [g].[Status] = N'Active' AND [g].[IsDeleted] = CAST(0 AS bit) AND [c0].[Status] = N'Active' AND [c0].[IsDeleted] = CAST(0 AS bit)
ORDER BY [g].[CreatedAt] DESC
OFFSET @__p_0 ROWS FETCH NEXT @__p_1 ROWS ONLY
2026-05-06 00:57:24.458 +07:00 [INF] [CQRS] Handled GetCardsQuery successfully
2026-05-06 00:57:24.458 +07:00 [INF] HTTP GET /api/cards responded 200 in 9.2305 ms
2026-05-06 00:57:35.081 +07:00 [INF] [CQRS] Handling GetDraftsQuery
2026-05-06 00:57:35.090 +07:00 [INF] Executed DbCommand (9ms) [Parameters=[@__request_UserId_0='?' (DbType = Guid)], CommandType='"Text"', CommandTimeout='30']
SELECT COUNT(*)
FROM [Drafts] AS [d]
WHERE [d].[IsDeleted] = CAST(0 AS bit) AND [d].[UserId] = @__request_UserId_0 AND [d].[IsDeleted] = CAST(0 AS bit)
2026-05-06 00:57:35.094 +07:00 [INF] Executed DbCommand (10ms) [Parameters=[@__CurrentUserId_0='?' (DbType = Guid)], CommandType='"Text"', CommandTimeout='30']
SELECT [c].[Id], [c].[Name], [c].[OccasionDate], [c].[OccasionLabel]
FROM [Contacts] AS [c]
WHERE [c].[IsDeleted] = CAST(0 AS bit) AND [c].[UserId] = @__CurrentUserId_0 AND [c].[OccasionDate] IS NOT NULL
2026-05-06 00:57:35.097 +07:00 [INF] HTTP GET /api/contacts/upcoming responded 200 in 16.3805 ms
2026-05-06 00:57:35.099 +07:00 [INF] Executed DbCommand (7ms) [Parameters=[@__request_UserId_0='?' (DbType = Guid), @__p_1='?' (DbType = Int32), @__p_2='?' (DbType = Int32)], CommandType='"Text"', CommandTimeout='30']
SELECT [d0].[Id], [d0].[CardId], [g0].[Name], [g0].[ThumbnailUrl], [d0].[PersonalMessage], [d0].[LastAutoSavedAt]
FROM (
    SELECT [d].[Id], [d].[CardId], [d].[LastAutoSavedAt], [d].[PersonalMessage]
    FROM [Drafts] AS [d]
    WHERE [d].[IsDeleted] = CAST(0 AS bit) AND [d].[UserId] = @__request_UserId_0 AND [d].[IsDeleted] = CAST(0 AS bit)
    ORDER BY [d].[LastAutoSavedAt] DESC
    OFFSET @__p_1 ROWS FETCH NEXT @__p_2 ROWS ONLY
) AS [d0]
INNER JOIN (
    SELECT [g].[Id], [g].[Name], [g].[ThumbnailUrl]
    FROM [GreetingCards] AS [g]
    WHERE [g].[IsDeleted] = CAST(0 AS bit)
) AS [g0] ON [d0].[CardId] = [g0].[Id]
ORDER BY [d0].[LastAutoSavedAt] DESC
2026-05-06 00:57:35.100 +07:00 [INF] [CQRS] Handled GetDraftsQuery successfully
2026-05-06 00:57:35.101 +07:00 [INF] HTTP GET /api/me/drafts responded 200 in 21.1291 ms
2026-05-06 00:57:49.069 +07:00 [INF] [CQRS] Handling GetCardsQuery
2026-05-06 00:57:49.078 +07:00 [INF] [CQRS] Handling GetCategoriesQuery
2026-05-06 00:57:49.122 +07:00 [INF] Executed DbCommand (18ms) [Parameters=[], CommandType='"Text"', CommandTimeout='30']
SELECT COUNT(*)
FROM [GreetingCards] AS [g]
INNER JOIN (
    SELECT [c].[Id], [c].[IsDeleted], [c].[Status]
    FROM [Categories] AS [c]
    WHERE [c].[IsDeleted] = CAST(0 AS bit)
) AS [c0] ON [g].[CategoryId] = [c0].[Id]
WHERE [g].[IsDeleted] = CAST(0 AS bit) AND [g].[Status] = N'Active' AND [g].[IsDeleted] = CAST(0 AS bit) AND [c0].[Status] = N'Active' AND [c0].[IsDeleted] = CAST(0 AS bit)
2026-05-06 00:57:49.125 +07:00 [INF] Executed DbCommand (21ms) [Parameters=[], CommandType='"Text"', CommandTimeout='30']
SELECT [c].[Id], [c].[Name], [c].[Slug], [c].[Description], [c].[IconUrl], [c].[Color], (
    SELECT COUNT(*)
    FROM [GreetingCards] AS [g]
    WHERE [g].[IsDeleted] = CAST(0 AS bit) AND [c].[Id] = [g].[CategoryId] AND [g].[Status] = N'Active' AND [g].[IsDeleted] = CAST(0 AS bit))
FROM [Categories] AS [c]
WHERE [c].[IsDeleted] = CAST(0 AS bit) AND [c].[Status] = N'Active' AND [c].[IsDeleted] = CAST(0 AS bit)
ORDER BY [c].[DisplayOrder]
2026-05-06 00:57:49.126 +07:00 [INF] [CQRS] Handled GetCategoriesQuery successfully
2026-05-06 00:57:49.128 +07:00 [INF] HTTP GET /api/categories responded 200 in 61.2435 ms
2026-05-06 00:57:49.143 +07:00 [INF] Executed DbCommand (11ms) [Parameters=[@__p_0='?' (DbType = Int32), @__p_1='?' (DbType = Int32)], CommandType='"Text"', CommandTimeout='30']
SELECT [g].[Id], [g].[Name], [g].[Slug], [g].[ThumbnailUrl], [g].[Description], [g].[IsFeatured], [g].[IsPremium], [c0].[Name], [c0].[Slug], CAST([g].[Status] AS nvarchar(max))
FROM [GreetingCards] AS [g]
INNER JOIN (
    SELECT [c].[Id], [c].[IsDeleted], [c].[Name], [c].[Slug], [c].[Status]
    FROM [Categories] AS [c]
    WHERE [c].[IsDeleted] = CAST(0 AS bit)
) AS [c0] ON [g].[CategoryId] = [c0].[Id]
WHERE [g].[IsDeleted] = CAST(0 AS bit) AND [g].[Status] = N'Active' AND [g].[IsDeleted] = CAST(0 AS bit) AND [c0].[Status] = N'Active' AND [c0].[IsDeleted] = CAST(0 AS bit)
ORDER BY [g].[CreatedAt] DESC
OFFSET @__p_0 ROWS FETCH NEXT @__p_1 ROWS ONLY
2026-05-06 00:57:49.143 +07:00 [INF] [CQRS] Handled GetCardsQuery successfully
2026-05-06 00:57:49.143 +07:00 [INF] HTTP GET /api/cards responded 200 in 77.1466 ms
2026-05-06 00:57:49.908 +07:00 [INF] [CQRS] Handling GetDraftsQuery
2026-05-06 00:57:49.919 +07:00 [INF] Executed DbCommand (10ms) [Parameters=[@__request_UserId_0='?' (DbType = Guid)], CommandType='"Text"', CommandTimeout='30']
SELECT COUNT(*)
FROM [Drafts] AS [d]
WHERE [d].[IsDeleted] = CAST(0 AS bit) AND [d].[UserId] = @__request_UserId_0 AND [d].[IsDeleted] = CAST(0 AS bit)
2026-05-06 00:57:49.919 +07:00 [INF] Executed DbCommand (10ms) [Parameters=[@__CurrentUserId_0='?' (DbType = Guid)], CommandType='"Text"', CommandTimeout='30']
SELECT [c].[Id], [c].[Name], [c].[OccasionDate], [c].[OccasionLabel]
FROM [Contacts] AS [c]
WHERE [c].[IsDeleted] = CAST(0 AS bit) AND [c].[UserId] = @__CurrentUserId_0 AND [c].[OccasionDate] IS NOT NULL
2026-05-06 00:57:49.919 +07:00 [INF] HTTP GET /api/contacts/upcoming responded 200 in 12.6739 ms
2026-05-06 00:57:49.925 +07:00 [INF] Executed DbCommand (5ms) [Parameters=[@__request_UserId_0='?' (DbType = Guid), @__p_1='?' (DbType = Int32), @__p_2='?' (DbType = Int32)], CommandType='"Text"', CommandTimeout='30']
SELECT [d0].[Id], [d0].[CardId], [g0].[Name], [g0].[ThumbnailUrl], [d0].[PersonalMessage], [d0].[LastAutoSavedAt]
FROM (
    SELECT [d].[Id], [d].[CardId], [d].[LastAutoSavedAt], [d].[PersonalMessage]
    FROM [Drafts] AS [d]
    WHERE [d].[IsDeleted] = CAST(0 AS bit) AND [d].[UserId] = @__request_UserId_0 AND [d].[IsDeleted] = CAST(0 AS bit)
    ORDER BY [d].[LastAutoSavedAt] DESC
    OFFSET @__p_1 ROWS FETCH NEXT @__p_2 ROWS ONLY
) AS [d0]
INNER JOIN (
    SELECT [g].[Id], [g].[Name], [g].[ThumbnailUrl]
    FROM [GreetingCards] AS [g]
    WHERE [g].[IsDeleted] = CAST(0 AS bit)
) AS [g0] ON [d0].[CardId] = [g0].[Id]
ORDER BY [d0].[LastAutoSavedAt] DESC
2026-05-06 00:57:49.925 +07:00 [INF] [CQRS] Handled GetDraftsQuery successfully
2026-05-06 00:57:49.926 +07:00 [INF] HTTP GET /api/me/drafts responded 200 in 18.7329 ms
2026-05-06 00:57:55.072 +07:00 [INF] [CQRS] Handling GetCategoriesQuery
2026-05-06 00:57:55.073 +07:00 [INF] [CQRS] Handling GetCardsQuery
2026-05-06 00:57:55.078 +07:00 [INF] Executed DbCommand (5ms) [Parameters=[], CommandType='"Text"', CommandTimeout='30']
SELECT COUNT(*)
FROM [GreetingCards] AS [g]
INNER JOIN (
    SELECT [c].[Id], [c].[IsDeleted], [c].[Status]
    FROM [Categories] AS [c]
    WHERE [c].[IsDeleted] = CAST(0 AS bit)
) AS [c0] ON [g].[CategoryId] = [c0].[Id]
WHERE [g].[IsDeleted] = CAST(0 AS bit) AND [g].[Status] = N'Active' AND [g].[IsDeleted] = CAST(0 AS bit) AND [c0].[Status] = N'Active' AND [c0].[IsDeleted] = CAST(0 AS bit)
2026-05-06 00:57:55.078 +07:00 [INF] Executed DbCommand (6ms) [Parameters=[], CommandType='"Text"', CommandTimeout='30']
SELECT [c].[Id], [c].[Name], [c].[Slug], [c].[Description], [c].[IconUrl], [c].[Color], (
    SELECT COUNT(*)
    FROM [GreetingCards] AS [g]
    WHERE [g].[IsDeleted] = CAST(0 AS bit) AND [c].[Id] = [g].[CategoryId] AND [g].[Status] = N'Active' AND [g].[IsDeleted] = CAST(0 AS bit))
FROM [Categories] AS [c]
WHERE [c].[IsDeleted] = CAST(0 AS bit) AND [c].[Status] = N'Active' AND [c].[IsDeleted] = CAST(0 AS bit)
ORDER BY [c].[DisplayOrder]
2026-05-06 00:57:55.078 +07:00 [INF] [CQRS] Handled GetCategoriesQuery successfully
2026-05-06 00:57:55.079 +07:00 [INF] HTTP GET /api/categories responded 200 in 6.9191 ms
2026-05-06 00:57:55.083 +07:00 [INF] Executed DbCommand (4ms) [Parameters=[@__p_0='?' (DbType = Int32), @__p_1='?' (DbType = Int32)], CommandType='"Text"', CommandTimeout='30']
SELECT [g].[Id], [g].[Name], [g].[Slug], [g].[ThumbnailUrl], [g].[Description], [g].[IsFeatured], [g].[IsPremium], [c0].[Name], [c0].[Slug], CAST([g].[Status] AS nvarchar(max))
FROM [GreetingCards] AS [g]
INNER JOIN (
    SELECT [c].[Id], [c].[IsDeleted], [c].[Name], [c].[Slug], [c].[Status]
    FROM [Categories] AS [c]
    WHERE [c].[IsDeleted] = CAST(0 AS bit)
) AS [c0] ON [g].[CategoryId] = [c0].[Id]
WHERE [g].[IsDeleted] = CAST(0 AS bit) AND [g].[Status] = N'Active' AND [g].[IsDeleted] = CAST(0 AS bit) AND [c0].[Status] = N'Active' AND [c0].[IsDeleted] = CAST(0 AS bit)
ORDER BY [g].[CreatedAt] DESC
OFFSET @__p_0 ROWS FETCH NEXT @__p_1 ROWS ONLY
2026-05-06 00:57:55.083 +07:00 [INF] [CQRS] Handled GetCardsQuery successfully
2026-05-06 00:57:55.083 +07:00 [INF] HTTP GET /api/cards responded 200 in 10.1487 ms
2026-05-06 00:57:56.426 +07:00 [INF] [CQRS] Handling GetGreetingHistoryQuery
2026-05-06 00:57:56.447 +07:00 [INF] Executed DbCommand (14ms) [Parameters=[@__request_UserId_0='?' (DbType = Guid)], CommandType='"Text"', CommandTimeout='30']
SELECT COUNT(*)
FROM [GreetingTransactions] AS [g]
WHERE [g].[SenderId] = @__request_UserId_0
2026-05-06 00:57:56.461 +07:00 [INF] Executed DbCommand (11ms) [Parameters=[@__request_UserId_0='?' (DbType = Guid), @__p_1='?' (DbType = Int32), @__p_2='?' (DbType = Int32)], CommandType='"Text"', CommandTimeout='30']
SELECT [g1].[Id], [g2].[Name], [g2].[ThumbnailUrl], [g1].[RecipientEmail], [g1].[SentAt], CAST([g1].[Status] AS nvarchar(max))
FROM (
    SELECT [g].[Id], [g].[CardId], [g].[CreatedAt], [g].[RecipientEmail], [g].[SentAt], [g].[Status]
    FROM [GreetingTransactions] AS [g]
    WHERE [g].[SenderId] = @__request_UserId_0
    ORDER BY [g].[CreatedAt] DESC
    OFFSET @__p_1 ROWS FETCH NEXT @__p_2 ROWS ONLY
) AS [g1]
INNER JOIN (
    SELECT [g0].[Id], [g0].[Name], [g0].[ThumbnailUrl]
    FROM [GreetingCards] AS [g0]
    WHERE [g0].[IsDeleted] = CAST(0 AS bit)
) AS [g2] ON [g1].[CardId] = [g2].[Id]
ORDER BY [g1].[CreatedAt] DESC
2026-05-06 00:57:56.462 +07:00 [INF] [CQRS] Handled GetGreetingHistoryQuery successfully
2026-05-06 00:57:56.463 +07:00 [INF] HTTP GET /api/me/greeting-history responded 200 in 37.7068 ms
2026-05-06 00:58:01.494 +07:00 [INF] [CQRS] Handling GetGreetingHistoryQuery
2026-05-06 00:58:01.503 +07:00 [INF] Executed DbCommand (7ms) [Parameters=[@__request_UserId_0='?' (DbType = Guid), @__status_1='?' (Size = 20)], CommandType='"Text"', CommandTimeout='30']
SELECT COUNT(*)
FROM [GreetingTransactions] AS [g]
WHERE [g].[SenderId] = @__request_UserId_0 AND [g].[Status] = @__status_1
2026-05-06 00:58:01.508 +07:00 [INF] Executed DbCommand (3ms) [Parameters=[@__request_UserId_0='?' (DbType = Guid), @__status_1='?' (Size = 20), @__p_2='?' (DbType = Int32), @__p_3='?' (DbType = Int32)], CommandType='"Text"', CommandTimeout='30']
SELECT [g1].[Id], [g2].[Name], [g2].[ThumbnailUrl], [g1].[RecipientEmail], [g1].[SentAt], CAST([g1].[Status] AS nvarchar(max))
FROM (
    SELECT [g].[Id], [g].[CardId], [g].[CreatedAt], [g].[RecipientEmail], [g].[SentAt], [g].[Status]
    FROM [GreetingTransactions] AS [g]
    WHERE [g].[SenderId] = @__request_UserId_0 AND [g].[Status] = @__status_1
    ORDER BY [g].[CreatedAt] DESC
    OFFSET @__p_2 ROWS FETCH NEXT @__p_3 ROWS ONLY
) AS [g1]
INNER JOIN (
    SELECT [g0].[Id], [g0].[Name], [g0].[ThumbnailUrl]
    FROM [GreetingCards] AS [g0]
    WHERE [g0].[IsDeleted] = CAST(0 AS bit)
) AS [g2] ON [g1].[CardId] = [g2].[Id]
ORDER BY [g1].[CreatedAt] DESC
2026-05-06 00:58:01.508 +07:00 [INF] [CQRS] Handled GetGreetingHistoryQuery successfully
2026-05-06 00:58:01.509 +07:00 [INF] HTTP GET /api/me/greeting-history responded 200 in 15.4340 ms
2026-05-06 00:58:03.058 +07:00 [INF] [CQRS] Handling GetGreetingHistoryQuery
2026-05-06 00:58:03.061 +07:00 [INF] Executed DbCommand (2ms) [Parameters=[@__request_UserId_0='?' (DbType = Guid)], CommandType='"Text"', CommandTimeout='30']
SELECT COUNT(*)
FROM [GreetingTransactions] AS [g]
WHERE [g].[SenderId] = @__request_UserId_0
2026-05-06 00:58:03.063 +07:00 [INF] Executed DbCommand (2ms) [Parameters=[@__request_UserId_0='?' (DbType = Guid), @__p_1='?' (DbType = Int32), @__p_2='?' (DbType = Int32)], CommandType='"Text"', CommandTimeout='30']
SELECT [g1].[Id], [g2].[Name], [g2].[ThumbnailUrl], [g1].[RecipientEmail], [g1].[SentAt], CAST([g1].[Status] AS nvarchar(max))
FROM (
    SELECT [g].[Id], [g].[CardId], [g].[CreatedAt], [g].[RecipientEmail], [g].[SentAt], [g].[Status]
    FROM [GreetingTransactions] AS [g]
    WHERE [g].[SenderId] = @__request_UserId_0
    ORDER BY [g].[CreatedAt] DESC
    OFFSET @__p_1 ROWS FETCH NEXT @__p_2 ROWS ONLY
) AS [g1]
INNER JOIN (
    SELECT [g0].[Id], [g0].[Name], [g0].[ThumbnailUrl]
    FROM [GreetingCards] AS [g0]
    WHERE [g0].[IsDeleted] = CAST(0 AS bit)
) AS [g2] ON [g1].[CardId] = [g2].[Id]
ORDER BY [g1].[CreatedAt] DESC
2026-05-06 00:58:03.064 +07:00 [INF] [CQRS] Handled GetGreetingHistoryQuery successfully
2026-05-06 00:58:03.064 +07:00 [INF] HTTP GET /api/me/greeting-history responded 200 in 6.3043 ms
2026-05-06 01:00:09.892 +07:00 [INF] Executed DbCommand (42ms) [Parameters=[@__now_0='?' (DbType = DateTime2)], CommandType='"Text"', CommandTimeout='30']
SELECT [e].[Id], [e].[CreatedAt], [e].[GreetingTransactionId], [e].[LastError], [e].[NextRetryAt], [e].[RetryCount], [e].[Status], [e].[UpdatedAt], [g].[Id], [g].[CardId], [g].[CreatedAt], [g].[PersonalMessage], [g].[RecipientEmail], [g].[RetryCount], [g].[ScheduledSendAt], [g].[SenderId], [g].[SentAt], [g].[Status], [g].[Subject], [g].[SubscriptionId], [u0].[Id], [u0].[CreatedAt], [u0].[DeletedAt], [u0].[Email], [u0].[EmailVerificationToken], [u0].[EmailVerificationTokenExpiry], [u0].[FailedLoginCount], [u0].[FullName], [u0].[IsDeleted], [u0].[LastLoginAt], [u0].[LockReason], [u0].[LockoutEndTime], [u0].[PasswordHash], [u0].[PasswordResetToken], [u0].[PasswordResetTokenExpiry], [u0].[PasswordResetTokenUsed], [u0].[RefreshTokenExpiry], [u0].[RefreshTokenHash], [u0].[Role], [u0].[SocialProvider], [u0].[SocialProviderId], [u0].[Status], [u0].[UpdatedAt], [g1].[Id], [g1].[CategoryId], [g1].[CreatedAt], [g1].[CustomJsonContent], [g1].[DeletedAt], [g1].[Description], [g1].[FileUrl], [g1].[IsDeleted], [g1].[IsFeatured], [g1].[IsPremium], [g1].[Name], [g1].[Slug], [g1].[Status], [g1].[Tags], [g1].[ThumbnailUrl], [g1].[UpdatedAt]
FROM [EmailRetryQueues] AS [e]
INNER JOIN [GreetingTransactions] AS [g] ON [e].[GreetingTransactionId] = [g].[Id]
INNER JOIN (
    SELECT [u].[Id], [u].[CreatedAt], [u].[DeletedAt], [u].[Email], [u].[EmailVerificationToken], [u].[EmailVerificationTokenExpiry], [u].[FailedLoginCount], [u].[FullName], [u].[IsDeleted], [u].[LastLoginAt], [u].[LockReason], [u].[LockoutEndTime], [u].[PasswordHash], [u].[PasswordResetToken], [u].[PasswordResetTokenExpiry], [u].[PasswordResetTokenUsed], [u].[RefreshTokenExpiry], [u].[RefreshTokenHash], [u].[Role], [u].[SocialProvider], [u].[SocialProviderId], [u].[Status], [u].[UpdatedAt]
    FROM [Users] AS [u]
    WHERE [u].[IsDeleted] = CAST(0 AS bit)
) AS [u0] ON [g].[SenderId] = [u0].[Id]
INNER JOIN (
    SELECT [g0].[Id], [g0].[CategoryId], [g0].[CreatedAt], [g0].[CustomJsonContent], [g0].[DeletedAt], [g0].[Description], [g0].[FileUrl], [g0].[IsDeleted], [g0].[IsFeatured], [g0].[IsPremium], [g0].[Name], [g0].[Slug], [g0].[Status], [g0].[Tags], [g0].[ThumbnailUrl], [g0].[UpdatedAt]
    FROM [GreetingCards] AS [g0]
    WHERE [g0].[IsDeleted] = CAST(0 AS bit)
) AS [g1] ON [g].[CardId] = [g1].[Id]
WHERE [e].[Status] = N'PendingRetry' AND [e].[NextRetryAt] <= @__now_0
2026-05-06 01:02:55.482 +07:00 [INF] [CQRS] Handling GetDraftsQuery
2026-05-06 01:02:55.493 +07:00 [INF] Executed DbCommand (7ms) [Parameters=[@__CurrentUserId_0='?' (DbType = Guid)], CommandType='"Text"', CommandTimeout='30']
SELECT [c].[Id], [c].[Name], [c].[OccasionDate], [c].[OccasionLabel]
FROM [Contacts] AS [c]
WHERE [c].[IsDeleted] = CAST(0 AS bit) AND [c].[UserId] = @__CurrentUserId_0 AND [c].[OccasionDate] IS NOT NULL
2026-05-06 01:02:55.493 +07:00 [INF] Executed DbCommand (7ms) [Parameters=[@__request_UserId_0='?' (DbType = Guid)], CommandType='"Text"', CommandTimeout='30']
SELECT COUNT(*)
FROM [Drafts] AS [d]
WHERE [d].[IsDeleted] = CAST(0 AS bit) AND [d].[UserId] = @__request_UserId_0 AND [d].[IsDeleted] = CAST(0 AS bit)
2026-05-06 01:02:55.494 +07:00 [INF] HTTP GET /api/contacts/upcoming responded 200 in 14.7315 ms
2026-05-06 01:02:55.498 +07:00 [INF] Executed DbCommand (3ms) [Parameters=[@__request_UserId_0='?' (DbType = Guid), @__p_1='?' (DbType = Int32), @__p_2='?' (DbType = Int32)], CommandType='"Text"', CommandTimeout='30']
SELECT [d0].[Id], [d0].[CardId], [g0].[Name], [g0].[ThumbnailUrl], [d0].[PersonalMessage], [d0].[LastAutoSavedAt]
FROM (
    SELECT [d].[Id], [d].[CardId], [d].[LastAutoSavedAt], [d].[PersonalMessage]
    FROM [Drafts] AS [d]
    WHERE [d].[IsDeleted] = CAST(0 AS bit) AND [d].[UserId] = @__request_UserId_0 AND [d].[IsDeleted] = CAST(0 AS bit)
    ORDER BY [d].[LastAutoSavedAt] DESC
    OFFSET @__p_1 ROWS FETCH NEXT @__p_2 ROWS ONLY
) AS [d0]
INNER JOIN (
    SELECT [g].[Id], [g].[Name], [g].[ThumbnailUrl]
    FROM [GreetingCards] AS [g]
    WHERE [g].[IsDeleted] = CAST(0 AS bit)
) AS [g0] ON [d0].[CardId] = [g0].[Id]
ORDER BY [d0].[LastAutoSavedAt] DESC
2026-05-06 01:02:55.498 +07:00 [INF] [CQRS] Handled GetDraftsQuery successfully
2026-05-06 01:02:55.498 +07:00 [INF] HTTP GET /api/me/drafts responded 200 in 18.6000 ms
2026-05-06 01:02:56.061 +07:00 [INF] [CQRS] Handling GetCardsQuery
2026-05-06 01:02:56.061 +07:00 [INF] [CQRS] Handling GetCategoriesQuery
2026-05-06 01:02:56.066 +07:00 [INF] Executed DbCommand (4ms) [Parameters=[], CommandType='"Text"', CommandTimeout='30']
SELECT COUNT(*)
FROM [GreetingCards] AS [g]
INNER JOIN (
    SELECT [c].[Id], [c].[IsDeleted], [c].[Status]
    FROM [Categories] AS [c]
    WHERE [c].[IsDeleted] = CAST(0 AS bit)
) AS [c0] ON [g].[CategoryId] = [c0].[Id]
WHERE [g].[IsDeleted] = CAST(0 AS bit) AND [g].[Status] = N'Active' AND [g].[IsDeleted] = CAST(0 AS bit) AND [c0].[Status] = N'Active' AND [c0].[IsDeleted] = CAST(0 AS bit)
2026-05-06 01:02:56.068 +07:00 [INF] Executed DbCommand (6ms) [Parameters=[], CommandType='"Text"', CommandTimeout='30']
SELECT [c].[Id], [c].[Name], [c].[Slug], [c].[Description], [c].[IconUrl], [c].[Color], (
    SELECT COUNT(*)
    FROM [GreetingCards] AS [g]
    WHERE [g].[IsDeleted] = CAST(0 AS bit) AND [c].[Id] = [g].[CategoryId] AND [g].[Status] = N'Active' AND [g].[IsDeleted] = CAST(0 AS bit))
FROM [Categories] AS [c]
WHERE [c].[IsDeleted] = CAST(0 AS bit) AND [c].[Status] = N'Active' AND [c].[IsDeleted] = CAST(0 AS bit)
ORDER BY [c].[DisplayOrder]
2026-05-06 01:02:56.069 +07:00 [INF] [CQRS] Handled GetCategoriesQuery successfully
2026-05-06 01:02:56.069 +07:00 [INF] HTTP GET /api/categories responded 200 in 8.6903 ms
2026-05-06 01:02:56.076 +07:00 [INF] Executed DbCommand (6ms) [Parameters=[@__p_0='?' (DbType = Int32), @__p_1='?' (DbType = Int32)], CommandType='"Text"', CommandTimeout='30']
SELECT [g].[Id], [g].[Name], [g].[Slug], [g].[ThumbnailUrl], [g].[Description], [g].[IsFeatured], [g].[IsPremium], [c0].[Name], [c0].[Slug], CAST([g].[Status] AS nvarchar(max))
FROM [GreetingCards] AS [g]
INNER JOIN (
    SELECT [c].[Id], [c].[IsDeleted], [c].[Name], [c].[Slug], [c].[Status]
    FROM [Categories] AS [c]
    WHERE [c].[IsDeleted] = CAST(0 AS bit)
) AS [c0] ON [g].[CategoryId] = [c0].[Id]
WHERE [g].[IsDeleted] = CAST(0 AS bit) AND [g].[Status] = N'Active' AND [g].[IsDeleted] = CAST(0 AS bit) AND [c0].[Status] = N'Active' AND [c0].[IsDeleted] = CAST(0 AS bit)
ORDER BY [g].[CreatedAt] DESC
OFFSET @__p_0 ROWS FETCH NEXT @__p_1 ROWS ONLY
2026-05-06 01:02:56.077 +07:00 [INF] [CQRS] Handled GetCardsQuery successfully
2026-05-06 01:02:56.077 +07:00 [INF] HTTP GET /api/cards responded 200 in 16.1891 ms
2026-05-06 01:02:56.819 +07:00 [INF] [CQRS] Handling GetDraftsQuery
2026-05-06 01:02:56.826 +07:00 [INF] Executed DbCommand (4ms) [Parameters=[@__CurrentUserId_0='?' (DbType = Guid)], CommandType='"Text"', CommandTimeout='30']
SELECT [c].[Id], [c].[Name], [c].[OccasionDate], [c].[OccasionLabel]
FROM [Contacts] AS [c]
WHERE [c].[IsDeleted] = CAST(0 AS bit) AND [c].[UserId] = @__CurrentUserId_0 AND [c].[OccasionDate] IS NOT NULL
2026-05-06 01:02:56.826 +07:00 [INF] Executed DbCommand (6ms) [Parameters=[@__request_UserId_0='?' (DbType = Guid)], CommandType='"Text"', CommandTimeout='30']
SELECT COUNT(*)
FROM [Drafts] AS [d]
WHERE [d].[IsDeleted] = CAST(0 AS bit) AND [d].[UserId] = @__request_UserId_0 AND [d].[IsDeleted] = CAST(0 AS bit)
2026-05-06 01:02:56.826 +07:00 [INF] HTTP GET /api/contacts/upcoming responded 200 in 5.1718 ms
2026-05-06 01:02:56.832 +07:00 [INF] Executed DbCommand (5ms) [Parameters=[@__request_UserId_0='?' (DbType = Guid), @__p_1='?' (DbType = Int32), @__p_2='?' (DbType = Int32)], CommandType='"Text"', CommandTimeout='30']
SELECT [d0].[Id], [d0].[CardId], [g0].[Name], [g0].[ThumbnailUrl], [d0].[PersonalMessage], [d0].[LastAutoSavedAt]
FROM (
    SELECT [d].[Id], [d].[CardId], [d].[LastAutoSavedAt], [d].[PersonalMessage]
    FROM [Drafts] AS [d]
    WHERE [d].[IsDeleted] = CAST(0 AS bit) AND [d].[UserId] = @__request_UserId_0 AND [d].[IsDeleted] = CAST(0 AS bit)
    ORDER BY [d].[LastAutoSavedAt] DESC
    OFFSET @__p_1 ROWS FETCH NEXT @__p_2 ROWS ONLY
) AS [d0]
INNER JOIN (
    SELECT [g].[Id], [g].[Name], [g].[ThumbnailUrl]
    FROM [GreetingCards] AS [g]
    WHERE [g].[IsDeleted] = CAST(0 AS bit)
) AS [g0] ON [d0].[CardId] = [g0].[Id]
ORDER BY [d0].[LastAutoSavedAt] DESC
2026-05-06 01:02:56.832 +07:00 [INF] [CQRS] Handled GetDraftsQuery successfully
2026-05-06 01:02:56.832 +07:00 [INF] HTTP GET /api/me/drafts responded 200 in 13.2211 ms
2026-05-06 01:02:57.686 +07:00 [INF] [CQRS] Handling GetCurrentSubscriptionQuery
2026-05-06 01:02:57.691 +07:00 [INF] Executed DbCommand (5ms) [Parameters=[@__request_UserId_0='?' (DbType = Guid)], CommandType='"Text"', CommandTimeout='30']
SELECT TOP(1) [s].[Id], [s].[CreatedAt], [s].[DisabledReason], [s].[ExpiryDate], [s].[PaymentMethod], [s].[StartDate], [s].[Status], [s].[UpdatedAt], [s].[UserId]
FROM [Subscriptions] AS [s]
WHERE [s].[UserId] = @__request_UserId_0
ORDER BY CASE
    WHEN [s].[Status] = N'Active' THEN 4
    WHEN [s].[Status] = N'Pending' THEN 3
    WHEN [s].[Status] = N'Expired' THEN 2
    ELSE 1
END DESC, [s].[CreatedAt] DESC
2026-05-06 01:02:57.692 +07:00 [INF] [CQRS] Handled GetCurrentSubscriptionQuery successfully
2026-05-06 01:02:57.692 +07:00 [INF] HTTP GET /api/subscriptions/current responded 200 in 6.6513 ms
2026-05-06 01:02:59.078 +07:00 [INF] [CQRS] Handling GetDraftsQuery
2026-05-06 01:02:59.085 +07:00 [INF] Executed DbCommand (6ms) [Parameters=[@__CurrentUserId_0='?' (DbType = Guid)], CommandType='"Text"', CommandTimeout='30']
SELECT [c].[Id], [c].[Name], [c].[OccasionDate], [c].[OccasionLabel]
FROM [Contacts] AS [c]
WHERE [c].[IsDeleted] = CAST(0 AS bit) AND [c].[UserId] = @__CurrentUserId_0 AND [c].[OccasionDate] IS NOT NULL
2026-05-06 01:02:59.085 +07:00 [INF] Executed DbCommand (6ms) [Parameters=[@__request_UserId_0='?' (DbType = Guid)], CommandType='"Text"', CommandTimeout='30']
SELECT COUNT(*)
FROM [Drafts] AS [d]
WHERE [d].[IsDeleted] = CAST(0 AS bit) AND [d].[UserId] = @__request_UserId_0 AND [d].[IsDeleted] = CAST(0 AS bit)
2026-05-06 01:02:59.085 +07:00 [INF] HTTP GET /api/contacts/upcoming responded 200 in 7.1781 ms
2026-05-06 01:02:59.089 +07:00 [INF] Executed DbCommand (4ms) [Parameters=[@__request_UserId_0='?' (DbType = Guid), @__p_1='?' (DbType = Int32), @__p_2='?' (DbType = Int32)], CommandType='"Text"', CommandTimeout='30']
SELECT [d0].[Id], [d0].[CardId], [g0].[Name], [g0].[ThumbnailUrl], [d0].[PersonalMessage], [d0].[LastAutoSavedAt]
FROM (
    SELECT [d].[Id], [d].[CardId], [d].[LastAutoSavedAt], [d].[PersonalMessage]
    FROM [Drafts] AS [d]
    WHERE [d].[IsDeleted] = CAST(0 AS bit) AND [d].[UserId] = @__request_UserId_0 AND [d].[IsDeleted] = CAST(0 AS bit)
    ORDER BY [d].[LastAutoSavedAt] DESC
    OFFSET @__p_1 ROWS FETCH NEXT @__p_2 ROWS ONLY
) AS [d0]
INNER JOIN (
    SELECT [g].[Id], [g].[Name], [g].[ThumbnailUrl]
    FROM [GreetingCards] AS [g]
    WHERE [g].[IsDeleted] = CAST(0 AS bit)
) AS [g0] ON [d0].[CardId] = [g0].[Id]
ORDER BY [d0].[LastAutoSavedAt] DESC
2026-05-06 01:02:59.089 +07:00 [INF] [CQRS] Handled GetDraftsQuery successfully
2026-05-06 01:02:59.089 +07:00 [INF] HTTP GET /api/me/drafts responded 200 in 11.7258 ms
2026-05-06 01:02:59.687 +07:00 [INF] [CQRS] Handling GetCardsQuery
2026-05-06 01:02:59.688 +07:00 [INF] [CQRS] Handling GetCurrentSubscriptionQuery
2026-05-06 01:02:59.694 +07:00 [INF] Executed DbCommand (6ms) [Parameters=[], CommandType='"Text"', CommandTimeout='30']
SELECT COUNT(*)
FROM [GreetingCards] AS [g]
INNER JOIN (
    SELECT [c].[Id], [c].[IsDeleted], [c].[Status]
    FROM [Categories] AS [c]
    WHERE [c].[IsDeleted] = CAST(0 AS bit)
) AS [c0] ON [g].[CategoryId] = [c0].[Id]
WHERE [g].[IsDeleted] = CAST(0 AS bit) AND [g].[Status] = N'Active' AND [g].[IsDeleted] = CAST(0 AS bit) AND [c0].[Status] = N'Active' AND [c0].[IsDeleted] = CAST(0 AS bit)
2026-05-06 01:02:59.694 +07:00 [INF] Executed DbCommand (5ms) [Parameters=[@__request_UserId_0='?' (DbType = Guid)], CommandType='"Text"', CommandTimeout='30']
SELECT TOP(1) [s].[Id], [s].[CreatedAt], [s].[DisabledReason], [s].[ExpiryDate], [s].[PaymentMethod], [s].[StartDate], [s].[Status], [s].[UpdatedAt], [s].[UserId]
FROM [Subscriptions] AS [s]
WHERE [s].[UserId] = @__request_UserId_0
ORDER BY CASE
    WHEN [s].[Status] = N'Active' THEN 4
    WHEN [s].[Status] = N'Pending' THEN 3
    WHEN [s].[Status] = N'Expired' THEN 2
    ELSE 1
END DESC, [s].[CreatedAt] DESC
2026-05-06 01:02:59.695 +07:00 [INF] [CQRS] Handled GetCurrentSubscriptionQuery successfully
2026-05-06 01:02:59.695 +07:00 [INF] HTTP GET /api/subscriptions/current responded 200 in 6.4451 ms
2026-05-06 01:02:59.698 +07:00 [INF] Executed DbCommand (3ms) [Parameters=[@__p_0='?' (DbType = Int32), @__p_1='?' (DbType = Int32)], CommandType='"Text"', CommandTimeout='30']
SELECT [g].[Id], [g].[Name], [g].[Slug], [g].[ThumbnailUrl], [g].[Description], [g].[IsFeatured], [g].[IsPremium], [c0].[Name], [c0].[Slug], CAST([g].[Status] AS nvarchar(max))
FROM [GreetingCards] AS [g]
INNER JOIN (
    SELECT [c].[Id], [c].[IsDeleted], [c].[Name], [c].[Slug], [c].[Status]
    FROM [Categories] AS [c]
    WHERE [c].[IsDeleted] = CAST(0 AS bit)
) AS [c0] ON [g].[CategoryId] = [c0].[Id]
WHERE [g].[IsDeleted] = CAST(0 AS bit) AND [g].[Status] = N'Active' AND [g].[IsDeleted] = CAST(0 AS bit) AND [c0].[Status] = N'Active' AND [c0].[IsDeleted] = CAST(0 AS bit)
ORDER BY [g].[CreatedAt] DESC
OFFSET @__p_0 ROWS FETCH NEXT @__p_1 ROWS ONLY
2026-05-06 01:02:59.698 +07:00 [INF] [CQRS] Handled GetCardsQuery successfully
2026-05-06 01:02:59.698 +07:00 [INF] HTTP GET /api/cards responded 200 in 11.6382 ms
2026-05-06 01:03:01.897 +07:00 [INF] Executed DbCommand (8ms) [Parameters=[@__CurrentUserId_0='?' (DbType = Guid)], CommandType='"Text"', CommandTimeout='30']
SELECT [c].[Id], [c].[Name], [c].[Email], CAST([c].[Group] AS nvarchar(max)) AS [Group], [c].[OccasionDate], [c].[OccasionLabel]
FROM [Contacts] AS [c]
WHERE [c].[IsDeleted] = CAST(0 AS bit) AND [c].[UserId] = @__CurrentUserId_0
ORDER BY [c].[Name]
2026-05-06 01:03:01.897 +07:00 [INF] HTTP GET /api/contacts responded 200 in 9.6159 ms
2026-05-06 01:03:06.340 +07:00 [INF] [CQRS] Handling SendGreetingCardCommand
2026-05-06 01:03:06.347 +07:00 [INF] Executed DbCommand (6ms) [Parameters=[@__request_SenderId_0='?' (DbType = Guid)], CommandType='"Text"', CommandTimeout='30']
SELECT CASE
    WHEN EXISTS (
        SELECT 1
        FROM [Subscriptions] AS [s]
        WHERE [s].[UserId] = @__request_SenderId_0 AND [s].[Status] = N'Active') THEN CAST(1 AS bit)
    ELSE CAST(0 AS bit)
END
2026-05-06 01:03:06.399 +07:00 [INF] Executed DbCommand (51ms) [Parameters=[@__8__locals1_request_SenderId_0='?' (DbType = Guid), @__today_1='?' (DbType = DateTime2), @__AddDays_2='?' (DbType = DateTime2)], CommandType='"Text"', CommandTimeout='30']
SELECT COUNT(*)
FROM [GreetingTransactions] AS [g]
WHERE [g].[SenderId] = @__8__locals1_request_SenderId_0 AND [g].[SubscriptionId] IS NULL AND [g].[CreatedAt] >= @__today_1 AND [g].[CreatedAt] < @__AddDays_2
2026-05-06 01:03:06.402 +07:00 [INF] Executed DbCommand (2ms) [Parameters=[@__request_CardId_0='?' (DbType = Guid)], CommandType='"Text"', CommandTimeout='30']
SELECT TOP(1) [g].[Id], [g].[CategoryId], [g].[CreatedAt], [g].[CustomJsonContent], [g].[DeletedAt], [g].[Description], [g].[FileUrl], [g].[IsDeleted], [g].[IsFeatured], [g].[IsPremium], [g].[Name], [g].[Slug], [g].[Status], [g].[Tags], [g].[ThumbnailUrl], [g].[UpdatedAt]
FROM [GreetingCards] AS [g]
WHERE [g].[IsDeleted] = CAST(0 AS bit) AND [g].[Id] = @__request_CardId_0 AND [g].[Status] = N'Active' AND [g].[IsDeleted] = CAST(0 AS bit)
2026-05-06 01:03:06.408 +07:00 [INF] Executed DbCommand (4ms) [Parameters=[@p0='?' (DbType = Guid), @p1='?' (DbType = Guid), @p2='?' (DbType = DateTime2), @p3='?' (Size = 500), @p4='?' (Size = 256) (DbType = AnsiString), @p5='?' (DbType = Int32), @p6='?' (DbType = DateTime2), @p7='?' (DbType = Guid), @p8='?' (DbType = DateTime2), @p9='?' (Size = 20), @p10='?' (Size = 300), @p11='?' (DbType = Guid)], CommandType='"Text"', CommandTimeout='30']
SET IMPLICIT_TRANSACTIONS OFF;
SET NOCOUNT ON;
INSERT INTO [GreetingTransactions] ([Id], [CardId], [CreatedAt], [PersonalMessage], [RecipientEmail], [RetryCount], [ScheduledSendAt], [SenderId], [SentAt], [Status], [Subject], [SubscriptionId])
VALUES (@p0, @p1, @p2, @p3, @p4, @p5, @p6, @p7, @p8, @p9, @p10, @p11);
2026-05-06 01:03:06.417 +07:00 [INF] Executed DbCommand (2ms) [Parameters=[@p0='?' (DbType = Guid), @p1='?' (DbType = DateTime2), @p2='?' (DbType = Guid), @p3='?' (Size = 2000), @p4='?' (DbType = DateTime2), @p5='?' (DbType = Int32), @p6='?' (Size = 20), @p7='?' (DbType = DateTime2), @p9='?' (DbType = Guid), @p8='?' (Size = 20)], CommandType='"Text"', CommandTimeout='30']
SET NOCOUNT ON;
INSERT INTO [EmailRetryQueues] ([Id], [CreatedAt], [GreetingTransactionId], [LastError], [NextRetryAt], [RetryCount], [Status], [UpdatedAt])
VALUES (@p0, @p1, @p2, @p3, @p4, @p5, @p6, @p7);
UPDATE [GreetingTransactions] SET [Status] = @p8
OUTPUT 1
WHERE [Id] = @p9;
2026-05-06 01:03:06.424 +07:00 [INF] Executed DbCommand (3ms) [Parameters=[@p0='?' (DbType = Guid), @p1='?' (DbType = Guid), @p2='?' (Size = 20), @p3='?' (Size = 2000), @p4='?' (DbType = DateTime2), @p5='?' (Size = 1000), @p6='?' (Size = 30), @p7='?' (Size = 50), @p8='?' (Size = 20), @p9='?' (DbType = DateTime2)], CommandType='"Text"', CommandTimeout='30']
SET IMPLICIT_TRANSACTIONS OFF;
SET NOCOUNT ON;
INSERT INTO [SystemLogs] ([Id], [ActorId], [ActorType], [AdditionalData], [CreatedAt], [Description], [EventType], [IpAddress], [Status], [Timestamp])
VALUES (@p0, @p1, @p2, @p3, @p4, @p5, @p6, @p7, @p8, @p9);
2026-05-06 01:03:06.424 +07:00 [INF] [CQRS] Handled SendGreetingCardCommand successfully
2026-05-06 01:03:06.424 +07:00 [INF] HTTP POST /api/greetings responded 200 in 85.8176 ms
2026-05-06 01:03:06.449 +07:00 [INF] [CQRS] Handling GetGreetingHistoryQuery
2026-05-06 01:03:06.452 +07:00 [INF] Executed DbCommand (2ms) [Parameters=[@__request_UserId_0='?' (DbType = Guid), @__status_1='?' (Size = 20)], CommandType='"Text"', CommandTimeout='30']
SELECT COUNT(*)
FROM [GreetingTransactions] AS [g]
WHERE [g].[SenderId] = @__request_UserId_0 AND [g].[Status] = @__status_1
2026-05-06 01:03:06.455 +07:00 [INF] Executed DbCommand (2ms) [Parameters=[@__request_UserId_0='?' (DbType = Guid), @__status_1='?' (Size = 20), @__p_2='?' (DbType = Int32), @__p_3='?' (DbType = Int32)], CommandType='"Text"', CommandTimeout='30']
SELECT [g1].[Id], [g2].[Name], [g2].[ThumbnailUrl], [g1].[RecipientEmail], [g1].[SentAt], CAST([g1].[Status] AS nvarchar(max))
FROM (
    SELECT [g].[Id], [g].[CardId], [g].[CreatedAt], [g].[RecipientEmail], [g].[SentAt], [g].[Status]
    FROM [GreetingTransactions] AS [g]
    WHERE [g].[SenderId] = @__request_UserId_0 AND [g].[Status] = @__status_1
    ORDER BY [g].[CreatedAt] DESC
    OFFSET @__p_2 ROWS FETCH NEXT @__p_3 ROWS ONLY
) AS [g1]
INNER JOIN (
    SELECT [g0].[Id], [g0].[Name], [g0].[ThumbnailUrl]
    FROM [GreetingCards] AS [g0]
    WHERE [g0].[IsDeleted] = CAST(0 AS bit)
) AS [g2] ON [g1].[CardId] = [g2].[Id]
ORDER BY [g1].[CreatedAt] DESC
2026-05-06 01:03:06.455 +07:00 [INF] [CQRS] Handled GetGreetingHistoryQuery successfully
2026-05-06 01:03:06.455 +07:00 [INF] HTTP GET /api/me/greeting-history responded 200 in 6.8557 ms
2026-05-06 01:03:08.023 +07:00 [INF] [CQRS] Handling GetGreetingHistoryQuery
2026-05-06 01:03:08.029 +07:00 [INF] Executed DbCommand (3ms) [Parameters=[@__request_UserId_0='?' (DbType = Guid)], CommandType='"Text"', CommandTimeout='30']
SELECT COUNT(*)
FROM [GreetingTransactions] AS [g]
WHERE [g].[SenderId] = @__request_UserId_0
2026-05-06 01:03:08.034 +07:00 [INF] Executed DbCommand (5ms) [Parameters=[@__request_UserId_0='?' (DbType = Guid), @__p_1='?' (DbType = Int32), @__p_2='?' (DbType = Int32)], CommandType='"Text"', CommandTimeout='30']
SELECT [g1].[Id], [g2].[Name], [g2].[ThumbnailUrl], [g1].[RecipientEmail], [g1].[SentAt], CAST([g1].[Status] AS nvarchar(max))
FROM (
    SELECT [g].[Id], [g].[CardId], [g].[CreatedAt], [g].[RecipientEmail], [g].[SentAt], [g].[Status]
    FROM [GreetingTransactions] AS [g]
    WHERE [g].[SenderId] = @__request_UserId_0
    ORDER BY [g].[CreatedAt] DESC
    OFFSET @__p_1 ROWS FETCH NEXT @__p_2 ROWS ONLY
) AS [g1]
INNER JOIN (
    SELECT [g0].[Id], [g0].[Name], [g0].[ThumbnailUrl]
    FROM [GreetingCards] AS [g0]
    WHERE [g0].[IsDeleted] = CAST(0 AS bit)
) AS [g2] ON [g1].[CardId] = [g2].[Id]
ORDER BY [g1].[CreatedAt] DESC
2026-05-06 01:03:08.034 +07:00 [INF] [CQRS] Handled GetGreetingHistoryQuery successfully
2026-05-06 01:03:08.034 +07:00 [INF] HTTP GET /api/me/greeting-history responded 200 in 11.5863 ms
2026-05-06 01:03:11.219 +07:00 [INF] [CQRS] Handling GetGreetingHistoryQuery
2026-05-06 01:03:11.226 +07:00 [INF] Executed DbCommand (6ms) [Parameters=[@__request_UserId_0='?' (DbType = Guid), @__status_1='?' (Size = 20)], CommandType='"Text"', CommandTimeout='30']
SELECT COUNT(*)
FROM [GreetingTransactions] AS [g]
WHERE [g].[SenderId] = @__request_UserId_0 AND [g].[Status] = @__status_1
2026-05-06 01:03:11.235 +07:00 [INF] Executed DbCommand (7ms) [Parameters=[@__request_UserId_0='?' (DbType = Guid), @__status_1='?' (Size = 20), @__p_2='?' (DbType = Int32), @__p_3='?' (DbType = Int32)], CommandType='"Text"', CommandTimeout='30']
SELECT [g1].[Id], [g2].[Name], [g2].[ThumbnailUrl], [g1].[RecipientEmail], [g1].[SentAt], CAST([g1].[Status] AS nvarchar(max))
FROM (
    SELECT [g].[Id], [g].[CardId], [g].[CreatedAt], [g].[RecipientEmail], [g].[SentAt], [g].[Status]
    FROM [GreetingTransactions] AS [g]
    WHERE [g].[SenderId] = @__request_UserId_0 AND [g].[Status] = @__status_1
    ORDER BY [g].[CreatedAt] DESC
    OFFSET @__p_2 ROWS FETCH NEXT @__p_3 ROWS ONLY
) AS [g1]
INNER JOIN (
    SELECT [g0].[Id], [g0].[Name], [g0].[ThumbnailUrl]
    FROM [GreetingCards] AS [g0]
    WHERE [g0].[IsDeleted] = CAST(0 AS bit)
) AS [g2] ON [g1].[CardId] = [g2].[Id]
ORDER BY [g1].[CreatedAt] DESC
2026-05-06 01:03:11.235 +07:00 [INF] [CQRS] Handled GetGreetingHistoryQuery successfully
2026-05-06 01:03:11.235 +07:00 [INF] HTTP GET /api/me/greeting-history responded 200 in 16.8248 ms
2026-05-06 01:03:11.521 +07:00 [INF] [CQRS] Handling GetGreetingHistoryQuery
2026-05-06 01:03:11.525 +07:00 [INF] Executed DbCommand (4ms) [Parameters=[@__request_UserId_0='?' (DbType = Guid), @__status_1='?' (Size = 20)], CommandType='"Text"', CommandTimeout='30']
SELECT COUNT(*)
FROM [GreetingTransactions] AS [g]
WHERE [g].[SenderId] = @__request_UserId_0 AND [g].[Status] = @__status_1
2026-05-06 01:03:11.529 +07:00 [INF] Executed DbCommand (3ms) [Parameters=[@__request_UserId_0='?' (DbType = Guid), @__status_1='?' (Size = 20), @__p_2='?' (DbType = Int32), @__p_3='?' (DbType = Int32)], CommandType='"Text"', CommandTimeout='30']
SELECT [g1].[Id], [g2].[Name], [g2].[ThumbnailUrl], [g1].[RecipientEmail], [g1].[SentAt], CAST([g1].[Status] AS nvarchar(max))
FROM (
    SELECT [g].[Id], [g].[CardId], [g].[CreatedAt], [g].[RecipientEmail], [g].[SentAt], [g].[Status]
    FROM [GreetingTransactions] AS [g]
    WHERE [g].[SenderId] = @__request_UserId_0 AND [g].[Status] = @__status_1
    ORDER BY [g].[CreatedAt] DESC
    OFFSET @__p_2 ROWS FETCH NEXT @__p_3 ROWS ONLY
) AS [g1]
INNER JOIN (
    SELECT [g0].[Id], [g0].[Name], [g0].[ThumbnailUrl]
    FROM [GreetingCards] AS [g0]
    WHERE [g0].[IsDeleted] = CAST(0 AS bit)
) AS [g2] ON [g1].[CardId] = [g2].[Id]
ORDER BY [g1].[CreatedAt] DESC
2026-05-06 01:03:11.529 +07:00 [INF] [CQRS] Handled GetGreetingHistoryQuery successfully
2026-05-06 01:03:11.529 +07:00 [INF] HTTP GET /api/me/greeting-history responded 200 in 9.6043 ms
2026-05-06 01:05:10.212 +07:00 [INF] Executed DbCommand (1ms) [Parameters=[@__now_0='?' (DbType = DateTime2)], CommandType='"Text"', CommandTimeout='30']
SELECT [e].[Id], [e].[CreatedAt], [e].[GreetingTransactionId], [e].[LastError], [e].[NextRetryAt], [e].[RetryCount], [e].[Status], [e].[UpdatedAt], [g].[Id], [g].[CardId], [g].[CreatedAt], [g].[PersonalMessage], [g].[RecipientEmail], [g].[RetryCount], [g].[ScheduledSendAt], [g].[SenderId], [g].[SentAt], [g].[Status], [g].[Subject], [g].[SubscriptionId], [u0].[Id], [u0].[CreatedAt], [u0].[DeletedAt], [u0].[Email], [u0].[EmailVerificationToken], [u0].[EmailVerificationTokenExpiry], [u0].[FailedLoginCount], [u0].[FullName], [u0].[IsDeleted], [u0].[LastLoginAt], [u0].[LockReason], [u0].[LockoutEndTime], [u0].[PasswordHash], [u0].[PasswordResetToken], [u0].[PasswordResetTokenExpiry], [u0].[PasswordResetTokenUsed], [u0].[RefreshTokenExpiry], [u0].[RefreshTokenHash], [u0].[Role], [u0].[SocialProvider], [u0].[SocialProviderId], [u0].[Status], [u0].[UpdatedAt], [g1].[Id], [g1].[CategoryId], [g1].[CreatedAt], [g1].[CustomJsonContent], [g1].[DeletedAt], [g1].[Description], [g1].[FileUrl], [g1].[IsDeleted], [g1].[IsFeatured], [g1].[IsPremium], [g1].[Name], [g1].[Slug], [g1].[Status], [g1].[Tags], [g1].[ThumbnailUrl], [g1].[UpdatedAt]
FROM [EmailRetryQueues] AS [e]
INNER JOIN [GreetingTransactions] AS [g] ON [e].[GreetingTransactionId] = [g].[Id]
INNER JOIN (
    SELECT [u].[Id], [u].[CreatedAt], [u].[DeletedAt], [u].[Email], [u].[EmailVerificationToken], [u].[EmailVerificationTokenExpiry], [u].[FailedLoginCount], [u].[FullName], [u].[IsDeleted], [u].[LastLoginAt], [u].[LockReason], [u].[LockoutEndTime], [u].[PasswordHash], [u].[PasswordResetToken], [u].[PasswordResetTokenExpiry], [u].[PasswordResetTokenUsed], [u].[RefreshTokenExpiry], [u].[RefreshTokenHash], [u].[Role], [u].[SocialProvider], [u].[SocialProviderId], [u].[Status], [u].[UpdatedAt]
    FROM [Users] AS [u]
    WHERE [u].[IsDeleted] = CAST(0 AS bit)
) AS [u0] ON [g].[SenderId] = [u0].[Id]
INNER JOIN (
    SELECT [g0].[Id], [g0].[CategoryId], [g0].[CreatedAt], [g0].[CustomJsonContent], [g0].[DeletedAt], [g0].[Description], [g0].[FileUrl], [g0].[IsDeleted], [g0].[IsFeatured], [g0].[IsPremium], [g0].[Name], [g0].[Slug], [g0].[Status], [g0].[Tags], [g0].[ThumbnailUrl], [g0].[UpdatedAt]
    FROM [GreetingCards] AS [g0]
    WHERE [g0].[IsDeleted] = CAST(0 AS bit)
) AS [g1] ON [g].[CardId] = [g1].[Id]
WHERE [e].[Status] = N'PendingRetry' AND [e].[NextRetryAt] <= @__now_0
2026-05-06 01:05:10.218 +07:00 [WRN] [UC29] Retry 1 failed: danghoanganh1975@gmail.com
System.Net.Sockets.SocketException (61): Connection refused
   at System.Net.Sockets.Socket.AwaitableSocketAsyncEventArgs.ThrowException(SocketError error, CancellationToken cancellationToken)
   at System.Net.Sockets.Socket.AwaitableSocketAsyncEventArgs.System.Threading.Tasks.Sources.IValueTaskSource.GetResult(Int16 token)
   at System.Threading.Tasks.ValueTask.ValueTaskSourceAsTask.<>c.<.cctor>b__4_0(Object state)
--- End of stack trace from previous location ---
   at System.Threading.Tasks.TaskToAsyncResult.End(IAsyncResult asyncResult)
   at MailKit.Net.SocketUtils.SocketConnectState.OnEndConnect(IAsyncResult ar)
--- End of stack trace from previous location ---
   at MailKit.Net.SocketUtils.ConnectAsync(String host, Int32 port, IPEndPoint localEndPoint, CancellationToken cancellationToken)
   at MailKit.Net.SocketUtils.ConnectAsync(String host, Int32 port, IPEndPoint localEndPoint, Int32 timeout, CancellationToken cancellationToken)
   at MailKit.MailService.ConnectNetworkAsync(String host, Int32 port, CancellationToken cancellationToken)
   at MailKit.Net.Smtp.SmtpClient.ConnectAsync(String host, Int32 port, SecureSocketOptions options, CancellationToken cancellationToken)
   at EGreetings.Infrastructure.Services.EmailService.SendAsync(EmailMessage message, CancellationToken cancellationToken) in /Users/alanstars1301/Documents/Claude/Projects/eGreeting/Backend/src/EGreetings.Infrastructure/Services/EmailService.cs:line 54
   at EGreetings.Infrastructure.Jobs.RetryFailedEmailsJob.ExecuteAsync() in /Users/alanstars1301/Documents/Claude/Projects/eGreeting/Backend/src/EGreetings.Infrastructure/Jobs/ScheduledJobs.cs:line 308
2026-05-06 01:05:10.228 +07:00 [INF] Executed DbCommand (8ms) [Parameters=[@p3='?' (DbType = Guid), @p0='?' (DbType = DateTime2), @p1='?' (DbType = Int32), @p2='?' (DbType = DateTime2)], CommandType='"Text"', CommandTimeout='30']
SET IMPLICIT_TRANSACTIONS OFF;
SET NOCOUNT ON;
UPDATE [EmailRetryQueues] SET [NextRetryAt] = @p0, [RetryCount] = @p1, [UpdatedAt] = @p2
OUTPUT 1
WHERE [Id] = @p3;
2026-05-06 01:07:32.757 +07:00 [INF] [CQRS] Handling GetCardsQuery
2026-05-06 01:07:32.757 +07:00 [INF] [CQRS] Handling GetCategoriesQuery
2026-05-06 01:07:32.768 +07:00 [INF] Executed DbCommand (10ms) [Parameters=[], CommandType='"Text"', CommandTimeout='30']
SELECT COUNT(*)
FROM [GreetingCards] AS [g]
INNER JOIN (
    SELECT [c].[Id], [c].[IsDeleted], [c].[Status]
    FROM [Categories] AS [c]
    WHERE [c].[IsDeleted] = CAST(0 AS bit)
) AS [c0] ON [g].[CategoryId] = [c0].[Id]
WHERE [g].[IsDeleted] = CAST(0 AS bit) AND [g].[Status] = N'Active' AND [g].[IsDeleted] = CAST(0 AS bit) AND [c0].[Status] = N'Active' AND [c0].[IsDeleted] = CAST(0 AS bit)
2026-05-06 01:07:32.768 +07:00 [INF] Executed DbCommand (10ms) [Parameters=[], CommandType='"Text"', CommandTimeout='30']
SELECT [c].[Id], [c].[Name], [c].[Slug], [c].[Description], [c].[IconUrl], [c].[Color], (
    SELECT COUNT(*)
    FROM [GreetingCards] AS [g]
    WHERE [g].[IsDeleted] = CAST(0 AS bit) AND [c].[Id] = [g].[CategoryId] AND [g].[Status] = N'Active' AND [g].[IsDeleted] = CAST(0 AS bit))
FROM [Categories] AS [c]
WHERE [c].[IsDeleted] = CAST(0 AS bit) AND [c].[Status] = N'Active' AND [c].[IsDeleted] = CAST(0 AS bit)
ORDER BY [c].[DisplayOrder]
2026-05-06 01:07:32.768 +07:00 [INF] [CQRS] Handled GetCategoriesQuery successfully
2026-05-06 01:07:32.769 +07:00 [INF] HTTP GET /api/categories responded 200 in 12.8454 ms
2026-05-06 01:07:32.774 +07:00 [INF] Executed DbCommand (5ms) [Parameters=[@__p_0='?' (DbType = Int32), @__p_1='?' (DbType = Int32)], CommandType='"Text"', CommandTimeout='30']
SELECT [g].[Id], [g].[Name], [g].[Slug], [g].[ThumbnailUrl], [g].[Description], [g].[IsFeatured], [g].[IsPremium], [c0].[Name], [c0].[Slug], CAST([g].[Status] AS nvarchar(max))
FROM [GreetingCards] AS [g]
INNER JOIN (
    SELECT [c].[Id], [c].[IsDeleted], [c].[Name], [c].[Slug], [c].[Status]
    FROM [Categories] AS [c]
    WHERE [c].[IsDeleted] = CAST(0 AS bit)
) AS [c0] ON [g].[CategoryId] = [c0].[Id]
WHERE [g].[IsDeleted] = CAST(0 AS bit) AND [g].[Status] = N'Active' AND [g].[IsDeleted] = CAST(0 AS bit) AND [c0].[Status] = N'Active' AND [c0].[IsDeleted] = CAST(0 AS bit)
ORDER BY [g].[CreatedAt] DESC
OFFSET @__p_0 ROWS FETCH NEXT @__p_1 ROWS ONLY
2026-05-06 01:07:32.775 +07:00 [INF] [CQRS] Handled GetCardsQuery successfully
2026-05-06 01:07:32.775 +07:00 [INF] HTTP GET /api/cards responded 200 in 18.5134 ms
2026-05-06 01:09:01.474 +07:00 [INF] [CQRS] Handling GetDraftsQuery
2026-05-06 01:09:01.481 +07:00 [INF] Executed DbCommand (3ms) [Parameters=[@__CurrentUserId_0='?' (DbType = Guid)], CommandType='"Text"', CommandTimeout='30']
SELECT [c].[Id], [c].[Name], [c].[OccasionDate], [c].[OccasionLabel]
FROM [Contacts] AS [c]
WHERE [c].[IsDeleted] = CAST(0 AS bit) AND [c].[UserId] = @__CurrentUserId_0 AND [c].[OccasionDate] IS NOT NULL
2026-05-06 01:09:01.481 +07:00 [INF] Executed DbCommand (4ms) [Parameters=[@__request_UserId_0='?' (DbType = Guid)], CommandType='"Text"', CommandTimeout='30']
SELECT COUNT(*)
FROM [Drafts] AS [d]
WHERE [d].[IsDeleted] = CAST(0 AS bit) AND [d].[UserId] = @__request_UserId_0 AND [d].[IsDeleted] = CAST(0 AS bit)
2026-05-06 01:09:01.481 +07:00 [INF] HTTP GET /api/contacts/upcoming responded 200 in 9.3332 ms
2026-05-06 01:09:01.485 +07:00 [INF] Executed DbCommand (4ms) [Parameters=[@__request_UserId_0='?' (DbType = Guid), @__p_1='?' (DbType = Int32), @__p_2='?' (DbType = Int32)], CommandType='"Text"', CommandTimeout='30']
SELECT [d0].[Id], [d0].[CardId], [g0].[Name], [g0].[ThumbnailUrl], [d0].[PersonalMessage], [d0].[LastAutoSavedAt]
FROM (
    SELECT [d].[Id], [d].[CardId], [d].[LastAutoSavedAt], [d].[PersonalMessage]
    FROM [Drafts] AS [d]
    WHERE [d].[IsDeleted] = CAST(0 AS bit) AND [d].[UserId] = @__request_UserId_0 AND [d].[IsDeleted] = CAST(0 AS bit)
    ORDER BY [d].[LastAutoSavedAt] DESC
    OFFSET @__p_1 ROWS FETCH NEXT @__p_2 ROWS ONLY
) AS [d0]
INNER JOIN (
    SELECT [g].[Id], [g].[Name], [g].[ThumbnailUrl]
    FROM [GreetingCards] AS [g]
    WHERE [g].[IsDeleted] = CAST(0 AS bit)
) AS [g0] ON [d0].[CardId] = [g0].[Id]
ORDER BY [d0].[LastAutoSavedAt] DESC
2026-05-06 01:09:01.486 +07:00 [INF] [CQRS] Handled GetDraftsQuery successfully
2026-05-06 01:09:01.486 +07:00 [INF] HTTP GET /api/me/drafts responded 200 in 13.6537 ms
2026-05-06 01:09:02.360 +07:00 [INF] [CQRS] Handling GetCurrentSubscriptionQuery
2026-05-06 01:09:02.367 +07:00 [INF] Executed DbCommand (5ms) [Parameters=[@__request_UserId_0='?' (DbType = Guid)], CommandType='"Text"', CommandTimeout='30']
SELECT TOP(1) [s].[Id], [s].[CreatedAt], [s].[DisabledReason], [s].[ExpiryDate], [s].[PaymentMethod], [s].[StartDate], [s].[Status], [s].[UpdatedAt], [s].[UserId]
FROM [Subscriptions] AS [s]
WHERE [s].[UserId] = @__request_UserId_0
ORDER BY CASE
    WHEN [s].[Status] = N'Active' THEN 4
    WHEN [s].[Status] = N'Pending' THEN 3
    WHEN [s].[Status] = N'Expired' THEN 2
    ELSE 1
END DESC, [s].[CreatedAt] DESC
2026-05-06 01:09:02.367 +07:00 [INF] [CQRS] Handled GetCurrentSubscriptionQuery successfully
2026-05-06 01:09:02.367 +07:00 [INF] HTTP GET /api/subscriptions/current responded 200 in 7.1948 ms
2026-05-06 01:09:03.912 +07:00 [INF] [CQRS] Handling GetCardsQuery
2026-05-06 01:09:03.912 +07:00 [INF] [CQRS] Handling GetCategoriesQuery
2026-05-06 01:09:03.917 +07:00 [INF] Executed DbCommand (5ms) [Parameters=[], CommandType='"Text"', CommandTimeout='30']
SELECT COUNT(*)
FROM [GreetingCards] AS [g]
INNER JOIN (
    SELECT [c].[Id], [c].[IsDeleted], [c].[Status]
    FROM [Categories] AS [c]
    WHERE [c].[IsDeleted] = CAST(0 AS bit)
) AS [c0] ON [g].[CategoryId] = [c0].[Id]
WHERE [g].[IsDeleted] = CAST(0 AS bit) AND [g].[Status] = N'Active' AND [g].[IsDeleted] = CAST(0 AS bit) AND [c0].[Status] = N'Active' AND [c0].[IsDeleted] = CAST(0 AS bit)
2026-05-06 01:09:03.919 +07:00 [INF] Executed DbCommand (7ms) [Parameters=[], CommandType='"Text"', CommandTimeout='30']
SELECT [c].[Id], [c].[Name], [c].[Slug], [c].[Description], [c].[IconUrl], [c].[Color], (
    SELECT COUNT(*)
    FROM [GreetingCards] AS [g]
    WHERE [g].[IsDeleted] = CAST(0 AS bit) AND [c].[Id] = [g].[CategoryId] AND [g].[Status] = N'Active' AND [g].[IsDeleted] = CAST(0 AS bit))
FROM [Categories] AS [c]
WHERE [c].[IsDeleted] = CAST(0 AS bit) AND [c].[Status] = N'Active' AND [c].[IsDeleted] = CAST(0 AS bit)
ORDER BY [c].[DisplayOrder]
2026-05-06 01:09:03.920 +07:00 [INF] [CQRS] Handled GetCategoriesQuery successfully
2026-05-06 01:09:03.920 +07:00 [INF] HTTP GET /api/categories responded 200 in 8.5483 ms
2026-05-06 01:09:03.922 +07:00 [INF] Executed DbCommand (4ms) [Parameters=[@__p_0='?' (DbType = Int32), @__p_1='?' (DbType = Int32)], CommandType='"Text"', CommandTimeout='30']
SELECT [g].[Id], [g].[Name], [g].[Slug], [g].[ThumbnailUrl], [g].[Description], [g].[IsFeatured], [g].[IsPremium], [c0].[Name], [c0].[Slug], CAST([g].[Status] AS nvarchar(max))
FROM [GreetingCards] AS [g]
INNER JOIN (
    SELECT [c].[Id], [c].[IsDeleted], [c].[Name], [c].[Slug], [c].[Status]
    FROM [Categories] AS [c]
    WHERE [c].[IsDeleted] = CAST(0 AS bit)
) AS [c0] ON [g].[CategoryId] = [c0].[Id]
WHERE [g].[IsDeleted] = CAST(0 AS bit) AND [g].[Status] = N'Active' AND [g].[IsDeleted] = CAST(0 AS bit) AND [c0].[Status] = N'Active' AND [c0].[IsDeleted] = CAST(0 AS bit)
ORDER BY [g].[CreatedAt] DESC
OFFSET @__p_0 ROWS FETCH NEXT @__p_1 ROWS ONLY
2026-05-06 01:09:03.922 +07:00 [INF] [CQRS] Handled GetCardsQuery successfully
2026-05-06 01:09:03.922 +07:00 [INF] HTTP GET /api/cards responded 200 in 10.4408 ms
2026-05-06 01:09:04.541 +07:00 [INF] [CQRS] Handling GetDraftsQuery
2026-05-06 01:09:04.547 +07:00 [INF] Executed DbCommand (5ms) [Parameters=[@__CurrentUserId_0='?' (DbType = Guid)], CommandType='"Text"', CommandTimeout='30']
SELECT [c].[Id], [c].[Name], [c].[OccasionDate], [c].[OccasionLabel]
FROM [Contacts] AS [c]
WHERE [c].[IsDeleted] = CAST(0 AS bit) AND [c].[UserId] = @__CurrentUserId_0 AND [c].[OccasionDate] IS NOT NULL
2026-05-06 01:09:04.547 +07:00 [INF] Executed DbCommand (5ms) [Parameters=[@__request_UserId_0='?' (DbType = Guid)], CommandType='"Text"', CommandTimeout='30']
SELECT COUNT(*)
FROM [Drafts] AS [d]
WHERE [d].[IsDeleted] = CAST(0 AS bit) AND [d].[UserId] = @__request_UserId_0 AND [d].[IsDeleted] = CAST(0 AS bit)
2026-05-06 01:09:04.547 +07:00 [INF] HTTP GET /api/contacts/upcoming responded 200 in 6.0494 ms
2026-05-06 01:09:04.552 +07:00 [INF] Executed DbCommand (4ms) [Parameters=[@__request_UserId_0='?' (DbType = Guid), @__p_1='?' (DbType = Int32), @__p_2='?' (DbType = Int32)], CommandType='"Text"', CommandTimeout='30']
SELECT [d0].[Id], [d0].[CardId], [g0].[Name], [g0].[ThumbnailUrl], [d0].[PersonalMessage], [d0].[LastAutoSavedAt]
FROM (
    SELECT [d].[Id], [d].[CardId], [d].[LastAutoSavedAt], [d].[PersonalMessage]
    FROM [Drafts] AS [d]
    WHERE [d].[IsDeleted] = CAST(0 AS bit) AND [d].[UserId] = @__request_UserId_0 AND [d].[IsDeleted] = CAST(0 AS bit)
    ORDER BY [d].[LastAutoSavedAt] DESC
    OFFSET @__p_1 ROWS FETCH NEXT @__p_2 ROWS ONLY
) AS [d0]
INNER JOIN (
    SELECT [g].[Id], [g].[Name], [g].[ThumbnailUrl]
    FROM [GreetingCards] AS [g]
    WHERE [g].[IsDeleted] = CAST(0 AS bit)
) AS [g0] ON [d0].[CardId] = [g0].[Id]
ORDER BY [d0].[LastAutoSavedAt] DESC
2026-05-06 01:09:04.552 +07:00 [INF] [CQRS] Handled GetDraftsQuery successfully
2026-05-06 01:09:04.552 +07:00 [INF] HTTP GET /api/me/drafts responded 200 in 12.3583 ms
2026-05-06 01:09:06.984 +07:00 [INF] [CQRS] Handling GetCardsQuery
2026-05-06 01:09:06.984 +07:00 [INF] [CQRS] Handling GetCategoriesQuery
2026-05-06 01:09:06.987 +07:00 [INF] Executed DbCommand (3ms) [Parameters=[], CommandType='"Text"', CommandTimeout='30']
SELECT COUNT(*)
FROM [GreetingCards] AS [g]
INNER JOIN (
    SELECT [c].[Id], [c].[IsDeleted], [c].[Status]
    FROM [Categories] AS [c]
    WHERE [c].[IsDeleted] = CAST(0 AS bit)
) AS [c0] ON [g].[CategoryId] = [c0].[Id]
WHERE [g].[IsDeleted] = CAST(0 AS bit) AND [g].[Status] = N'Active' AND [g].[IsDeleted] = CAST(0 AS bit) AND [c0].[Status] = N'Active' AND [c0].[IsDeleted] = CAST(0 AS bit)
2026-05-06 01:09:06.987 +07:00 [INF] Executed DbCommand (3ms) [Parameters=[], CommandType='"Text"', CommandTimeout='30']
SELECT [c].[Id], [c].[Name], [c].[Slug], [c].[Description], [c].[IconUrl], [c].[Color], (
    SELECT COUNT(*)
    FROM [GreetingCards] AS [g]
    WHERE [g].[IsDeleted] = CAST(0 AS bit) AND [c].[Id] = [g].[CategoryId] AND [g].[Status] = N'Active' AND [g].[IsDeleted] = CAST(0 AS bit))
FROM [Categories] AS [c]
WHERE [c].[IsDeleted] = CAST(0 AS bit) AND [c].[Status] = N'Active' AND [c].[IsDeleted] = CAST(0 AS bit)
ORDER BY [c].[DisplayOrder]
2026-05-06 01:09:06.987 +07:00 [INF] [CQRS] Handled GetCategoriesQuery successfully
2026-05-06 01:09:06.988 +07:00 [INF] HTTP GET /api/categories responded 200 in 3.9499 ms
2026-05-06 01:09:06.992 +07:00 [INF] Executed DbCommand (4ms) [Parameters=[@__p_0='?' (DbType = Int32), @__p_1='?' (DbType = Int32)], CommandType='"Text"', CommandTimeout='30']
SELECT [g].[Id], [g].[Name], [g].[Slug], [g].[ThumbnailUrl], [g].[Description], [g].[IsFeatured], [g].[IsPremium], [c0].[Name], [c0].[Slug], CAST([g].[Status] AS nvarchar(max))
FROM [GreetingCards] AS [g]
INNER JOIN (
    SELECT [c].[Id], [c].[IsDeleted], [c].[Name], [c].[Slug], [c].[Status]
    FROM [Categories] AS [c]
    WHERE [c].[IsDeleted] = CAST(0 AS bit)
) AS [c0] ON [g].[CategoryId] = [c0].[Id]
WHERE [g].[IsDeleted] = CAST(0 AS bit) AND [g].[Status] = N'Active' AND [g].[IsDeleted] = CAST(0 AS bit) AND [c0].[Status] = N'Active' AND [c0].[IsDeleted] = CAST(0 AS bit)
ORDER BY [g].[CreatedAt] DESC
OFFSET @__p_0 ROWS FETCH NEXT @__p_1 ROWS ONLY
2026-05-06 01:09:06.992 +07:00 [INF] [CQRS] Handled GetCardsQuery successfully
2026-05-06 01:09:06.992 +07:00 [INF] HTTP GET /api/cards responded 200 in 8.2751 ms
2026-05-06 01:09:08.896 +07:00 [INF] [CQRS] Handling GetCategoriesQuery
2026-05-06 01:09:08.896 +07:00 [INF] [CQRS] Handling GetCardsQuery
2026-05-06 01:09:08.902 +07:00 [INF] Executed DbCommand (5ms) [Parameters=[], CommandType='"Text"', CommandTimeout='30']
SELECT COUNT(*)
FROM [GreetingCards] AS [g]
INNER JOIN (
    SELECT [c].[Id], [c].[IsDeleted], [c].[Status]
    FROM [Categories] AS [c]
    WHERE [c].[IsDeleted] = CAST(0 AS bit)
) AS [c0] ON [g].[CategoryId] = [c0].[Id]
WHERE [g].[IsDeleted] = CAST(0 AS bit) AND [g].[Status] = N'Active' AND [g].[IsDeleted] = CAST(0 AS bit) AND [c0].[Status] = N'Active' AND [c0].[IsDeleted] = CAST(0 AS bit)
2026-05-06 01:09:08.904 +07:00 [INF] Executed DbCommand (7ms) [Parameters=[], CommandType='"Text"', CommandTimeout='30']
SELECT [c].[Id], [c].[Name], [c].[Slug], [c].[Description], [c].[IconUrl], [c].[Color], (
    SELECT COUNT(*)
    FROM [GreetingCards] AS [g]
    WHERE [g].[IsDeleted] = CAST(0 AS bit) AND [c].[Id] = [g].[CategoryId] AND [g].[Status] = N'Active' AND [g].[IsDeleted] = CAST(0 AS bit))
FROM [Categories] AS [c]
WHERE [c].[IsDeleted] = CAST(0 AS bit) AND [c].[Status] = N'Active' AND [c].[IsDeleted] = CAST(0 AS bit)
ORDER BY [c].[DisplayOrder]
2026-05-06 01:09:08.904 +07:00 [INF] [CQRS] Handled GetCategoriesQuery successfully
2026-05-06 01:09:08.904 +07:00 [INF] HTTP GET /api/categories responded 200 in 8.0847 ms
2026-05-06 01:09:08.906 +07:00 [INF] Executed DbCommand (3ms) [Parameters=[@__p_0='?' (DbType = Int32), @__p_1='?' (DbType = Int32)], CommandType='"Text"', CommandTimeout='30']
SELECT [g].[Id], [g].[Name], [g].[Slug], [g].[ThumbnailUrl], [g].[Description], [g].[IsFeatured], [g].[IsPremium], [c0].[Name], [c0].[Slug], CAST([g].[Status] AS nvarchar(max))
FROM [GreetingCards] AS [g]
INNER JOIN (
    SELECT [c].[Id], [c].[IsDeleted], [c].[Name], [c].[Slug], [c].[Status]
    FROM [Categories] AS [c]
    WHERE [c].[IsDeleted] = CAST(0 AS bit)
) AS [c0] ON [g].[CategoryId] = [c0].[Id]
WHERE [g].[IsDeleted] = CAST(0 AS bit) AND [g].[Status] = N'Active' AND [g].[IsDeleted] = CAST(0 AS bit) AND [c0].[Status] = N'Active' AND [c0].[IsDeleted] = CAST(0 AS bit)
ORDER BY [g].[CreatedAt] DESC
OFFSET @__p_0 ROWS FETCH NEXT @__p_1 ROWS ONLY
2026-05-06 01:09:08.906 +07:00 [INF] [CQRS] Handled GetCardsQuery successfully
2026-05-06 01:09:08.906 +07:00 [INF] HTTP GET /api/cards responded 200 in 10.2529 ms
2026-05-06 01:09:11.847 +07:00 [INF] [CQRS] Handling GetCurrentSubscriptionQuery
2026-05-06 01:09:11.848 +07:00 [INF] [CQRS] Handling GetCardByIdQuery
2026-05-06 01:09:11.850 +07:00 [INF] Executed DbCommand (2ms) [Parameters=[@__request_UserId_0='?' (DbType = Guid)], CommandType='"Text"', CommandTimeout='30']
SELECT TOP(1) [s].[Id], [s].[CreatedAt], [s].[DisabledReason], [s].[ExpiryDate], [s].[PaymentMethod], [s].[StartDate], [s].[Status], [s].[UpdatedAt], [s].[UserId]
FROM [Subscriptions] AS [s]
WHERE [s].[UserId] = @__request_UserId_0
ORDER BY CASE
    WHEN [s].[Status] = N'Active' THEN 4
    WHEN [s].[Status] = N'Pending' THEN 3
    WHEN [s].[Status] = N'Expired' THEN 2
    ELSE 1
END DESC, [s].[CreatedAt] DESC
2026-05-06 01:09:11.851 +07:00 [INF] [CQRS] Handled GetCurrentSubscriptionQuery successfully
2026-05-06 01:09:11.851 +07:00 [INF] HTTP GET /api/subscriptions/current responded 200 in 4.2439 ms
2026-05-06 01:09:11.851 +07:00 [INF] Executed DbCommand (3ms) [Parameters=[@__request_CardId_0='?' (DbType = Guid)], CommandType='"Text"', CommandTimeout='30']
SELECT TOP(1) [g].[Id], [g].[Name], [g].[Slug], [g].[ThumbnailUrl], [g].[FileUrl], [g].[Description], [g].[Tags], [g].[CustomJsonContent], [g].[IsFeatured], [g].[IsPremium], [c0].[Name], [c0].[Slug]
FROM [GreetingCards] AS [g]
INNER JOIN (
    SELECT [c].[Id], [c].[Name], [c].[Slug]
    FROM [Categories] AS [c]
    WHERE [c].[IsDeleted] = CAST(0 AS bit)
) AS [c0] ON [g].[CategoryId] = [c0].[Id]
WHERE [g].[IsDeleted] = CAST(0 AS bit) AND [g].[Id] = @__request_CardId_0 AND [g].[Status] = N'Active' AND [g].[IsDeleted] = CAST(0 AS bit)
2026-05-06 01:09:11.851 +07:00 [INF] [CQRS] Handled GetCardByIdQuery successfully
2026-05-06 01:09:11.852 +07:00 [INF] HTTP GET /api/cards/6a33a9c5-177e-4544-ae48-3c023b43327b responded 200 in 4.6893 ms
2026-05-06 01:09:12.852 +07:00 [INF] [CQRS] Handling GetCurrentSubscriptionQuery
2026-05-06 01:09:12.858 +07:00 [INF] Executed DbCommand (2ms) [Parameters=[@__request_UserId_0='?' (DbType = Guid)], CommandType='"Text"', CommandTimeout='30']
SELECT TOP(1) [s].[Id], [s].[CreatedAt], [s].[DisabledReason], [s].[ExpiryDate], [s].[PaymentMethod], [s].[StartDate], [s].[Status], [s].[UpdatedAt], [s].[UserId]
FROM [Subscriptions] AS [s]
WHERE [s].[UserId] = @__request_UserId_0
ORDER BY CASE
    WHEN [s].[Status] = N'Active' THEN 4
    WHEN [s].[Status] = N'Pending' THEN 3
    WHEN [s].[Status] = N'Expired' THEN 2
    ELSE 1
END DESC, [s].[CreatedAt] DESC
2026-05-06 01:09:12.858 +07:00 [INF] [CQRS] Handled GetCurrentSubscriptionQuery successfully
2026-05-06 01:09:12.858 +07:00 [INF] HTTP GET /api/subscriptions/current responded 200 in 6.4536 ms
2026-05-06 01:09:14.238 +07:00 [INF] [CQRS] Handling GetCardByIdQuery
2026-05-06 01:09:14.238 +07:00 [INF] [CQRS] Handling GetCurrentSubscriptionQuery
2026-05-06 01:09:14.244 +07:00 [INF] Executed DbCommand (6ms) [Parameters=[@__request_UserId_0='?' (DbType = Guid)], CommandType='"Text"', CommandTimeout='30']
SELECT TOP(1) [s].[Id], [s].[CreatedAt], [s].[DisabledReason], [s].[ExpiryDate], [s].[PaymentMethod], [s].[StartDate], [s].[Status], [s].[UpdatedAt], [s].[UserId]
FROM [Subscriptions] AS [s]
WHERE [s].[UserId] = @__request_UserId_0
ORDER BY CASE
    WHEN [s].[Status] = N'Active' THEN 4
    WHEN [s].[Status] = N'Pending' THEN 3
    WHEN [s].[Status] = N'Expired' THEN 2
    ELSE 1
END DESC, [s].[CreatedAt] DESC
2026-05-06 01:09:14.244 +07:00 [INF] Executed DbCommand (6ms) [Parameters=[@__request_CardId_0='?' (DbType = Guid)], CommandType='"Text"', CommandTimeout='30']
SELECT TOP(1) [g].[Id], [g].[Name], [g].[Slug], [g].[ThumbnailUrl], [g].[FileUrl], [g].[Description], [g].[Tags], [g].[CustomJsonContent], [g].[IsFeatured], [g].[IsPremium], [c0].[Name], [c0].[Slug]
FROM [GreetingCards] AS [g]
INNER JOIN (
    SELECT [c].[Id], [c].[Name], [c].[Slug]
    FROM [Categories] AS [c]
    WHERE [c].[IsDeleted] = CAST(0 AS bit)
) AS [c0] ON [g].[CategoryId] = [c0].[Id]
WHERE [g].[IsDeleted] = CAST(0 AS bit) AND [g].[Id] = @__request_CardId_0 AND [g].[Status] = N'Active' AND [g].[IsDeleted] = CAST(0 AS bit)
2026-05-06 01:09:14.245 +07:00 [INF] [CQRS] Handled GetCurrentSubscriptionQuery successfully
2026-05-06 01:09:14.245 +07:00 [INF] [CQRS] Handled GetCardByIdQuery successfully
2026-05-06 01:09:14.245 +07:00 [INF] HTTP GET /api/subscriptions/current responded 200 in 7.0099 ms
2026-05-06 01:09:14.245 +07:00 [INF] HTTP GET /api/cards/6a33a9c5-177e-4544-ae48-3c023b43327b responded 200 in 7.0143 ms
2026-05-06 01:09:14.952 +07:00 [INF] [CQRS] Handling GetCardsQuery
2026-05-06 01:09:14.952 +07:00 [INF] [CQRS] Handling GetCategoriesQuery
2026-05-06 01:09:14.959 +07:00 [INF] Executed DbCommand (6ms) [Parameters=[], CommandType='"Text"', CommandTimeout='30']
SELECT [c].[Id], [c].[Name], [c].[Slug], [c].[Description], [c].[IconUrl], [c].[Color], (
    SELECT COUNT(*)
    FROM [GreetingCards] AS [g]
    WHERE [g].[IsDeleted] = CAST(0 AS bit) AND [c].[Id] = [g].[CategoryId] AND [g].[Status] = N'Active' AND [g].[IsDeleted] = CAST(0 AS bit))
FROM [Categories] AS [c]
WHERE [c].[IsDeleted] = CAST(0 AS bit) AND [c].[Status] = N'Active' AND [c].[IsDeleted] = CAST(0 AS bit)
ORDER BY [c].[DisplayOrder]
2026-05-06 01:09:14.959 +07:00 [INF] [CQRS] Handled GetCategoriesQuery successfully
2026-05-06 01:09:14.959 +07:00 [INF] HTTP GET /api/categories responded 200 in 7.1713 ms
2026-05-06 01:09:14.959 +07:00 [INF] Executed DbCommand (6ms) [Parameters=[], CommandType='"Text"', CommandTimeout='30']
SELECT COUNT(*)
FROM [GreetingCards] AS [g]
INNER JOIN (
    SELECT [c].[Id], [c].[IsDeleted], [c].[Status]
    FROM [Categories] AS [c]
    WHERE [c].[IsDeleted] = CAST(0 AS bit)
) AS [c0] ON [g].[CategoryId] = [c0].[Id]
WHERE [g].[IsDeleted] = CAST(0 AS bit) AND [g].[Status] = N'Active' AND [g].[IsDeleted] = CAST(0 AS bit) AND [c0].[Status] = N'Active' AND [c0].[IsDeleted] = CAST(0 AS bit)
2026-05-06 01:09:14.964 +07:00 [INF] Executed DbCommand (4ms) [Parameters=[@__p_0='?' (DbType = Int32), @__p_1='?' (DbType = Int32)], CommandType='"Text"', CommandTimeout='30']
SELECT [g].[Id], [g].[Name], [g].[Slug], [g].[ThumbnailUrl], [g].[Description], [g].[IsFeatured], [g].[IsPremium], [c0].[Name], [c0].[Slug], CAST([g].[Status] AS nvarchar(max))
FROM [GreetingCards] AS [g]
INNER JOIN (
    SELECT [c].[Id], [c].[IsDeleted], [c].[Name], [c].[Slug], [c].[Status]
    FROM [Categories] AS [c]
    WHERE [c].[IsDeleted] = CAST(0 AS bit)
) AS [c0] ON [g].[CategoryId] = [c0].[Id]
WHERE [g].[IsDeleted] = CAST(0 AS bit) AND [g].[Status] = N'Active' AND [g].[IsDeleted] = CAST(0 AS bit) AND [c0].[Status] = N'Active' AND [c0].[IsDeleted] = CAST(0 AS bit)
ORDER BY [g].[CreatedAt] DESC
OFFSET @__p_0 ROWS FETCH NEXT @__p_1 ROWS ONLY
2026-05-06 01:09:14.964 +07:00 [INF] [CQRS] Handled GetCardsQuery successfully
2026-05-06 01:09:14.965 +07:00 [INF] HTTP GET /api/cards responded 200 in 12.7238 ms
2026-05-06 01:09:15.476 +07:00 [INF] [CQRS] Handling GetCurrentSubscriptionQuery
2026-05-06 01:09:15.476 +07:00 [INF] [CQRS] Handling GetCardByIdQuery
2026-05-06 01:09:15.481 +07:00 [INF] Executed DbCommand (4ms) [Parameters=[@__request_CardId_0='?' (DbType = Guid)], CommandType='"Text"', CommandTimeout='30']
SELECT TOP(1) [g].[Id], [g].[Name], [g].[Slug], [g].[ThumbnailUrl], [g].[FileUrl], [g].[Description], [g].[Tags], [g].[CustomJsonContent], [g].[IsFeatured], [g].[IsPremium], [c0].[Name], [c0].[Slug]
FROM [GreetingCards] AS [g]
INNER JOIN (
    SELECT [c].[Id], [c].[Name], [c].[Slug]
    FROM [Categories] AS [c]
    WHERE [c].[IsDeleted] = CAST(0 AS bit)
) AS [c0] ON [g].[CategoryId] = [c0].[Id]
WHERE [g].[IsDeleted] = CAST(0 AS bit) AND [g].[Id] = @__request_CardId_0 AND [g].[Status] = N'Active' AND [g].[IsDeleted] = CAST(0 AS bit)
2026-05-06 01:09:15.481 +07:00 [INF] Executed DbCommand (4ms) [Parameters=[@__request_UserId_0='?' (DbType = Guid)], CommandType='"Text"', CommandTimeout='30']
SELECT TOP(1) [s].[Id], [s].[CreatedAt], [s].[DisabledReason], [s].[ExpiryDate], [s].[PaymentMethod], [s].[StartDate], [s].[Status], [s].[UpdatedAt], [s].[UserId]
FROM [Subscriptions] AS [s]
WHERE [s].[UserId] = @__request_UserId_0
ORDER BY CASE
    WHEN [s].[Status] = N'Active' THEN 4
    WHEN [s].[Status] = N'Pending' THEN 3
    WHEN [s].[Status] = N'Expired' THEN 2
    ELSE 1
END DESC, [s].[CreatedAt] DESC
2026-05-06 01:09:15.481 +07:00 [INF] [CQRS] Handled GetCardByIdQuery successfully
2026-05-06 01:09:15.481 +07:00 [INF] [CQRS] Handled GetCurrentSubscriptionQuery successfully
2026-05-06 01:09:15.482 +07:00 [INF] HTTP GET /api/cards/6a33a9c5-177e-4544-ae48-3c023b43327b responded 200 in 5.4079 ms
2026-05-06 01:09:15.482 +07:00 [INF] HTTP GET /api/subscriptions/current responded 200 in 5.4042 ms
2026-05-06 01:09:16.323 +07:00 [INF] [CQRS] Handling GetCurrentSubscriptionQuery
2026-05-06 01:09:16.327 +07:00 [INF] Executed DbCommand (3ms) [Parameters=[@__request_UserId_0='?' (DbType = Guid)], CommandType='"Text"', CommandTimeout='30']
SELECT TOP(1) [s].[Id], [s].[CreatedAt], [s].[DisabledReason], [s].[ExpiryDate], [s].[PaymentMethod], [s].[StartDate], [s].[Status], [s].[UpdatedAt], [s].[UserId]
FROM [Subscriptions] AS [s]
WHERE [s].[UserId] = @__request_UserId_0
ORDER BY CASE
    WHEN [s].[Status] = N'Active' THEN 4
    WHEN [s].[Status] = N'Pending' THEN 3
    WHEN [s].[Status] = N'Expired' THEN 2
    ELSE 1
END DESC, [s].[CreatedAt] DESC
2026-05-06 01:09:16.327 +07:00 [INF] [CQRS] Handled GetCurrentSubscriptionQuery successfully
2026-05-06 01:09:16.328 +07:00 [INF] HTTP GET /api/subscriptions/current responded 200 in 4.6748 ms
2026-05-06 01:09:16.917 +07:00 [INF] [CQRS] Handling GetCardByIdQuery
2026-05-06 01:09:16.917 +07:00 [INF] [CQRS] Handling GetCurrentSubscriptionQuery
2026-05-06 01:09:16.922 +07:00 [INF] Executed DbCommand (4ms) [Parameters=[@__request_CardId_0='?' (DbType = Guid)], CommandType='"Text"', CommandTimeout='30']
SELECT TOP(1) [g].[Id], [g].[Name], [g].[Slug], [g].[ThumbnailUrl], [g].[FileUrl], [g].[Description], [g].[Tags], [g].[CustomJsonContent], [g].[IsFeatured], [g].[IsPremium], [c0].[Name], [c0].[Slug]
FROM [GreetingCards] AS [g]
INNER JOIN (
    SELECT [c].[Id], [c].[Name], [c].[Slug]
    FROM [Categories] AS [c]
    WHERE [c].[IsDeleted] = CAST(0 AS bit)
) AS [c0] ON [g].[CategoryId] = [c0].[Id]
WHERE [g].[IsDeleted] = CAST(0 AS bit) AND [g].[Id] = @__request_CardId_0 AND [g].[Status] = N'Active' AND [g].[IsDeleted] = CAST(0 AS bit)
2026-05-06 01:09:16.922 +07:00 [INF] [CQRS] Handled GetCardByIdQuery successfully
2026-05-06 01:09:16.922 +07:00 [INF] HTTP GET /api/cards/6a33a9c5-177e-4544-ae48-3c023b43327b responded 200 in 6.0912 ms
2026-05-06 01:09:16.925 +07:00 [INF] Executed DbCommand (7ms) [Parameters=[@__request_UserId_0='?' (DbType = Guid)], CommandType='"Text"', CommandTimeout='30']
SELECT TOP(1) [s].[Id], [s].[CreatedAt], [s].[DisabledReason], [s].[ExpiryDate], [s].[PaymentMethod], [s].[StartDate], [s].[Status], [s].[UpdatedAt], [s].[UserId]
FROM [Subscriptions] AS [s]
WHERE [s].[UserId] = @__request_UserId_0
ORDER BY CASE
    WHEN [s].[Status] = N'Active' THEN 4
    WHEN [s].[Status] = N'Pending' THEN 3
    WHEN [s].[Status] = N'Expired' THEN 2
    ELSE 1
END DESC, [s].[CreatedAt] DESC
2026-05-06 01:09:16.925 +07:00 [INF] [CQRS] Handled GetCurrentSubscriptionQuery successfully
2026-05-06 01:09:16.925 +07:00 [INF] HTTP GET /api/subscriptions/current responded 200 in 7.9461 ms
2026-05-06 01:09:18.745 +07:00 [INF] [CQRS] Handling GetCategoriesQuery
2026-05-06 01:09:18.745 +07:00 [INF] [CQRS] Handling GetCardsQuery
2026-05-06 01:09:18.749 +07:00 [INF] Executed DbCommand (3ms) [Parameters=[], CommandType='"Text"', CommandTimeout='30']
SELECT COUNT(*)
FROM [GreetingCards] AS [g]
INNER JOIN (
    SELECT [c].[Id], [c].[IsDeleted], [c].[Status]
    FROM [Categories] AS [c]
    WHERE [c].[IsDeleted] = CAST(0 AS bit)
) AS [c0] ON [g].[CategoryId] = [c0].[Id]
WHERE [g].[IsDeleted] = CAST(0 AS bit) AND [g].[Status] = N'Active' AND [g].[IsDeleted] = CAST(0 AS bit) AND [c0].[Status] = N'Active' AND [c0].[IsDeleted] = CAST(0 AS bit)
2026-05-06 01:09:18.749 +07:00 [INF] Executed DbCommand (3ms) [Parameters=[], CommandType='"Text"', CommandTimeout='30']
SELECT [c].[Id], [c].[Name], [c].[Slug], [c].[Description], [c].[IconUrl], [c].[Color], (
    SELECT COUNT(*)
    FROM [GreetingCards] AS [g]
    WHERE [g].[IsDeleted] = CAST(0 AS bit) AND [c].[Id] = [g].[CategoryId] AND [g].[Status] = N'Active' AND [g].[IsDeleted] = CAST(0 AS bit))
FROM [Categories] AS [c]
WHERE [c].[IsDeleted] = CAST(0 AS bit) AND [c].[Status] = N'Active' AND [c].[IsDeleted] = CAST(0 AS bit)
ORDER BY [c].[DisplayOrder]
2026-05-06 01:09:18.749 +07:00 [INF] [CQRS] Handled GetCategoriesQuery successfully
2026-05-06 01:09:18.749 +07:00 [INF] HTTP GET /api/categories responded 200 in 4.5398 ms
2026-05-06 01:09:18.754 +07:00 [INF] Executed DbCommand (4ms) [Parameters=[@__p_0='?' (DbType = Int32), @__p_1='?' (DbType = Int32)], CommandType='"Text"', CommandTimeout='30']
SELECT [g].[Id], [g].[Name], [g].[Slug], [g].[ThumbnailUrl], [g].[Description], [g].[IsFeatured], [g].[IsPremium], [c0].[Name], [c0].[Slug], CAST([g].[Status] AS nvarchar(max))
FROM [GreetingCards] AS [g]
INNER JOIN (
    SELECT [c].[Id], [c].[IsDeleted], [c].[Name], [c].[Slug], [c].[Status]
    FROM [Categories] AS [c]
    WHERE [c].[IsDeleted] = CAST(0 AS bit)
) AS [c0] ON [g].[CategoryId] = [c0].[Id]
WHERE [g].[IsDeleted] = CAST(0 AS bit) AND [g].[Status] = N'Active' AND [g].[IsDeleted] = CAST(0 AS bit) AND [c0].[Status] = N'Active' AND [c0].[IsDeleted] = CAST(0 AS bit)
ORDER BY [g].[CreatedAt] DESC
OFFSET @__p_0 ROWS FETCH NEXT @__p_1 ROWS ONLY
2026-05-06 01:09:18.754 +07:00 [INF] [CQRS] Handled GetCardsQuery successfully
2026-05-06 01:09:18.754 +07:00 [INF] HTTP GET /api/cards responded 200 in 8.9850 ms
2026-05-06 01:09:48.732 +07:00 [INF] [CQRS] Handling GetCategoriesQuery
2026-05-06 01:09:48.742 +07:00 [INF] Executed DbCommand (9ms) [Parameters=[], CommandType='"Text"', CommandTimeout='30']
SELECT [c].[Id], [c].[Name], [c].[Slug], [c].[Description], [c].[IconUrl], [c].[Color], (
    SELECT COUNT(*)
    FROM [GreetingCards] AS [g]
    WHERE [g].[IsDeleted] = CAST(0 AS bit) AND [c].[Id] = [g].[CategoryId] AND [g].[Status] = N'Active' AND [g].[IsDeleted] = CAST(0 AS bit))
FROM [Categories] AS [c]
WHERE [c].[IsDeleted] = CAST(0 AS bit) AND [c].[Status] = N'Active' AND [c].[IsDeleted] = CAST(0 AS bit)
ORDER BY [c].[DisplayOrder]
2026-05-06 01:09:48.742 +07:00 [INF] [CQRS] Handled GetCategoriesQuery successfully
2026-05-06 01:09:48.742 +07:00 [INF] HTTP GET /api/categories responded 200 in 11.1410 ms
2026-05-06 01:09:49.025 +07:00 [INF] [CQRS] Handling GetCardsQuery
2026-05-06 01:09:49.028 +07:00 [INF] Executed DbCommand (2ms) [Parameters=[], CommandType='"Text"', CommandTimeout='30']
SELECT COUNT(*)
FROM [GreetingCards] AS [g]
INNER JOIN (
    SELECT [c].[Id], [c].[IsDeleted], [c].[Status]
    FROM [Categories] AS [c]
    WHERE [c].[IsDeleted] = CAST(0 AS bit)
) AS [c0] ON [g].[CategoryId] = [c0].[Id]
WHERE [g].[IsDeleted] = CAST(0 AS bit) AND [g].[Status] = N'Active' AND [g].[IsDeleted] = CAST(0 AS bit) AND [c0].[Status] = N'Active' AND [c0].[IsDeleted] = CAST(0 AS bit)
2026-05-06 01:09:49.033 +07:00 [INF] Executed DbCommand (4ms) [Parameters=[@__p_0='?' (DbType = Int32), @__p_1='?' (DbType = Int32)], CommandType='"Text"', CommandTimeout='30']
SELECT [g].[Id], [g].[Name], [g].[Slug], [g].[ThumbnailUrl], [g].[Description], [g].[IsFeatured], [g].[IsPremium], [c0].[Name], [c0].[Slug], CAST([g].[Status] AS nvarchar(max))
FROM [GreetingCards] AS [g]
INNER JOIN (
    SELECT [c].[Id], [c].[IsDeleted], [c].[Name], [c].[Slug], [c].[Status]
    FROM [Categories] AS [c]
    WHERE [c].[IsDeleted] = CAST(0 AS bit)
) AS [c0] ON [g].[CategoryId] = [c0].[Id]
WHERE [g].[IsDeleted] = CAST(0 AS bit) AND [g].[Status] = N'Active' AND [g].[IsDeleted] = CAST(0 AS bit) AND [c0].[Status] = N'Active' AND [c0].[IsDeleted] = CAST(0 AS bit)
ORDER BY [g].[CreatedAt] DESC
OFFSET @__p_0 ROWS FETCH NEXT @__p_1 ROWS ONLY
2026-05-06 01:09:49.033 +07:00 [INF] [CQRS] Handled GetCardsQuery successfully
2026-05-06 01:09:49.034 +07:00 [INF] HTTP GET /api/cards responded 200 in 9.4277 ms
2026-05-06 01:09:49.233 +07:00 [INF] [CQRS] Handling GetGreetingHistoryQuery
2026-05-06 01:09:49.242 +07:00 [INF] Executed DbCommand (2ms) [Parameters=[@__request_UserId_0='?' (DbType = Guid), @__status_1='?' (Size = 20)], CommandType='"Text"', CommandTimeout='30']
SELECT COUNT(*)
FROM [GreetingTransactions] AS [g]
WHERE [g].[SenderId] = @__request_UserId_0 AND [g].[Status] = @__status_1
2026-05-06 01:09:49.250 +07:00 [INF] Executed DbCommand (4ms) [Parameters=[@__request_UserId_0='?' (DbType = Guid), @__status_1='?' (Size = 20), @__p_2='?' (DbType = Int32), @__p_3='?' (DbType = Int32)], CommandType='"Text"', CommandTimeout='30']
SELECT [g1].[Id], [g2].[Name], [g2].[ThumbnailUrl], [g1].[RecipientEmail], [g1].[SentAt], CAST([g1].[Status] AS nvarchar(max))
FROM (
    SELECT [g].[Id], [g].[CardId], [g].[CreatedAt], [g].[RecipientEmail], [g].[SentAt], [g].[Status]
    FROM [GreetingTransactions] AS [g]
    WHERE [g].[SenderId] = @__request_UserId_0 AND [g].[Status] = @__status_1
    ORDER BY [g].[CreatedAt] DESC
    OFFSET @__p_2 ROWS FETCH NEXT @__p_3 ROWS ONLY
) AS [g1]
INNER JOIN (
    SELECT [g0].[Id], [g0].[Name], [g0].[ThumbnailUrl]
    FROM [GreetingCards] AS [g0]
    WHERE [g0].[IsDeleted] = CAST(0 AS bit)
) AS [g2] ON [g1].[CardId] = [g2].[Id]
ORDER BY [g1].[CreatedAt] DESC
2026-05-06 01:09:49.250 +07:00 [INF] [CQRS] Handled GetGreetingHistoryQuery successfully
2026-05-06 01:09:49.250 +07:00 [INF] HTTP GET /api/me/greeting-history responded 200 in 16.7474 ms
2026-05-06 01:59:22.727 +07:00 [INF] Executed DbCommand (2ms) [Parameters=[@__now_0='?' (DbType = DateTime2)], CommandType='"Text"', CommandTimeout='30']
SELECT [e].[Id], [e].[CreatedAt], [e].[GreetingTransactionId], [e].[LastError], [e].[NextRetryAt], [e].[RetryCount], [e].[Status], [e].[UpdatedAt], [g].[Id], [g].[CardId], [g].[CreatedAt], [g].[PersonalMessage], [g].[RecipientEmail], [g].[RetryCount], [g].[ScheduledSendAt], [g].[SenderId], [g].[SentAt], [g].[Status], [g].[Subject], [g].[SubscriptionId], [u0].[Id], [u0].[CreatedAt], [u0].[DeletedAt], [u0].[Email], [u0].[EmailVerificationToken], [u0].[EmailVerificationTokenExpiry], [u0].[FailedLoginCount], [u0].[FullName], [u0].[IsDeleted], [u0].[LastLoginAt], [u0].[LockReason], [u0].[LockoutEndTime], [u0].[PasswordHash], [u0].[PasswordResetToken], [u0].[PasswordResetTokenExpiry], [u0].[PasswordResetTokenUsed], [u0].[RefreshTokenExpiry], [u0].[RefreshTokenHash], [u0].[Role], [u0].[SocialProvider], [u0].[SocialProviderId], [u0].[Status], [u0].[UpdatedAt], [g1].[Id], [g1].[CategoryId], [g1].[CreatedAt], [g1].[CustomJsonContent], [g1].[DeletedAt], [g1].[Description], [g1].[FileUrl], [g1].[IsDeleted], [g1].[IsFeatured], [g1].[IsPremium], [g1].[Name], [g1].[Slug], [g1].[Status], [g1].[Tags], [g1].[ThumbnailUrl], [g1].[UpdatedAt]
FROM [EmailRetryQueues] AS [e]
INNER JOIN [GreetingTransactions] AS [g] ON [e].[GreetingTransactionId] = [g].[Id]
INNER JOIN (
    SELECT [u].[Id], [u].[CreatedAt], [u].[DeletedAt], [u].[Email], [u].[EmailVerificationToken], [u].[EmailVerificationTokenExpiry], [u].[FailedLoginCount], [u].[FullName], [u].[IsDeleted], [u].[LastLoginAt], [u].[LockReason], [u].[LockoutEndTime], [u].[PasswordHash], [u].[PasswordResetToken], [u].[PasswordResetTokenExpiry], [u].[PasswordResetTokenUsed], [u].[RefreshTokenExpiry], [u].[RefreshTokenHash], [u].[Role], [u].[SocialProvider], [u].[SocialProviderId], [u].[Status], [u].[UpdatedAt]
    FROM [Users] AS [u]
    WHERE [u].[IsDeleted] = CAST(0 AS bit)
) AS [u0] ON [g].[SenderId] = [u0].[Id]
INNER JOIN (
    SELECT [g0].[Id], [g0].[CategoryId], [g0].[CreatedAt], [g0].[CustomJsonContent], [g0].[DeletedAt], [g0].[Description], [g0].[FileUrl], [g0].[IsDeleted], [g0].[IsFeatured], [g0].[IsPremium], [g0].[Name], [g0].[Slug], [g0].[Status], [g0].[Tags], [g0].[ThumbnailUrl], [g0].[UpdatedAt]
    FROM [GreetingCards] AS [g0]
    WHERE [g0].[IsDeleted] = CAST(0 AS bit)
) AS [g1] ON [g].[CardId] = [g1].[Id]
WHERE [e].[Status] = N'PendingRetry' AND [e].[NextRetryAt] <= @__now_0
2026-05-06 01:59:22.736 +07:00 [WRN] [UC29] Retry 1 failed: danghoanganh1975@gmail.com
System.Net.Sockets.SocketException (61): Connection refused
   at System.Net.Sockets.Socket.AwaitableSocketAsyncEventArgs.ThrowException(SocketError error, CancellationToken cancellationToken)
   at System.Net.Sockets.Socket.AwaitableSocketAsyncEventArgs.System.Threading.Tasks.Sources.IValueTaskSource.GetResult(Int16 token)
   at System.Threading.Tasks.ValueTask.ValueTaskSourceAsTask.<>c.<.cctor>b__4_0(Object state)
--- End of stack trace from previous location ---
   at System.Threading.Tasks.TaskToAsyncResult.End(IAsyncResult asyncResult)
   at MailKit.Net.SocketUtils.SocketConnectState.OnEndConnect(IAsyncResult ar)
--- End of stack trace from previous location ---
   at MailKit.Net.SocketUtils.ConnectAsync(String host, Int32 port, IPEndPoint localEndPoint, CancellationToken cancellationToken)
   at MailKit.Net.SocketUtils.ConnectAsync(String host, Int32 port, IPEndPoint localEndPoint, Int32 timeout, CancellationToken cancellationToken)
   at MailKit.MailService.ConnectNetworkAsync(String host, Int32 port, CancellationToken cancellationToken)
   at MailKit.Net.Smtp.SmtpClient.ConnectAsync(String host, Int32 port, SecureSocketOptions options, CancellationToken cancellationToken)
   at EGreetings.Infrastructure.Services.EmailService.SendAsync(EmailMessage message, CancellationToken cancellationToken) in /Users/alanstars1301/Documents/Claude/Projects/eGreeting/Backend/src/EGreetings.Infrastructure/Services/EmailService.cs:line 54
   at EGreetings.Infrastructure.Jobs.RetryFailedEmailsJob.ExecuteAsync() in /Users/alanstars1301/Documents/Claude/Projects/eGreeting/Backend/src/EGreetings.Infrastructure/Jobs/ScheduledJobs.cs:line 308
2026-05-06 01:59:22.737 +07:00 [WRN] [UC29] Retry 2 failed: danghoanganh1975@gmail.com
System.Net.Sockets.SocketException (61): Connection refused
   at System.Net.Sockets.Socket.AwaitableSocketAsyncEventArgs.ThrowException(SocketError error, CancellationToken cancellationToken)
   at System.Net.Sockets.Socket.AwaitableSocketAsyncEventArgs.System.Threading.Tasks.Sources.IValueTaskSource.GetResult(Int16 token)
   at System.Threading.Tasks.ValueTask.ValueTaskSourceAsTask.<>c.<.cctor>b__4_0(Object state)
--- End of stack trace from previous location ---
   at System.Threading.Tasks.TaskToAsyncResult.End(IAsyncResult asyncResult)
   at MailKit.Net.SocketUtils.SocketConnectState.OnEndConnect(IAsyncResult ar)
--- End of stack trace from previous location ---
   at MailKit.Net.SocketUtils.ConnectAsync(String host, Int32 port, IPEndPoint localEndPoint, CancellationToken cancellationToken)
   at MailKit.Net.SocketUtils.ConnectAsync(String host, Int32 port, IPEndPoint localEndPoint, Int32 timeout, CancellationToken cancellationToken)
   at MailKit.MailService.ConnectNetworkAsync(String host, Int32 port, CancellationToken cancellationToken)
   at MailKit.Net.Smtp.SmtpClient.ConnectAsync(String host, Int32 port, SecureSocketOptions options, CancellationToken cancellationToken)
   at EGreetings.Infrastructure.Services.EmailService.SendAsync(EmailMessage message, CancellationToken cancellationToken) in /Users/alanstars1301/Documents/Claude/Projects/eGreeting/Backend/src/EGreetings.Infrastructure/Services/EmailService.cs:line 54
   at EGreetings.Infrastructure.Jobs.RetryFailedEmailsJob.ExecuteAsync() in /Users/alanstars1301/Documents/Claude/Projects/eGreeting/Backend/src/EGreetings.Infrastructure/Jobs/ScheduledJobs.cs:line 308
2026-05-06 01:59:22.754 +07:00 [INF] Executed DbCommand (13ms) [Parameters=[@p3='?' (DbType = Guid), @p0='?' (DbType = DateTime2), @p1='?' (DbType = Int32), @p2='?' (DbType = DateTime2), @p7='?' (DbType = Guid), @p4='?' (DbType = DateTime2), @p5='?' (DbType = Int32), @p6='?' (DbType = DateTime2)], CommandType='"Text"', CommandTimeout='30']
SET NOCOUNT ON;
UPDATE [EmailRetryQueues] SET [NextRetryAt] = @p0, [RetryCount] = @p1, [UpdatedAt] = @p2
OUTPUT 1
WHERE [Id] = @p3;
UPDATE [EmailRetryQueues] SET [NextRetryAt] = @p4, [RetryCount] = @p5, [UpdatedAt] = @p6
OUTPUT 1
WHERE [Id] = @p7;
2026-05-06 02:41:03.687 +07:00 [INF] Executed DbCommand (2ms) [Parameters=[@__now_0='?' (DbType = DateTime2)], CommandType='"Text"', CommandTimeout='30']
SELECT [e].[Id], [e].[CreatedAt], [e].[GreetingTransactionId], [e].[LastError], [e].[NextRetryAt], [e].[RetryCount], [e].[Status], [e].[UpdatedAt], [g].[Id], [g].[CardId], [g].[CreatedAt], [g].[PersonalMessage], [g].[RecipientEmail], [g].[RetryCount], [g].[ScheduledSendAt], [g].[SenderId], [g].[SentAt], [g].[Status], [g].[Subject], [g].[SubscriptionId], [u0].[Id], [u0].[CreatedAt], [u0].[DeletedAt], [u0].[Email], [u0].[EmailVerificationToken], [u0].[EmailVerificationTokenExpiry], [u0].[FailedLoginCount], [u0].[FullName], [u0].[IsDeleted], [u0].[LastLoginAt], [u0].[LockReason], [u0].[LockoutEndTime], [u0].[PasswordHash], [u0].[PasswordResetToken], [u0].[PasswordResetTokenExpiry], [u0].[PasswordResetTokenUsed], [u0].[RefreshTokenExpiry], [u0].[RefreshTokenHash], [u0].[Role], [u0].[SocialProvider], [u0].[SocialProviderId], [u0].[Status], [u0].[UpdatedAt], [g1].[Id], [g1].[CategoryId], [g1].[CreatedAt], [g1].[CustomJsonContent], [g1].[DeletedAt], [g1].[Description], [g1].[FileUrl], [g1].[IsDeleted], [g1].[IsFeatured], [g1].[IsPremium], [g1].[Name], [g1].[Slug], [g1].[Status], [g1].[Tags], [g1].[ThumbnailUrl], [g1].[UpdatedAt]
FROM [EmailRetryQueues] AS [e]
INNER JOIN [GreetingTransactions] AS [g] ON [e].[GreetingTransactionId] = [g].[Id]
INNER JOIN (
    SELECT [u].[Id], [u].[CreatedAt], [u].[DeletedAt], [u].[Email], [u].[EmailVerificationToken], [u].[EmailVerificationTokenExpiry], [u].[FailedLoginCount], [u].[FullName], [u].[IsDeleted], [u].[LastLoginAt], [u].[LockReason], [u].[LockoutEndTime], [u].[PasswordHash], [u].[PasswordResetToken], [u].[PasswordResetTokenExpiry], [u].[PasswordResetTokenUsed], [u].[RefreshTokenExpiry], [u].[RefreshTokenHash], [u].[Role], [u].[SocialProvider], [u].[SocialProviderId], [u].[Status], [u].[UpdatedAt]
    FROM [Users] AS [u]
    WHERE [u].[IsDeleted] = CAST(0 AS bit)
) AS [u0] ON [g].[SenderId] = [u0].[Id]
INNER JOIN (
    SELECT [g0].[Id], [g0].[CategoryId], [g0].[CreatedAt], [g0].[CustomJsonContent], [g0].[DeletedAt], [g0].[Description], [g0].[FileUrl], [g0].[IsDeleted], [g0].[IsFeatured], [g0].[IsPremium], [g0].[Name], [g0].[Slug], [g0].[Status], [g0].[Tags], [g0].[ThumbnailUrl], [g0].[UpdatedAt]
    FROM [GreetingCards] AS [g0]
    WHERE [g0].[IsDeleted] = CAST(0 AS bit)
) AS [g1] ON [g].[CardId] = [g1].[Id]
WHERE [e].[Status] = N'PendingRetry' AND [e].[NextRetryAt] <= @__now_0
2026-05-06 02:41:03.691 +07:00 [WRN] [UC29] Retry 2 failed: danghoanganh1975@gmail.com
System.Net.Sockets.SocketException (61): Connection refused
   at System.Net.Sockets.Socket.AwaitableSocketAsyncEventArgs.ThrowException(SocketError error, CancellationToken cancellationToken)
   at System.Net.Sockets.Socket.AwaitableSocketAsyncEventArgs.System.Threading.Tasks.Sources.IValueTaskSource.GetResult(Int16 token)
   at System.Threading.Tasks.ValueTask.ValueTaskSourceAsTask.<>c.<.cctor>b__4_0(Object state)
--- End of stack trace from previous location ---
   at System.Threading.Tasks.TaskToAsyncResult.End(IAsyncResult asyncResult)
   at MailKit.Net.SocketUtils.SocketConnectState.OnEndConnect(IAsyncResult ar)
--- End of stack trace from previous location ---
   at MailKit.Net.SocketUtils.ConnectAsync(String host, Int32 port, IPEndPoint localEndPoint, CancellationToken cancellationToken)
   at MailKit.Net.SocketUtils.ConnectAsync(String host, Int32 port, IPEndPoint localEndPoint, Int32 timeout, CancellationToken cancellationToken)
   at MailKit.MailService.ConnectNetworkAsync(String host, Int32 port, CancellationToken cancellationToken)
   at MailKit.Net.Smtp.SmtpClient.ConnectAsync(String host, Int32 port, SecureSocketOptions options, CancellationToken cancellationToken)
   at EGreetings.Infrastructure.Services.EmailService.SendAsync(EmailMessage message, CancellationToken cancellationToken) in /Users/alanstars1301/Documents/Claude/Projects/eGreeting/Backend/src/EGreetings.Infrastructure/Services/EmailService.cs:line 54
   at EGreetings.Infrastructure.Jobs.RetryFailedEmailsJob.ExecuteAsync() in /Users/alanstars1301/Documents/Claude/Projects/eGreeting/Backend/src/EGreetings.Infrastructure/Jobs/ScheduledJobs.cs:line 308
2026-05-06 02:41:03.692 +07:00 [WRN] [UC29] Retry 3 failed: danghoanganh1975@gmail.com
System.Net.Sockets.SocketException (61): Connection refused
   at System.Net.Sockets.Socket.AwaitableSocketAsyncEventArgs.ThrowException(SocketError error, CancellationToken cancellationToken)
   at System.Net.Sockets.Socket.AwaitableSocketAsyncEventArgs.System.Threading.Tasks.Sources.IValueTaskSource.GetResult(Int16 token)
   at System.Threading.Tasks.ValueTask.ValueTaskSourceAsTask.<>c.<.cctor>b__4_0(Object state)
--- End of stack trace from previous location ---
   at System.Threading.Tasks.TaskToAsyncResult.End(IAsyncResult asyncResult)
   at MailKit.Net.SocketUtils.SocketConnectState.OnEndConnect(IAsyncResult ar)
--- End of stack trace from previous location ---
   at MailKit.Net.SocketUtils.ConnectAsync(String host, Int32 port, IPEndPoint localEndPoint, CancellationToken cancellationToken)
   at MailKit.Net.SocketUtils.ConnectAsync(String host, Int32 port, IPEndPoint localEndPoint, Int32 timeout, CancellationToken cancellationToken)
   at MailKit.MailService.ConnectNetworkAsync(String host, Int32 port, CancellationToken cancellationToken)
   at MailKit.Net.Smtp.SmtpClient.ConnectAsync(String host, Int32 port, SecureSocketOptions options, CancellationToken cancellationToken)
   at EGreetings.Infrastructure.Services.EmailService.SendAsync(EmailMessage message, CancellationToken cancellationToken) in /Users/alanstars1301/Documents/Claude/Projects/eGreeting/Backend/src/EGreetings.Infrastructure/Services/EmailService.cs:line 54
   at EGreetings.Infrastructure.Jobs.RetryFailedEmailsJob.ExecuteAsync() in /Users/alanstars1301/Documents/Claude/Projects/eGreeting/Backend/src/EGreetings.Infrastructure/Jobs/ScheduledJobs.cs:line 308
2026-05-06 02:41:03.696 +07:00 [INF] Executed DbCommand (2ms) [Parameters=[@p3='?' (DbType = Guid), @p0='?' (DbType = DateTime2), @p1='?' (DbType = Int32), @p2='?' (DbType = DateTime2), @p7='?' (DbType = Guid), @p4='?' (DbType = DateTime2), @p5='?' (DbType = Int32), @p6='?' (DbType = DateTime2)], CommandType='"Text"', CommandTimeout='30']
SET NOCOUNT ON;
UPDATE [EmailRetryQueues] SET [NextRetryAt] = @p0, [RetryCount] = @p1, [UpdatedAt] = @p2
OUTPUT 1
WHERE [Id] = @p3;
UPDATE [EmailRetryQueues] SET [NextRetryAt] = @p4, [RetryCount] = @p5, [UpdatedAt] = @p6
OUTPUT 1
WHERE [Id] = @p7;
2026-05-06 03:51:10.560 +07:00 [INF] Executed DbCommand (1ms) [Parameters=[@__now_0='?' (DbType = DateTime2)], CommandType='"Text"', CommandTimeout='30']
SELECT [e].[Id], [e].[CreatedAt], [e].[GreetingTransactionId], [e].[LastError], [e].[NextRetryAt], [e].[RetryCount], [e].[Status], [e].[UpdatedAt], [g].[Id], [g].[CardId], [g].[CreatedAt], [g].[PersonalMessage], [g].[RecipientEmail], [g].[RetryCount], [g].[ScheduledSendAt], [g].[SenderId], [g].[SentAt], [g].[Status], [g].[Subject], [g].[SubscriptionId], [u0].[Id], [u0].[CreatedAt], [u0].[DeletedAt], [u0].[Email], [u0].[EmailVerificationToken], [u0].[EmailVerificationTokenExpiry], [u0].[FailedLoginCount], [u0].[FullName], [u0].[IsDeleted], [u0].[LastLoginAt], [u0].[LockReason], [u0].[LockoutEndTime], [u0].[PasswordHash], [u0].[PasswordResetToken], [u0].[PasswordResetTokenExpiry], [u0].[PasswordResetTokenUsed], [u0].[RefreshTokenExpiry], [u0].[RefreshTokenHash], [u0].[Role], [u0].[SocialProvider], [u0].[SocialProviderId], [u0].[Status], [u0].[UpdatedAt], [g1].[Id], [g1].[CategoryId], [g1].[CreatedAt], [g1].[CustomJsonContent], [g1].[DeletedAt], [g1].[Description], [g1].[FileUrl], [g1].[IsDeleted], [g1].[IsFeatured], [g1].[IsPremium], [g1].[Name], [g1].[Slug], [g1].[Status], [g1].[Tags], [g1].[ThumbnailUrl], [g1].[UpdatedAt]
FROM [EmailRetryQueues] AS [e]
INNER JOIN [GreetingTransactions] AS [g] ON [e].[GreetingTransactionId] = [g].[Id]
INNER JOIN (
    SELECT [u].[Id], [u].[CreatedAt], [u].[DeletedAt], [u].[Email], [u].[EmailVerificationToken], [u].[EmailVerificationTokenExpiry], [u].[FailedLoginCount], [u].[FullName], [u].[IsDeleted], [u].[LastLoginAt], [u].[LockReason], [u].[LockoutEndTime], [u].[PasswordHash], [u].[PasswordResetToken], [u].[PasswordResetTokenExpiry], [u].[PasswordResetTokenUsed], [u].[RefreshTokenExpiry], [u].[RefreshTokenHash], [u].[Role], [u].[SocialProvider], [u].[SocialProviderId], [u].[Status], [u].[UpdatedAt]
    FROM [Users] AS [u]
    WHERE [u].[IsDeleted] = CAST(0 AS bit)
) AS [u0] ON [g].[SenderId] = [u0].[Id]
INNER JOIN (
    SELECT [g0].[Id], [g0].[CategoryId], [g0].[CreatedAt], [g0].[CustomJsonContent], [g0].[DeletedAt], [g0].[Description], [g0].[FileUrl], [g0].[IsDeleted], [g0].[IsFeatured], [g0].[IsPremium], [g0].[Name], [g0].[Slug], [g0].[Status], [g0].[Tags], [g0].[ThumbnailUrl], [g0].[UpdatedAt]
    FROM [GreetingCards] AS [g0]
    WHERE [g0].[IsDeleted] = CAST(0 AS bit)
) AS [g1] ON [g].[CardId] = [g1].[Id]
WHERE [e].[Status] = N'PendingRetry' AND [e].[NextRetryAt] <= @__now_0
2026-05-06 03:51:10.562 +07:00 [WRN] [UC29] Retry 3 failed: danghoanganh1975@gmail.com
System.Net.Sockets.SocketException (61): Connection refused
   at System.Net.Sockets.Socket.AwaitableSocketAsyncEventArgs.ThrowException(SocketError error, CancellationToken cancellationToken)
   at System.Net.Sockets.Socket.AwaitableSocketAsyncEventArgs.System.Threading.Tasks.Sources.IValueTaskSource.GetResult(Int16 token)
   at System.Threading.Tasks.ValueTask.ValueTaskSourceAsTask.<>c.<.cctor>b__4_0(Object state)
--- End of stack trace from previous location ---
   at System.Threading.Tasks.TaskToAsyncResult.End(IAsyncResult asyncResult)
   at MailKit.Net.SocketUtils.SocketConnectState.OnEndConnect(IAsyncResult ar)
--- End of stack trace from previous location ---
   at MailKit.Net.SocketUtils.ConnectAsync(String host, Int32 port, IPEndPoint localEndPoint, CancellationToken cancellationToken)
   at MailKit.Net.SocketUtils.ConnectAsync(String host, Int32 port, IPEndPoint localEndPoint, Int32 timeout, CancellationToken cancellationToken)
   at MailKit.MailService.ConnectNetworkAsync(String host, Int32 port, CancellationToken cancellationToken)
   at MailKit.Net.Smtp.SmtpClient.ConnectAsync(String host, Int32 port, SecureSocketOptions options, CancellationToken cancellationToken)
   at EGreetings.Infrastructure.Services.EmailService.SendAsync(EmailMessage message, CancellationToken cancellationToken) in /Users/alanstars1301/Documents/Claude/Projects/eGreeting/Backend/src/EGreetings.Infrastructure/Services/EmailService.cs:line 54
   at EGreetings.Infrastructure.Jobs.RetryFailedEmailsJob.ExecuteAsync() in /Users/alanstars1301/Documents/Claude/Projects/eGreeting/Backend/src/EGreetings.Infrastructure/Jobs/ScheduledJobs.cs:line 308
2026-05-06 03:51:10.583 +07:00 [INF] Executed DbCommand (19ms) [Parameters=[@p3='?' (DbType = Guid), @p0='?' (DbType = DateTime2), @p1='?' (DbType = Int32), @p2='?' (DbType = DateTime2), @p5='?' (DbType = Guid), @p4='?' (Size = 20), @p6='?' (DbType = Guid), @p7='?' (DbType = Guid), @p8='?' (Size = 20), @p9='?' (Size = 2000), @p10='?' (DbType = DateTime2), @p11='?' (Size = 1000), @p12='?' (Size = 30), @p13='?' (Size = 50), @p14='?' (Size = 20), @p15='?' (DbType = DateTime2)], CommandType='"Text"', CommandTimeout='30']
SET NOCOUNT ON;
UPDATE [EmailRetryQueues] SET [NextRetryAt] = @p0, [RetryCount] = @p1, [UpdatedAt] = @p2
OUTPUT 1
WHERE [Id] = @p3;
UPDATE [EmailRetryQueues] SET [Status] = @p4
OUTPUT 1
WHERE [Id] = @p5;
INSERT INTO [SystemLogs] ([Id], [ActorId], [ActorType], [AdditionalData], [CreatedAt], [Description], [EventType], [IpAddress], [Status], [Timestamp])
VALUES (@p6, @p7, @p8, @p9, @p10, @p11, @p12, @p13, @p14, @p15);
2026-05-06 03:51:10.586 +07:00 [ERR] [UC29] Permanently failed: danghoanganh1975@gmail.com (TxId="5c80f82f-4c97-4356-9b21-d9a06dfe5d8a")
2026-05-06 05:25:53.574 +07:00 [INF] Executed DbCommand (2ms) [Parameters=[@__now_0='?' (DbType = DateTime2)], CommandType='"Text"', CommandTimeout='30']
SELECT [e].[Id], [e].[CreatedAt], [e].[GreetingTransactionId], [e].[LastError], [e].[NextRetryAt], [e].[RetryCount], [e].[Status], [e].[UpdatedAt], [g].[Id], [g].[CardId], [g].[CreatedAt], [g].[PersonalMessage], [g].[RecipientEmail], [g].[RetryCount], [g].[ScheduledSendAt], [g].[SenderId], [g].[SentAt], [g].[Status], [g].[Subject], [g].[SubscriptionId], [u0].[Id], [u0].[CreatedAt], [u0].[DeletedAt], [u0].[Email], [u0].[EmailVerificationToken], [u0].[EmailVerificationTokenExpiry], [u0].[FailedLoginCount], [u0].[FullName], [u0].[IsDeleted], [u0].[LastLoginAt], [u0].[LockReason], [u0].[LockoutEndTime], [u0].[PasswordHash], [u0].[PasswordResetToken], [u0].[PasswordResetTokenExpiry], [u0].[PasswordResetTokenUsed], [u0].[RefreshTokenExpiry], [u0].[RefreshTokenHash], [u0].[Role], [u0].[SocialProvider], [u0].[SocialProviderId], [u0].[Status], [u0].[UpdatedAt], [g1].[Id], [g1].[CategoryId], [g1].[CreatedAt], [g1].[CustomJsonContent], [g1].[DeletedAt], [g1].[Description], [g1].[FileUrl], [g1].[IsDeleted], [g1].[IsFeatured], [g1].[IsPremium], [g1].[Name], [g1].[Slug], [g1].[Status], [g1].[Tags], [g1].[ThumbnailUrl], [g1].[UpdatedAt]
FROM [EmailRetryQueues] AS [e]
INNER JOIN [GreetingTransactions] AS [g] ON [e].[GreetingTransactionId] = [g].[Id]
INNER JOIN (
    SELECT [u].[Id], [u].[CreatedAt], [u].[DeletedAt], [u].[Email], [u].[EmailVerificationToken], [u].[EmailVerificationTokenExpiry], [u].[FailedLoginCount], [u].[FullName], [u].[IsDeleted], [u].[LastLoginAt], [u].[LockReason], [u].[LockoutEndTime], [u].[PasswordHash], [u].[PasswordResetToken], [u].[PasswordResetTokenExpiry], [u].[PasswordResetTokenUsed], [u].[RefreshTokenExpiry], [u].[RefreshTokenHash], [u].[Role], [u].[SocialProvider], [u].[SocialProviderId], [u].[Status], [u].[UpdatedAt]
    FROM [Users] AS [u]
    WHERE [u].[IsDeleted] = CAST(0 AS bit)
) AS [u0] ON [g].[SenderId] = [u0].[Id]
INNER JOIN (
    SELECT [g0].[Id], [g0].[CategoryId], [g0].[CreatedAt], [g0].[CustomJsonContent], [g0].[DeletedAt], [g0].[Description], [g0].[FileUrl], [g0].[IsDeleted], [g0].[IsFeatured], [g0].[IsPremium], [g0].[Name], [g0].[Slug], [g0].[Status], [g0].[Tags], [g0].[ThumbnailUrl], [g0].[UpdatedAt]
    FROM [GreetingCards] AS [g0]
    WHERE [g0].[IsDeleted] = CAST(0 AS bit)
) AS [g1] ON [g].[CardId] = [g1].[Id]
WHERE [e].[Status] = N'PendingRetry' AND [e].[NextRetryAt] <= @__now_0
2026-05-06 05:25:53.585 +07:00 [INF] Executed DbCommand (7ms) [Parameters=[@p1='?' (DbType = Guid), @p0='?' (Size = 20), @p2='?' (DbType = Guid), @p3='?' (DbType = Guid), @p4='?' (Size = 20), @p5='?' (Size = 2000), @p6='?' (DbType = DateTime2), @p7='?' (Size = 1000), @p8='?' (Size = 30), @p9='?' (Size = 50), @p10='?' (Size = 20), @p11='?' (DbType = DateTime2)], CommandType='"Text"', CommandTimeout='30']
SET NOCOUNT ON;
UPDATE [EmailRetryQueues] SET [Status] = @p0
OUTPUT 1
WHERE [Id] = @p1;
INSERT INTO [SystemLogs] ([Id], [ActorId], [ActorType], [AdditionalData], [CreatedAt], [Description], [EventType], [IpAddress], [Status], [Timestamp])
VALUES (@p2, @p3, @p4, @p5, @p6, @p7, @p8, @p9, @p10, @p11);
2026-05-06 05:25:53.588 +07:00 [ERR] [UC29] Permanently failed: danghoanganh1975@gmail.com (TxId="f5e50cf6-53cd-45e9-9faa-6f4f8dcff45d")
2026-05-06 05:57:20.150 +07:00 [INF] 1 servers were removed due to timeout
2026-05-06 05:57:20.760 +07:00 [WRN] Server macbookpro:50039:98976378 was considered dead by other servers, restarting...
2026-05-06 05:57:20.761 +07:00 [INF] Server macbookpro:50039:98976378 caught restart signal...
2026-05-06 05:57:20.763 +07:00 [WRN] Server macbookpro:50039:98976378 stopped non-gracefully due to ServerWatchdog, ServerJobCancellationWatcher, SqlServerHeartbeatProcess, ExpirationManager, CountersAggregator, Worker, DelayedJobScheduler, RecurringJobScheduler. Outstanding work on those dispatchers could be aborted, and there can be delays in background processing. This server instance will be incorrectly shown as active for a while. To avoid non-graceful shutdowns, investigate what prevents from stopping gracefully and add CancellationToken support for those methods.
2026-05-06 05:57:20.769 +07:00 [INF] Server macbookpro:50039:98976378 successfully reported itself as stopped in 3,805 ms
2026-05-06 05:57:20.769 +07:00 [INF] Server macbookpro:50039:98976378 has been stopped in total 7,9752 ms
2026-05-06 05:57:20.775 +07:00 [INF] Server macbook-pro-cua-alan:50039:efa000c2 successfully announced in 5,7467 ms
2026-05-06 05:57:20.776 +07:00 [INF] Server macbook-pro-cua-alan:50039:efa000c2 is starting the registered dispatchers: ServerWatchdog, ServerJobCancellationWatcher, SqlServerHeartbeatProcess, ExpirationManager, CountersAggregator, Worker, DelayedJobScheduler, RecurringJobScheduler...
2026-05-06 05:57:20.778 +07:00 [INF] Server macbook-pro-cua-alan:50039:efa000c2 all the dispatchers started
2026-05-06 05:59:15.873 +07:00 [INF] Executed DbCommand (2ms) [Parameters=[@__now_0='?' (DbType = DateTime2)], CommandType='"Text"', CommandTimeout='30']
SELECT [e].[Id], [e].[CreatedAt], [e].[GreetingTransactionId], [e].[LastError], [e].[NextRetryAt], [e].[RetryCount], [e].[Status], [e].[UpdatedAt], [g].[Id], [g].[CardId], [g].[CreatedAt], [g].[PersonalMessage], [g].[RecipientEmail], [g].[RetryCount], [g].[ScheduledSendAt], [g].[SenderId], [g].[SentAt], [g].[Status], [g].[Subject], [g].[SubscriptionId], [u0].[Id], [u0].[CreatedAt], [u0].[DeletedAt], [u0].[Email], [u0].[EmailVerificationToken], [u0].[EmailVerificationTokenExpiry], [u0].[FailedLoginCount], [u0].[FullName], [u0].[IsDeleted], [u0].[LastLoginAt], [u0].[LockReason], [u0].[LockoutEndTime], [u0].[PasswordHash], [u0].[PasswordResetToken], [u0].[PasswordResetTokenExpiry], [u0].[PasswordResetTokenUsed], [u0].[RefreshTokenExpiry], [u0].[RefreshTokenHash], [u0].[Role], [u0].[SocialProvider], [u0].[SocialProviderId], [u0].[Status], [u0].[UpdatedAt], [g1].[Id], [g1].[CategoryId], [g1].[CreatedAt], [g1].[CustomJsonContent], [g1].[DeletedAt], [g1].[Description], [g1].[FileUrl], [g1].[IsDeleted], [g1].[IsFeatured], [g1].[IsPremium], [g1].[Name], [g1].[Slug], [g1].[Status], [g1].[Tags], [g1].[ThumbnailUrl], [g1].[UpdatedAt]
FROM [EmailRetryQueues] AS [e]
INNER JOIN [GreetingTransactions] AS [g] ON [e].[GreetingTransactionId] = [g].[Id]
INNER JOIN (
    SELECT [u].[Id], [u].[CreatedAt], [u].[DeletedAt], [u].[Email], [u].[EmailVerificationToken], [u].[EmailVerificationTokenExpiry], [u].[FailedLoginCount], [u].[FullName], [u].[IsDeleted], [u].[LastLoginAt], [u].[LockReason], [u].[LockoutEndTime], [u].[PasswordHash], [u].[PasswordResetToken], [u].[PasswordResetTokenExpiry], [u].[PasswordResetTokenUsed], [u].[RefreshTokenExpiry], [u].[RefreshTokenHash], [u].[Role], [u].[SocialProvider], [u].[SocialProviderId], [u].[Status], [u].[UpdatedAt]
    FROM [Users] AS [u]
    WHERE [u].[IsDeleted] = CAST(0 AS bit)
) AS [u0] ON [g].[SenderId] = [u0].[Id]
INNER JOIN (
    SELECT [g0].[Id], [g0].[CategoryId], [g0].[CreatedAt], [g0].[CustomJsonContent], [g0].[DeletedAt], [g0].[Description], [g0].[FileUrl], [g0].[IsDeleted], [g0].[IsFeatured], [g0].[IsPremium], [g0].[Name], [g0].[Slug], [g0].[Status], [g0].[Tags], [g0].[ThumbnailUrl], [g0].[UpdatedAt]
    FROM [GreetingCards] AS [g0]
    WHERE [g0].[IsDeleted] = CAST(0 AS bit)
) AS [g1] ON [g].[CardId] = [g1].[Id]
WHERE [e].[Status] = N'PendingRetry' AND [e].[NextRetryAt] <= @__now_0
2026-05-06 06:00:00.958 +07:00 [INF] Executed DbCommand (1ms) [Parameters=[@__now_0='?' (DbType = DateTime2)], CommandType='"Text"', CommandTimeout='30']
SELECT [e].[Id], [e].[CreatedAt], [e].[GreetingTransactionId], [e].[LastError], [e].[NextRetryAt], [e].[RetryCount], [e].[Status], [e].[UpdatedAt], [g].[Id], [g].[CardId], [g].[CreatedAt], [g].[PersonalMessage], [g].[RecipientEmail], [g].[RetryCount], [g].[ScheduledSendAt], [g].[SenderId], [g].[SentAt], [g].[Status], [g].[Subject], [g].[SubscriptionId], [u0].[Id], [u0].[CreatedAt], [u0].[DeletedAt], [u0].[Email], [u0].[EmailVerificationToken], [u0].[EmailVerificationTokenExpiry], [u0].[FailedLoginCount], [u0].[FullName], [u0].[IsDeleted], [u0].[LastLoginAt], [u0].[LockReason], [u0].[LockoutEndTime], [u0].[PasswordHash], [u0].[PasswordResetToken], [u0].[PasswordResetTokenExpiry], [u0].[PasswordResetTokenUsed], [u0].[RefreshTokenExpiry], [u0].[RefreshTokenHash], [u0].[Role], [u0].[SocialProvider], [u0].[SocialProviderId], [u0].[Status], [u0].[UpdatedAt], [g1].[Id], [g1].[CategoryId], [g1].[CreatedAt], [g1].[CustomJsonContent], [g1].[DeletedAt], [g1].[Description], [g1].[FileUrl], [g1].[IsDeleted], [g1].[IsFeatured], [g1].[IsPremium], [g1].[Name], [g1].[Slug], [g1].[Status], [g1].[Tags], [g1].[ThumbnailUrl], [g1].[UpdatedAt]
FROM [EmailRetryQueues] AS [e]
INNER JOIN [GreetingTransactions] AS [g] ON [e].[GreetingTransactionId] = [g].[Id]
INNER JOIN (
    SELECT [u].[Id], [u].[CreatedAt], [u].[DeletedAt], [u].[Email], [u].[EmailVerificationToken], [u].[EmailVerificationTokenExpiry], [u].[FailedLoginCount], [u].[FullName], [u].[IsDeleted], [u].[LastLoginAt], [u].[LockReason], [u].[LockoutEndTime], [u].[PasswordHash], [u].[PasswordResetToken], [u].[PasswordResetTokenExpiry], [u].[PasswordResetTokenUsed], [u].[RefreshTokenExpiry], [u].[RefreshTokenHash], [u].[Role], [u].[SocialProvider], [u].[SocialProviderId], [u].[Status], [u].[UpdatedAt]
    FROM [Users] AS [u]
    WHERE [u].[IsDeleted] = CAST(0 AS bit)
) AS [u0] ON [g].[SenderId] = [u0].[Id]
INNER JOIN (
    SELECT [g0].[Id], [g0].[CategoryId], [g0].[CreatedAt], [g0].[CustomJsonContent], [g0].[DeletedAt], [g0].[Description], [g0].[FileUrl], [g0].[IsDeleted], [g0].[IsFeatured], [g0].[IsPremium], [g0].[Name], [g0].[Slug], [g0].[Status], [g0].[Tags], [g0].[ThumbnailUrl], [g0].[UpdatedAt]
    FROM [GreetingCards] AS [g0]
    WHERE [g0].[IsDeleted] = CAST(0 AS bit)
) AS [g1] ON [g].[CardId] = [g1].[Id]
WHERE [e].[Status] = N'PendingRetry' AND [e].[NextRetryAt] <= @__now_0
2026-05-06 06:01:02.560 +07:00 [INF] [CQRS] Handling GetCardsQuery
2026-05-06 06:01:02.561 +07:00 [INF] [CQRS] Handling GetCategoriesQuery
2026-05-06 06:01:02.584 +07:00 [INF] Executed DbCommand (10ms) [Parameters=[], CommandType='"Text"', CommandTimeout='30']
SELECT COUNT(*)
FROM [GreetingCards] AS [g]
INNER JOIN (
    SELECT [c].[Id], [c].[IsDeleted], [c].[Status]
    FROM [Categories] AS [c]
    WHERE [c].[IsDeleted] = CAST(0 AS bit)
) AS [c0] ON [g].[CategoryId] = [c0].[Id]
WHERE [g].[IsDeleted] = CAST(0 AS bit) AND [g].[Status] = N'Active' AND [g].[IsDeleted] = CAST(0 AS bit) AND [c0].[Status] = N'Active' AND [c0].[IsDeleted] = CAST(0 AS bit)
2026-05-06 06:01:02.587 +07:00 [INF] Executed DbCommand (14ms) [Parameters=[], CommandType='"Text"', CommandTimeout='30']
SELECT [c].[Id], [c].[Name], [c].[Slug], [c].[Description], [c].[IconUrl], [c].[Color], (
    SELECT COUNT(*)
    FROM [GreetingCards] AS [g]
    WHERE [g].[IsDeleted] = CAST(0 AS bit) AND [c].[Id] = [g].[CategoryId] AND [g].[Status] = N'Active' AND [g].[IsDeleted] = CAST(0 AS bit))
FROM [Categories] AS [c]
WHERE [c].[IsDeleted] = CAST(0 AS bit) AND [c].[Status] = N'Active' AND [c].[IsDeleted] = CAST(0 AS bit)
ORDER BY [c].[DisplayOrder]
2026-05-06 06:01:02.587 +07:00 [INF] [CQRS] Handled GetCategoriesQuery successfully
2026-05-06 06:01:02.588 +07:00 [INF] HTTP GET /api/categories responded 200 in 48.2175 ms
2026-05-06 06:01:02.591 +07:00 [INF] Executed DbCommand (5ms) [Parameters=[@__p_0='?' (DbType = Int32), @__p_1='?' (DbType = Int32)], CommandType='"Text"', CommandTimeout='30']
SELECT [g].[Id], [g].[Name], [g].[Slug], [g].[ThumbnailUrl], [g].[Description], [g].[IsFeatured], [g].[IsPremium], [c0].[Name], [c0].[Slug], CAST([g].[Status] AS nvarchar(max))
FROM [GreetingCards] AS [g]
INNER JOIN (
    SELECT [c].[Id], [c].[IsDeleted], [c].[Name], [c].[Slug], [c].[Status]
    FROM [Categories] AS [c]
    WHERE [c].[IsDeleted] = CAST(0 AS bit)
) AS [c0] ON [g].[CategoryId] = [c0].[Id]
WHERE [g].[IsDeleted] = CAST(0 AS bit) AND [g].[Status] = N'Active' AND [g].[IsDeleted] = CAST(0 AS bit) AND [c0].[Status] = N'Active' AND [c0].[IsDeleted] = CAST(0 AS bit)
ORDER BY [g].[CreatedAt] DESC
OFFSET @__p_0 ROWS FETCH NEXT @__p_1 ROWS ONLY
2026-05-06 06:01:02.591 +07:00 [INF] [CQRS] Handled GetCardsQuery successfully
2026-05-06 06:01:02.591 +07:00 [INF] HTTP GET /api/cards responded 200 in 51.4278 ms
2026-05-06 06:01:02.841 +07:00 [INF] [CQRS] Handling GetGreetingHistoryQuery
2026-05-06 06:01:02.846 +07:00 [INF] Executed DbCommand (4ms) [Parameters=[@__request_UserId_0='?' (DbType = Guid), @__status_1='?' (Size = 20)], CommandType='"Text"', CommandTimeout='30']
SELECT COUNT(*)
FROM [GreetingTransactions] AS [g]
WHERE [g].[SenderId] = @__request_UserId_0 AND [g].[Status] = @__status_1
2026-05-06 06:01:02.856 +07:00 [INF] Executed DbCommand (9ms) [Parameters=[@__request_UserId_0='?' (DbType = Guid), @__status_1='?' (Size = 20), @__p_2='?' (DbType = Int32), @__p_3='?' (DbType = Int32)], CommandType='"Text"', CommandTimeout='30']
SELECT [g1].[Id], [g2].[Name], [g2].[ThumbnailUrl], [g1].[RecipientEmail], [g1].[SentAt], CAST([g1].[Status] AS nvarchar(max))
FROM (
    SELECT [g].[Id], [g].[CardId], [g].[CreatedAt], [g].[RecipientEmail], [g].[SentAt], [g].[Status]
    FROM [GreetingTransactions] AS [g]
    WHERE [g].[SenderId] = @__request_UserId_0 AND [g].[Status] = @__status_1
    ORDER BY [g].[CreatedAt] DESC
    OFFSET @__p_2 ROWS FETCH NEXT @__p_3 ROWS ONLY
) AS [g1]
INNER JOIN (
    SELECT [g0].[Id], [g0].[Name], [g0].[ThumbnailUrl]
    FROM [GreetingCards] AS [g0]
    WHERE [g0].[IsDeleted] = CAST(0 AS bit)
) AS [g2] ON [g1].[CardId] = [g2].[Id]
ORDER BY [g1].[CreatedAt] DESC
2026-05-06 06:01:02.856 +07:00 [INF] [CQRS] Handled GetGreetingHistoryQuery successfully
2026-05-06 06:01:02.857 +07:00 [INF] HTTP GET /api/me/greeting-history responded 200 in 16.5000 ms
2026-05-06 06:06:21.334 +07:00 [INF] [CQRS] Handling GetCardsQuery
2026-05-06 06:06:21.334 +07:00 [INF] [CQRS] Handling GetCategoriesQuery
2026-05-06 06:06:21.348 +07:00 [INF] Executed DbCommand (5ms) [Parameters=[], CommandType='"Text"', CommandTimeout='30']
SELECT COUNT(*)
FROM [GreetingCards] AS [g]
INNER JOIN (
    SELECT [c].[Id], [c].[IsDeleted], [c].[Status]
    FROM [Categories] AS [c]
    WHERE [c].[IsDeleted] = CAST(0 AS bit)
) AS [c0] ON [g].[CategoryId] = [c0].[Id]
WHERE [g].[IsDeleted] = CAST(0 AS bit) AND [g].[Status] = N'Active' AND [g].[IsDeleted] = CAST(0 AS bit) AND [c0].[Status] = N'Active' AND [c0].[IsDeleted] = CAST(0 AS bit)
2026-05-06 06:06:21.348 +07:00 [INF] Executed DbCommand (5ms) [Parameters=[], CommandType='"Text"', CommandTimeout='30']
SELECT [c].[Id], [c].[Name], [c].[Slug], [c].[Description], [c].[IconUrl], [c].[Color], (
    SELECT COUNT(*)
    FROM [GreetingCards] AS [g]
    WHERE [g].[IsDeleted] = CAST(0 AS bit) AND [c].[Id] = [g].[CategoryId] AND [g].[Status] = N'Active' AND [g].[IsDeleted] = CAST(0 AS bit))
FROM [Categories] AS [c]
WHERE [c].[IsDeleted] = CAST(0 AS bit) AND [c].[Status] = N'Active' AND [c].[IsDeleted] = CAST(0 AS bit)
ORDER BY [c].[DisplayOrder]
2026-05-06 06:06:21.349 +07:00 [INF] [CQRS] Handled GetCategoriesQuery successfully
2026-05-06 06:06:21.349 +07:00 [INF] HTTP GET /api/categories responded 200 in 17.3388 ms
2026-05-06 06:06:21.356 +07:00 [INF] Executed DbCommand (6ms) [Parameters=[@__p_0='?' (DbType = Int32), @__p_1='?' (DbType = Int32)], CommandType='"Text"', CommandTimeout='30']
SELECT [g].[Id], [g].[Name], [g].[Slug], [g].[ThumbnailUrl], [g].[Description], [g].[IsFeatured], [g].[IsPremium], [c0].[Name], [c0].[Slug], CAST([g].[Status] AS nvarchar(max))
FROM [GreetingCards] AS [g]
INNER JOIN (
    SELECT [c].[Id], [c].[IsDeleted], [c].[Name], [c].[Slug], [c].[Status]
    FROM [Categories] AS [c]
    WHERE [c].[IsDeleted] = CAST(0 AS bit)
) AS [c0] ON [g].[CategoryId] = [c0].[Id]
WHERE [g].[IsDeleted] = CAST(0 AS bit) AND [g].[Status] = N'Active' AND [g].[IsDeleted] = CAST(0 AS bit) AND [c0].[Status] = N'Active' AND [c0].[IsDeleted] = CAST(0 AS bit)
ORDER BY [g].[CreatedAt] DESC
OFFSET @__p_0 ROWS FETCH NEXT @__p_1 ROWS ONLY
2026-05-06 06:06:21.357 +07:00 [INF] [CQRS] Handled GetCardsQuery successfully
2026-05-06 06:06:21.357 +07:00 [INF] HTTP GET /api/cards responded 200 in 25.3816 ms
2026-05-06 06:06:21.753 +07:00 [INF] [CQRS] Handling GetGreetingHistoryQuery
2026-05-06 06:06:21.762 +07:00 [INF] Executed DbCommand (7ms) [Parameters=[@__request_UserId_0='?' (DbType = Guid), @__status_1='?' (Size = 20)], CommandType='"Text"', CommandTimeout='30']
SELECT COUNT(*)
FROM [GreetingTransactions] AS [g]
WHERE [g].[SenderId] = @__request_UserId_0 AND [g].[Status] = @__status_1
2026-05-06 06:06:21.767 +07:00 [INF] Executed DbCommand (4ms) [Parameters=[@__request_UserId_0='?' (DbType = Guid), @__status_1='?' (Size = 20), @__p_2='?' (DbType = Int32), @__p_3='?' (DbType = Int32)], CommandType='"Text"', CommandTimeout='30']
SELECT [g1].[Id], [g2].[Name], [g2].[ThumbnailUrl], [g1].[RecipientEmail], [g1].[SentAt], CAST([g1].[Status] AS nvarchar(max))
FROM (
    SELECT [g].[Id], [g].[CardId], [g].[CreatedAt], [g].[RecipientEmail], [g].[SentAt], [g].[Status]
    FROM [GreetingTransactions] AS [g]
    WHERE [g].[SenderId] = @__request_UserId_0 AND [g].[Status] = @__status_1
    ORDER BY [g].[CreatedAt] DESC
    OFFSET @__p_2 ROWS FETCH NEXT @__p_3 ROWS ONLY
) AS [g1]
INNER JOIN (
    SELECT [g0].[Id], [g0].[Name], [g0].[ThumbnailUrl]
    FROM [GreetingCards] AS [g0]
    WHERE [g0].[IsDeleted] = CAST(0 AS bit)
) AS [g2] ON [g1].[CardId] = [g2].[Id]
ORDER BY [g1].[CreatedAt] DESC
2026-05-06 06:06:21.767 +07:00 [INF] [CQRS] Handled GetGreetingHistoryQuery successfully
2026-05-06 06:06:21.767 +07:00 [INF] HTTP GET /api/me/greeting-history responded 200 in 16.5263 ms
2026-05-06 06:06:53.853 +07:00 [INF] Executed DbCommand (3ms) [Parameters=[@__now_0='?' (DbType = DateTime2)], CommandType='"Text"', CommandTimeout='30']
SELECT [e].[Id], [e].[CreatedAt], [e].[GreetingTransactionId], [e].[LastError], [e].[NextRetryAt], [e].[RetryCount], [e].[Status], [e].[UpdatedAt], [g].[Id], [g].[CardId], [g].[CreatedAt], [g].[PersonalMessage], [g].[RecipientEmail], [g].[RetryCount], [g].[ScheduledSendAt], [g].[SenderId], [g].[SentAt], [g].[Status], [g].[Subject], [g].[SubscriptionId], [u0].[Id], [u0].[CreatedAt], [u0].[DeletedAt], [u0].[Email], [u0].[EmailVerificationToken], [u0].[EmailVerificationTokenExpiry], [u0].[FailedLoginCount], [u0].[FullName], [u0].[IsDeleted], [u0].[LastLoginAt], [u0].[LockReason], [u0].[LockoutEndTime], [u0].[PasswordHash], [u0].[PasswordResetToken], [u0].[PasswordResetTokenExpiry], [u0].[PasswordResetTokenUsed], [u0].[RefreshTokenExpiry], [u0].[RefreshTokenHash], [u0].[Role], [u0].[SocialProvider], [u0].[SocialProviderId], [u0].[Status], [u0].[UpdatedAt], [g1].[Id], [g1].[CategoryId], [g1].[CreatedAt], [g1].[CustomJsonContent], [g1].[DeletedAt], [g1].[Description], [g1].[FileUrl], [g1].[IsDeleted], [g1].[IsFeatured], [g1].[IsPremium], [g1].[Name], [g1].[Slug], [g1].[Status], [g1].[Tags], [g1].[ThumbnailUrl], [g1].[UpdatedAt]
FROM [EmailRetryQueues] AS [e]
INNER JOIN [GreetingTransactions] AS [g] ON [e].[GreetingTransactionId] = [g].[Id]
INNER JOIN (
    SELECT [u].[Id], [u].[CreatedAt], [u].[DeletedAt], [u].[Email], [u].[EmailVerificationToken], [u].[EmailVerificationTokenExpiry], [u].[FailedLoginCount], [u].[FullName], [u].[IsDeleted], [u].[LastLoginAt], [u].[LockReason], [u].[LockoutEndTime], [u].[PasswordHash], [u].[PasswordResetToken], [u].[PasswordResetTokenExpiry], [u].[PasswordResetTokenUsed], [u].[RefreshTokenExpiry], [u].[RefreshTokenHash], [u].[Role], [u].[SocialProvider], [u].[SocialProviderId], [u].[Status], [u].[UpdatedAt]
    FROM [Users] AS [u]
    WHERE [u].[IsDeleted] = CAST(0 AS bit)
) AS [u0] ON [g].[SenderId] = [u0].[Id]
INNER JOIN (
    SELECT [g0].[Id], [g0].[CategoryId], [g0].[CreatedAt], [g0].[CustomJsonContent], [g0].[DeletedAt], [g0].[Description], [g0].[FileUrl], [g0].[IsDeleted], [g0].[IsFeatured], [g0].[IsPremium], [g0].[Name], [g0].[Slug], [g0].[Status], [g0].[Tags], [g0].[ThumbnailUrl], [g0].[UpdatedAt]
    FROM [GreetingCards] AS [g0]
    WHERE [g0].[IsDeleted] = CAST(0 AS bit)
) AS [g1] ON [g].[CardId] = [g1].[Id]
WHERE [e].[Status] = N'PendingRetry' AND [e].[NextRetryAt] <= @__now_0
2026-05-06 06:46:52.784 +07:00 [INF] Executed DbCommand (1ms) [Parameters=[@__now_0='?' (DbType = DateTime2)], CommandType='"Text"', CommandTimeout='30']
SELECT [e].[Id], [e].[CreatedAt], [e].[GreetingTransactionId], [e].[LastError], [e].[NextRetryAt], [e].[RetryCount], [e].[Status], [e].[UpdatedAt], [g].[Id], [g].[CardId], [g].[CreatedAt], [g].[PersonalMessage], [g].[RecipientEmail], [g].[RetryCount], [g].[ScheduledSendAt], [g].[SenderId], [g].[SentAt], [g].[Status], [g].[Subject], [g].[SubscriptionId], [u0].[Id], [u0].[CreatedAt], [u0].[DeletedAt], [u0].[Email], [u0].[EmailVerificationToken], [u0].[EmailVerificationTokenExpiry], [u0].[FailedLoginCount], [u0].[FullName], [u0].[IsDeleted], [u0].[LastLoginAt], [u0].[LockReason], [u0].[LockoutEndTime], [u0].[PasswordHash], [u0].[PasswordResetToken], [u0].[PasswordResetTokenExpiry], [u0].[PasswordResetTokenUsed], [u0].[RefreshTokenExpiry], [u0].[RefreshTokenHash], [u0].[Role], [u0].[SocialProvider], [u0].[SocialProviderId], [u0].[Status], [u0].[UpdatedAt], [g1].[Id], [g1].[CategoryId], [g1].[CreatedAt], [g1].[CustomJsonContent], [g1].[DeletedAt], [g1].[Description], [g1].[FileUrl], [g1].[IsDeleted], [g1].[IsFeatured], [g1].[IsPremium], [g1].[Name], [g1].[Slug], [g1].[Status], [g1].[Tags], [g1].[ThumbnailUrl], [g1].[UpdatedAt]
FROM [EmailRetryQueues] AS [e]
INNER JOIN [GreetingTransactions] AS [g] ON [e].[GreetingTransactionId] = [g].[Id]
INNER JOIN (
    SELECT [u].[Id], [u].[CreatedAt], [u].[DeletedAt], [u].[Email], [u].[EmailVerificationToken], [u].[EmailVerificationTokenExpiry], [u].[FailedLoginCount], [u].[FullName], [u].[IsDeleted], [u].[LastLoginAt], [u].[LockReason], [u].[LockoutEndTime], [u].[PasswordHash], [u].[PasswordResetToken], [u].[PasswordResetTokenExpiry], [u].[PasswordResetTokenUsed], [u].[RefreshTokenExpiry], [u].[RefreshTokenHash], [u].[Role], [u].[SocialProvider], [u].[SocialProviderId], [u].[Status], [u].[UpdatedAt]
    FROM [Users] AS [u]
    WHERE [u].[IsDeleted] = CAST(0 AS bit)
) AS [u0] ON [g].[SenderId] = [u0].[Id]
INNER JOIN (
    SELECT [g0].[Id], [g0].[CategoryId], [g0].[CreatedAt], [g0].[CustomJsonContent], [g0].[DeletedAt], [g0].[Description], [g0].[FileUrl], [g0].[IsDeleted], [g0].[IsFeatured], [g0].[IsPremium], [g0].[Name], [g0].[Slug], [g0].[Status], [g0].[Tags], [g0].[ThumbnailUrl], [g0].[UpdatedAt]
    FROM [GreetingCards] AS [g0]
    WHERE [g0].[IsDeleted] = CAST(0 AS bit)
) AS [g1] ON [g].[CardId] = [g1].[Id]
WHERE [e].[Status] = N'PendingRetry' AND [e].[NextRetryAt] <= @__now_0
2026-05-06 08:07:22.147 +07:00 [INF] Executed DbCommand (1ms) [Parameters=[@__now_0='?' (DbType = DateTime2)], CommandType='"Text"', CommandTimeout='30']
SELECT [e].[Id], [e].[CreatedAt], [e].[GreetingTransactionId], [e].[LastError], [e].[NextRetryAt], [e].[RetryCount], [e].[Status], [e].[UpdatedAt], [g].[Id], [g].[CardId], [g].[CreatedAt], [g].[PersonalMessage], [g].[RecipientEmail], [g].[RetryCount], [g].[ScheduledSendAt], [g].[SenderId], [g].[SentAt], [g].[Status], [g].[Subject], [g].[SubscriptionId], [u0].[Id], [u0].[CreatedAt], [u0].[DeletedAt], [u0].[Email], [u0].[EmailVerificationToken], [u0].[EmailVerificationTokenExpiry], [u0].[FailedLoginCount], [u0].[FullName], [u0].[IsDeleted], [u0].[LastLoginAt], [u0].[LockReason], [u0].[LockoutEndTime], [u0].[PasswordHash], [u0].[PasswordResetToken], [u0].[PasswordResetTokenExpiry], [u0].[PasswordResetTokenUsed], [u0].[RefreshTokenExpiry], [u0].[RefreshTokenHash], [u0].[Role], [u0].[SocialProvider], [u0].[SocialProviderId], [u0].[Status], [u0].[UpdatedAt], [g1].[Id], [g1].[CategoryId], [g1].[CreatedAt], [g1].[CustomJsonContent], [g1].[DeletedAt], [g1].[Description], [g1].[FileUrl], [g1].[IsDeleted], [g1].[IsFeatured], [g1].[IsPremium], [g1].[Name], [g1].[Slug], [g1].[Status], [g1].[Tags], [g1].[ThumbnailUrl], [g1].[UpdatedAt]
FROM [EmailRetryQueues] AS [e]
INNER JOIN [GreetingTransactions] AS [g] ON [e].[GreetingTransactionId] = [g].[Id]
INNER JOIN (
    SELECT [u].[Id], [u].[CreatedAt], [u].[DeletedAt], [u].[Email], [u].[EmailVerificationToken], [u].[EmailVerificationTokenExpiry], [u].[FailedLoginCount], [u].[FullName], [u].[IsDeleted], [u].[LastLoginAt], [u].[LockReason], [u].[LockoutEndTime], [u].[PasswordHash], [u].[PasswordResetToken], [u].[PasswordResetTokenExpiry], [u].[PasswordResetTokenUsed], [u].[RefreshTokenExpiry], [u].[RefreshTokenHash], [u].[Role], [u].[SocialProvider], [u].[SocialProviderId], [u].[Status], [u].[UpdatedAt]
    FROM [Users] AS [u]
    WHERE [u].[IsDeleted] = CAST(0 AS bit)
) AS [u0] ON [g].[SenderId] = [u0].[Id]
INNER JOIN (
    SELECT [g0].[Id], [g0].[CategoryId], [g0].[CreatedAt], [g0].[CustomJsonContent], [g0].[DeletedAt], [g0].[Description], [g0].[FileUrl], [g0].[IsDeleted], [g0].[IsFeatured], [g0].[IsPremium], [g0].[Name], [g0].[Slug], [g0].[Status], [g0].[Tags], [g0].[ThumbnailUrl], [g0].[UpdatedAt]
    FROM [GreetingCards] AS [g0]
    WHERE [g0].[IsDeleted] = CAST(0 AS bit)
) AS [g1] ON [g].[CardId] = [g1].[Id]
WHERE [e].[Status] = N'PendingRetry' AND [e].[NextRetryAt] <= @__now_0
2026-05-06 08:07:22.229 +07:00 [INF] [UC15] AutoDisableExpiredSubscriptions started at "2026-05-06T01:07:22.2287340Z"
2026-05-06 08:07:22.271 +07:00 [INF] Executed DbCommand (18ms) [Parameters=[@__now_0='?' (DbType = DateTime2)], CommandType='"Text"', CommandTimeout='30']
SELECT [s].[Id], [s].[CreatedAt], [s].[DisabledReason], [s].[ExpiryDate], [s].[PaymentMethod], [s].[StartDate], [s].[Status], [s].[UpdatedAt], [s].[UserId], [u0].[Id], [u0].[CreatedAt], [u0].[DeletedAt], [u0].[Email], [u0].[EmailVerificationToken], [u0].[EmailVerificationTokenExpiry], [u0].[FailedLoginCount], [u0].[FullName], [u0].[IsDeleted], [u0].[LastLoginAt], [u0].[LockReason], [u0].[LockoutEndTime], [u0].[PasswordHash], [u0].[PasswordResetToken], [u0].[PasswordResetTokenExpiry], [u0].[PasswordResetTokenUsed], [u0].[RefreshTokenExpiry], [u0].[RefreshTokenHash], [u0].[Role], [u0].[SocialProvider], [u0].[SocialProviderId], [u0].[Status], [u0].[UpdatedAt]
FROM [Subscriptions] AS [s]
INNER JOIN (
    SELECT [u].[Id], [u].[CreatedAt], [u].[DeletedAt], [u].[Email], [u].[EmailVerificationToken], [u].[EmailVerificationTokenExpiry], [u].[FailedLoginCount], [u].[FullName], [u].[IsDeleted], [u].[LastLoginAt], [u].[LockReason], [u].[LockoutEndTime], [u].[PasswordHash], [u].[PasswordResetToken], [u].[PasswordResetTokenExpiry], [u].[PasswordResetTokenUsed], [u].[RefreshTokenExpiry], [u].[RefreshTokenHash], [u].[Role], [u].[SocialProvider], [u].[SocialProviderId], [u].[Status], [u].[UpdatedAt]
    FROM [Users] AS [u]
    WHERE [u].[IsDeleted] = CAST(0 AS bit)
) AS [u0] ON [s].[UserId] = [u0].[Id]
WHERE [s].[Status] = N'Active' AND [s].[ExpiryDate] <= @__now_0
2026-05-06 08:07:22.276 +07:00 [INF] Executed DbCommand (4ms) [Parameters=[@p0='?' (DbType = Guid), @p1='?' (DbType = Guid), @p2='?' (Size = 20), @p3='?' (Size = 2000), @p4='?' (DbType = DateTime2), @p5='?' (Size = 1000), @p6='?' (Size = 30), @p7='?' (Size = 50), @p8='?' (Size = 20), @p9='?' (DbType = DateTime2)], CommandType='"Text"', CommandTimeout='30']
SET IMPLICIT_TRANSACTIONS OFF;
SET NOCOUNT ON;
INSERT INTO [SystemLogs] ([Id], [ActorId], [ActorType], [AdditionalData], [CreatedAt], [Description], [EventType], [IpAddress], [Status], [Timestamp])
VALUES (@p0, @p1, @p2, @p3, @p4, @p5, @p6, @p7, @p8, @p9);
2026-05-06 08:07:22.292 +07:00 [INF] Executed DbCommand (7ms) [Parameters=[@__reminderDate_0='?' (DbType = DateTime2)], CommandType='"Text"', CommandTimeout='30']
SELECT [s].[Id], [s].[CreatedAt], [s].[DisabledReason], [s].[ExpiryDate], [s].[PaymentMethod], [s].[StartDate], [s].[Status], [s].[UpdatedAt], [s].[UserId], [u0].[Id], [u0].[CreatedAt], [u0].[DeletedAt], [u0].[Email], [u0].[EmailVerificationToken], [u0].[EmailVerificationTokenExpiry], [u0].[FailedLoginCount], [u0].[FullName], [u0].[IsDeleted], [u0].[LastLoginAt], [u0].[LockReason], [u0].[LockoutEndTime], [u0].[PasswordHash], [u0].[PasswordResetToken], [u0].[PasswordResetTokenExpiry], [u0].[PasswordResetTokenUsed], [u0].[RefreshTokenExpiry], [u0].[RefreshTokenHash], [u0].[Role], [u0].[SocialProvider], [u0].[SocialProviderId], [u0].[Status], [u0].[UpdatedAt]
FROM [Subscriptions] AS [s]
INNER JOIN (
    SELECT [u].[Id], [u].[CreatedAt], [u].[DeletedAt], [u].[Email], [u].[EmailVerificationToken], [u].[EmailVerificationTokenExpiry], [u].[FailedLoginCount], [u].[FullName], [u].[IsDeleted], [u].[LastLoginAt], [u].[LockReason], [u].[LockoutEndTime], [u].[PasswordHash], [u].[PasswordResetToken], [u].[PasswordResetTokenExpiry], [u].[PasswordResetTokenUsed], [u].[RefreshTokenExpiry], [u].[RefreshTokenHash], [u].[Role], [u].[SocialProvider], [u].[SocialProviderId], [u].[Status], [u].[UpdatedAt]
    FROM [Users] AS [u]
    WHERE [u].[IsDeleted] = CAST(0 AS bit)
) AS [u0] ON [s].[UserId] = [u0].[Id]
WHERE [s].[Status] = N'Active' AND [s].[ExpiryDate] IS NOT NULL AND CONVERT(date, [s].[ExpiryDate]) = @__reminderDate_0
2026-05-06 08:07:22.294 +07:00 [INF] Executed DbCommand (1ms) [Parameters=[@__reminderDate_0='?' (DbType = DateTime2)], CommandType='"Text"', CommandTimeout='30']
SELECT [s].[Id], [s].[CreatedAt], [s].[DisabledReason], [s].[ExpiryDate], [s].[PaymentMethod], [s].[StartDate], [s].[Status], [s].[UpdatedAt], [s].[UserId], [u0].[Id], [u0].[CreatedAt], [u0].[DeletedAt], [u0].[Email], [u0].[EmailVerificationToken], [u0].[EmailVerificationTokenExpiry], [u0].[FailedLoginCount], [u0].[FullName], [u0].[IsDeleted], [u0].[LastLoginAt], [u0].[LockReason], [u0].[LockoutEndTime], [u0].[PasswordHash], [u0].[PasswordResetToken], [u0].[PasswordResetTokenExpiry], [u0].[PasswordResetTokenUsed], [u0].[RefreshTokenExpiry], [u0].[RefreshTokenHash], [u0].[Role], [u0].[SocialProvider], [u0].[SocialProviderId], [u0].[Status], [u0].[UpdatedAt]
FROM [Subscriptions] AS [s]
INNER JOIN (
    SELECT [u].[Id], [u].[CreatedAt], [u].[DeletedAt], [u].[Email], [u].[EmailVerificationToken], [u].[EmailVerificationTokenExpiry], [u].[FailedLoginCount], [u].[FullName], [u].[IsDeleted], [u].[LastLoginAt], [u].[LockReason], [u].[LockoutEndTime], [u].[PasswordHash], [u].[PasswordResetToken], [u].[PasswordResetTokenExpiry], [u].[PasswordResetTokenUsed], [u].[RefreshTokenExpiry], [u].[RefreshTokenHash], [u].[Role], [u].[SocialProvider], [u].[SocialProviderId], [u].[Status], [u].[UpdatedAt]
    FROM [Users] AS [u]
    WHERE [u].[IsDeleted] = CAST(0 AS bit)
) AS [u0] ON [s].[UserId] = [u0].[Id]
WHERE [s].[Status] = N'Active' AND [s].[ExpiryDate] IS NOT NULL AND CONVERT(date, [s].[ExpiryDate]) = @__reminderDate_0
2026-05-06 08:07:22.294 +07:00 [INF] [UC15] Completed. Processed=0, Errors=0
2026-05-06 08:08:27.818 +07:00 [INF] Executed DbCommand (8ms) [Parameters=[@__now_0='?' (DbType = DateTime2)], CommandType='"Text"', CommandTimeout='30']
SELECT [e].[Id], [e].[CreatedAt], [e].[GreetingTransactionId], [e].[LastError], [e].[NextRetryAt], [e].[RetryCount], [e].[Status], [e].[UpdatedAt], [g].[Id], [g].[CardId], [g].[CreatedAt], [g].[PersonalMessage], [g].[RecipientEmail], [g].[RetryCount], [g].[ScheduledSendAt], [g].[SenderId], [g].[SentAt], [g].[Status], [g].[Subject], [g].[SubscriptionId], [u0].[Id], [u0].[CreatedAt], [u0].[DeletedAt], [u0].[Email], [u0].[EmailVerificationToken], [u0].[EmailVerificationTokenExpiry], [u0].[FailedLoginCount], [u0].[FullName], [u0].[IsDeleted], [u0].[LastLoginAt], [u0].[LockReason], [u0].[LockoutEndTime], [u0].[PasswordHash], [u0].[PasswordResetToken], [u0].[PasswordResetTokenExpiry], [u0].[PasswordResetTokenUsed], [u0].[RefreshTokenExpiry], [u0].[RefreshTokenHash], [u0].[Role], [u0].[SocialProvider], [u0].[SocialProviderId], [u0].[Status], [u0].[UpdatedAt], [g1].[Id], [g1].[CategoryId], [g1].[CreatedAt], [g1].[CustomJsonContent], [g1].[DeletedAt], [g1].[Description], [g1].[FileUrl], [g1].[IsDeleted], [g1].[IsFeatured], [g1].[IsPremium], [g1].[Name], [g1].[Slug], [g1].[Status], [g1].[Tags], [g1].[ThumbnailUrl], [g1].[UpdatedAt]
FROM [EmailRetryQueues] AS [e]
INNER JOIN [GreetingTransactions] AS [g] ON [e].[GreetingTransactionId] = [g].[Id]
INNER JOIN (
    SELECT [u].[Id], [u].[CreatedAt], [u].[DeletedAt], [u].[Email], [u].[EmailVerificationToken], [u].[EmailVerificationTokenExpiry], [u].[FailedLoginCount], [u].[FullName], [u].[IsDeleted], [u].[LastLoginAt], [u].[LockReason], [u].[LockoutEndTime], [u].[PasswordHash], [u].[PasswordResetToken], [u].[PasswordResetTokenExpiry], [u].[PasswordResetTokenUsed], [u].[RefreshTokenExpiry], [u].[RefreshTokenHash], [u].[Role], [u].[SocialProvider], [u].[SocialProviderId], [u].[Status], [u].[UpdatedAt]
    FROM [Users] AS [u]
    WHERE [u].[IsDeleted] = CAST(0 AS bit)
) AS [u0] ON [g].[SenderId] = [u0].[Id]
INNER JOIN (
    SELECT [g0].[Id], [g0].[CategoryId], [g0].[CreatedAt], [g0].[CustomJsonContent], [g0].[DeletedAt], [g0].[Description], [g0].[FileUrl], [g0].[IsDeleted], [g0].[IsFeatured], [g0].[IsPremium], [g0].[Name], [g0].[Slug], [g0].[Status], [g0].[Tags], [g0].[ThumbnailUrl], [g0].[UpdatedAt]
    FROM [GreetingCards] AS [g0]
    WHERE [g0].[IsDeleted] = CAST(0 AS bit)
) AS [g1] ON [g].[CardId] = [g1].[Id]
WHERE [e].[Status] = N'PendingRetry' AND [e].[NextRetryAt] <= @__now_0
2026-05-06 08:08:41.878 +07:00 [INF] 1 servers were removed due to timeout
2026-05-06 08:08:42.236 +07:00 [WRN] Server macbook-pro-cua-alan:50039:efa000c2 was considered dead by other servers, restarting...
2026-05-06 08:08:42.236 +07:00 [INF] Server macbook-pro-cua-alan:50039:efa000c2 caught restart signal...
2026-05-06 08:08:42.238 +07:00 [WRN] Server macbook-pro-cua-alan:50039:efa000c2 stopped non-gracefully due to ServerWatchdog, ServerJobCancellationWatcher, SqlServerHeartbeatProcess, ExpirationManager, CountersAggregator, Worker, DelayedJobScheduler, RecurringJobScheduler. Outstanding work on those dispatchers could be aborted, and there can be delays in background processing. This server instance will be incorrectly shown as active for a while. To avoid non-graceful shutdowns, investigate what prevents from stopping gracefully and add CancellationToken support for those methods.
2026-05-06 08:08:42.243 +07:00 [INF] Server macbook-pro-cua-alan:50039:efa000c2 successfully reported itself as stopped in 4,5208 ms
2026-05-06 08:08:42.243 +07:00 [INF] Server macbook-pro-cua-alan:50039:efa000c2 has been stopped in total 5,7667 ms
2026-05-06 08:08:42.250 +07:00 [INF] Server macbook-pro-cua-alan:50039:5365e6e4 successfully announced in 6,4735 ms
2026-05-06 08:08:42.251 +07:00 [INF] Server macbook-pro-cua-alan:50039:5365e6e4 is starting the registered dispatchers: ServerWatchdog, ServerJobCancellationWatcher, SqlServerHeartbeatProcess, ExpirationManager, CountersAggregator, Worker, DelayedJobScheduler, RecurringJobScheduler...
2026-05-06 08:08:42.257 +07:00 [INF] Server macbook-pro-cua-alan:50039:5365e6e4 all the dispatchers started
2026-05-06 08:49:27.445 +07:00 [INF] Executed DbCommand (2ms) [Parameters=[@__now_0='?' (DbType = DateTime2)], CommandType='"Text"', CommandTimeout='30']
SELECT [e].[Id], [e].[CreatedAt], [e].[GreetingTransactionId], [e].[LastError], [e].[NextRetryAt], [e].[RetryCount], [e].[Status], [e].[UpdatedAt], [g].[Id], [g].[CardId], [g].[CreatedAt], [g].[PersonalMessage], [g].[RecipientEmail], [g].[RetryCount], [g].[ScheduledSendAt], [g].[SenderId], [g].[SentAt], [g].[Status], [g].[Subject], [g].[SubscriptionId], [u0].[Id], [u0].[CreatedAt], [u0].[DeletedAt], [u0].[Email], [u0].[EmailVerificationToken], [u0].[EmailVerificationTokenExpiry], [u0].[FailedLoginCount], [u0].[FullName], [u0].[IsDeleted], [u0].[LastLoginAt], [u0].[LockReason], [u0].[LockoutEndTime], [u0].[PasswordHash], [u0].[PasswordResetToken], [u0].[PasswordResetTokenExpiry], [u0].[PasswordResetTokenUsed], [u0].[RefreshTokenExpiry], [u0].[RefreshTokenHash], [u0].[Role], [u0].[SocialProvider], [u0].[SocialProviderId], [u0].[Status], [u0].[UpdatedAt], [g1].[Id], [g1].[CategoryId], [g1].[CreatedAt], [g1].[CustomJsonContent], [g1].[DeletedAt], [g1].[Description], [g1].[FileUrl], [g1].[IsDeleted], [g1].[IsFeatured], [g1].[IsPremium], [g1].[Name], [g1].[Slug], [g1].[Status], [g1].[Tags], [g1].[ThumbnailUrl], [g1].[UpdatedAt]
FROM [EmailRetryQueues] AS [e]
INNER JOIN [GreetingTransactions] AS [g] ON [e].[GreetingTransactionId] = [g].[Id]
INNER JOIN (
    SELECT [u].[Id], [u].[CreatedAt], [u].[DeletedAt], [u].[Email], [u].[EmailVerificationToken], [u].[EmailVerificationTokenExpiry], [u].[FailedLoginCount], [u].[FullName], [u].[IsDeleted], [u].[LastLoginAt], [u].[LockReason], [u].[LockoutEndTime], [u].[PasswordHash], [u].[PasswordResetToken], [u].[PasswordResetTokenExpiry], [u].[PasswordResetTokenUsed], [u].[RefreshTokenExpiry], [u].[RefreshTokenHash], [u].[Role], [u].[SocialProvider], [u].[SocialProviderId], [u].[Status], [u].[UpdatedAt]
    FROM [Users] AS [u]
    WHERE [u].[IsDeleted] = CAST(0 AS bit)
) AS [u0] ON [g].[SenderId] = [u0].[Id]
INNER JOIN (
    SELECT [g0].[Id], [g0].[CategoryId], [g0].[CreatedAt], [g0].[CustomJsonContent], [g0].[DeletedAt], [g0].[Description], [g0].[FileUrl], [g0].[IsDeleted], [g0].[IsFeatured], [g0].[IsPremium], [g0].[Name], [g0].[Slug], [g0].[Status], [g0].[Tags], [g0].[ThumbnailUrl], [g0].[UpdatedAt]
    FROM [GreetingCards] AS [g0]
    WHERE [g0].[IsDeleted] = CAST(0 AS bit)
) AS [g1] ON [g].[CardId] = [g1].[Id]
WHERE [e].[Status] = N'PendingRetry' AND [e].[NextRetryAt] <= @__now_0
2026-05-06 09:41:53.970 +07:00 [INF] Executed DbCommand (2ms) [Parameters=[@__now_0='?' (DbType = DateTime2)], CommandType='"Text"', CommandTimeout='30']
SELECT [e].[Id], [e].[CreatedAt], [e].[GreetingTransactionId], [e].[LastError], [e].[NextRetryAt], [e].[RetryCount], [e].[Status], [e].[UpdatedAt], [g].[Id], [g].[CardId], [g].[CreatedAt], [g].[PersonalMessage], [g].[RecipientEmail], [g].[RetryCount], [g].[ScheduledSendAt], [g].[SenderId], [g].[SentAt], [g].[Status], [g].[Subject], [g].[SubscriptionId], [u0].[Id], [u0].[CreatedAt], [u0].[DeletedAt], [u0].[Email], [u0].[EmailVerificationToken], [u0].[EmailVerificationTokenExpiry], [u0].[FailedLoginCount], [u0].[FullName], [u0].[IsDeleted], [u0].[LastLoginAt], [u0].[LockReason], [u0].[LockoutEndTime], [u0].[PasswordHash], [u0].[PasswordResetToken], [u0].[PasswordResetTokenExpiry], [u0].[PasswordResetTokenUsed], [u0].[RefreshTokenExpiry], [u0].[RefreshTokenHash], [u0].[Role], [u0].[SocialProvider], [u0].[SocialProviderId], [u0].[Status], [u0].[UpdatedAt], [g1].[Id], [g1].[CategoryId], [g1].[CreatedAt], [g1].[CustomJsonContent], [g1].[DeletedAt], [g1].[Description], [g1].[FileUrl], [g1].[IsDeleted], [g1].[IsFeatured], [g1].[IsPremium], [g1].[Name], [g1].[Slug], [g1].[Status], [g1].[Tags], [g1].[ThumbnailUrl], [g1].[UpdatedAt]
FROM [EmailRetryQueues] AS [e]
INNER JOIN [GreetingTransactions] AS [g] ON [e].[GreetingTransactionId] = [g].[Id]
INNER JOIN (
    SELECT [u].[Id], [u].[CreatedAt], [u].[DeletedAt], [u].[Email], [u].[EmailVerificationToken], [u].[EmailVerificationTokenExpiry], [u].[FailedLoginCount], [u].[FullName], [u].[IsDeleted], [u].[LastLoginAt], [u].[LockReason], [u].[LockoutEndTime], [u].[PasswordHash], [u].[PasswordResetToken], [u].[PasswordResetTokenExpiry], [u].[PasswordResetTokenUsed], [u].[RefreshTokenExpiry], [u].[RefreshTokenHash], [u].[Role], [u].[SocialProvider], [u].[SocialProviderId], [u].[Status], [u].[UpdatedAt]
    FROM [Users] AS [u]
    WHERE [u].[IsDeleted] = CAST(0 AS bit)
) AS [u0] ON [g].[SenderId] = [u0].[Id]
INNER JOIN (
    SELECT [g0].[Id], [g0].[CategoryId], [g0].[CreatedAt], [g0].[CustomJsonContent], [g0].[DeletedAt], [g0].[Description], [g0].[FileUrl], [g0].[IsDeleted], [g0].[IsFeatured], [g0].[IsPremium], [g0].[Name], [g0].[Slug], [g0].[Status], [g0].[Tags], [g0].[ThumbnailUrl], [g0].[UpdatedAt]
    FROM [GreetingCards] AS [g0]
    WHERE [g0].[IsDeleted] = CAST(0 AS bit)
) AS [g1] ON [g].[CardId] = [g1].[Id]
WHERE [e].[Status] = N'PendingRetry' AND [e].[NextRetryAt] <= @__now_0
2026-05-06 09:41:54.000 +07:00 [INF] [UC30] CleanupOldLogsJob started, deleting logs before "2026-04-06T02:41:54.0002500Z"
2026-05-06 09:41:54.017 +07:00 [INF] Executed DbCommand (13ms) [Parameters=[@__cutoffDate_0='?' (DbType = DateTime2)], CommandType='"Text"', CommandTimeout='30']
SELECT [s].[Id], [s].[ActorId], [s].[ActorType], [s].[AdditionalData], [s].[CreatedAt], [s].[Description], [s].[EventType], [s].[IpAddress], [s].[Status], [s].[Timestamp]
FROM [SystemLogs] AS [s]
WHERE [s].[Timestamp] < @__cutoffDate_0
2026-05-06 11:00:44.000 +07:00 [INF] Executed DbCommand (2ms) [Parameters=[@__now_0='?' (DbType = DateTime2)], CommandType='"Text"', CommandTimeout='30']
SELECT [e].[Id], [e].[CreatedAt], [e].[GreetingTransactionId], [e].[LastError], [e].[NextRetryAt], [e].[RetryCount], [e].[Status], [e].[UpdatedAt], [g].[Id], [g].[CardId], [g].[CreatedAt], [g].[PersonalMessage], [g].[RecipientEmail], [g].[RetryCount], [g].[ScheduledSendAt], [g].[SenderId], [g].[SentAt], [g].[Status], [g].[Subject], [g].[SubscriptionId], [u0].[Id], [u0].[CreatedAt], [u0].[DeletedAt], [u0].[Email], [u0].[EmailVerificationToken], [u0].[EmailVerificationTokenExpiry], [u0].[FailedLoginCount], [u0].[FullName], [u0].[IsDeleted], [u0].[LastLoginAt], [u0].[LockReason], [u0].[LockoutEndTime], [u0].[PasswordHash], [u0].[PasswordResetToken], [u0].[PasswordResetTokenExpiry], [u0].[PasswordResetTokenUsed], [u0].[RefreshTokenExpiry], [u0].[RefreshTokenHash], [u0].[Role], [u0].[SocialProvider], [u0].[SocialProviderId], [u0].[Status], [u0].[UpdatedAt], [g1].[Id], [g1].[CategoryId], [g1].[CreatedAt], [g1].[CustomJsonContent], [g1].[DeletedAt], [g1].[Description], [g1].[FileUrl], [g1].[IsDeleted], [g1].[IsFeatured], [g1].[IsPremium], [g1].[Name], [g1].[Slug], [g1].[Status], [g1].[Tags], [g1].[ThumbnailUrl], [g1].[UpdatedAt]
FROM [EmailRetryQueues] AS [e]
INNER JOIN [GreetingTransactions] AS [g] ON [e].[GreetingTransactionId] = [g].[Id]
INNER JOIN (
    SELECT [u].[Id], [u].[CreatedAt], [u].[DeletedAt], [u].[Email], [u].[EmailVerificationToken], [u].[EmailVerificationTokenExpiry], [u].[FailedLoginCount], [u].[FullName], [u].[IsDeleted], [u].[LastLoginAt], [u].[LockReason], [u].[LockoutEndTime], [u].[PasswordHash], [u].[PasswordResetToken], [u].[PasswordResetTokenExpiry], [u].[PasswordResetTokenUsed], [u].[RefreshTokenExpiry], [u].[RefreshTokenHash], [u].[Role], [u].[SocialProvider], [u].[SocialProviderId], [u].[Status], [u].[UpdatedAt]
    FROM [Users] AS [u]
    WHERE [u].[IsDeleted] = CAST(0 AS bit)
) AS [u0] ON [g].[SenderId] = [u0].[Id]
INNER JOIN (
    SELECT [g0].[Id], [g0].[CategoryId], [g0].[CreatedAt], [g0].[CustomJsonContent], [g0].[DeletedAt], [g0].[Description], [g0].[FileUrl], [g0].[IsDeleted], [g0].[IsFeatured], [g0].[IsPremium], [g0].[Name], [g0].[Slug], [g0].[Status], [g0].[Tags], [g0].[ThumbnailUrl], [g0].[UpdatedAt]
    FROM [GreetingCards] AS [g0]
    WHERE [g0].[IsDeleted] = CAST(0 AS bit)
) AS [g1] ON [g].[CardId] = [g1].[Id]
WHERE [e].[Status] = N'PendingRetry' AND [e].[NextRetryAt] <= @__now_0
2026-05-06 11:47:11.215 +07:00 [INF] Executed DbCommand (2ms) [Parameters=[@__now_0='?' (DbType = DateTime2)], CommandType='"Text"', CommandTimeout='30']
SELECT [e].[Id], [e].[CreatedAt], [e].[GreetingTransactionId], [e].[LastError], [e].[NextRetryAt], [e].[RetryCount], [e].[Status], [e].[UpdatedAt], [g].[Id], [g].[CardId], [g].[CreatedAt], [g].[PersonalMessage], [g].[RecipientEmail], [g].[RetryCount], [g].[ScheduledSendAt], [g].[SenderId], [g].[SentAt], [g].[Status], [g].[Subject], [g].[SubscriptionId], [u0].[Id], [u0].[CreatedAt], [u0].[DeletedAt], [u0].[Email], [u0].[EmailVerificationToken], [u0].[EmailVerificationTokenExpiry], [u0].[FailedLoginCount], [u0].[FullName], [u0].[IsDeleted], [u0].[LastLoginAt], [u0].[LockReason], [u0].[LockoutEndTime], [u0].[PasswordHash], [u0].[PasswordResetToken], [u0].[PasswordResetTokenExpiry], [u0].[PasswordResetTokenUsed], [u0].[RefreshTokenExpiry], [u0].[RefreshTokenHash], [u0].[Role], [u0].[SocialProvider], [u0].[SocialProviderId], [u0].[Status], [u0].[UpdatedAt], [g1].[Id], [g1].[CategoryId], [g1].[CreatedAt], [g1].[CustomJsonContent], [g1].[DeletedAt], [g1].[Description], [g1].[FileUrl], [g1].[IsDeleted], [g1].[IsFeatured], [g1].[IsPremium], [g1].[Name], [g1].[Slug], [g1].[Status], [g1].[Tags], [g1].[ThumbnailUrl], [g1].[UpdatedAt]
FROM [EmailRetryQueues] AS [e]
INNER JOIN [GreetingTransactions] AS [g] ON [e].[GreetingTransactionId] = [g].[Id]
INNER JOIN (
    SELECT [u].[Id], [u].[CreatedAt], [u].[DeletedAt], [u].[Email], [u].[EmailVerificationToken], [u].[EmailVerificationTokenExpiry], [u].[FailedLoginCount], [u].[FullName], [u].[IsDeleted], [u].[LastLoginAt], [u].[LockReason], [u].[LockoutEndTime], [u].[PasswordHash], [u].[PasswordResetToken], [u].[PasswordResetTokenExpiry], [u].[PasswordResetTokenUsed], [u].[RefreshTokenExpiry], [u].[RefreshTokenHash], [u].[Role], [u].[SocialProvider], [u].[SocialProviderId], [u].[Status], [u].[UpdatedAt]
    FROM [Users] AS [u]
    WHERE [u].[IsDeleted] = CAST(0 AS bit)
) AS [u0] ON [g].[SenderId] = [u0].[Id]
INNER JOIN (
    SELECT [g0].[Id], [g0].[CategoryId], [g0].[CreatedAt], [g0].[CustomJsonContent], [g0].[DeletedAt], [g0].[Description], [g0].[FileUrl], [g0].[IsDeleted], [g0].[IsFeatured], [g0].[IsPremium], [g0].[Name], [g0].[Slug], [g0].[Status], [g0].[Tags], [g0].[ThumbnailUrl], [g0].[UpdatedAt]
    FROM [GreetingCards] AS [g0]
    WHERE [g0].[IsDeleted] = CAST(0 AS bit)
) AS [g1] ON [g].[CardId] = [g1].[Id]
WHERE [e].[Status] = N'PendingRetry' AND [e].[NextRetryAt] <= @__now_0
2026-05-06 12:45:14.501 +07:00 [INF] Executed DbCommand (10ms) [Parameters=[@__now_0='?' (DbType = DateTime2)], CommandType='"Text"', CommandTimeout='30']
SELECT [e].[Id], [e].[CreatedAt], [e].[GreetingTransactionId], [e].[LastError], [e].[NextRetryAt], [e].[RetryCount], [e].[Status], [e].[UpdatedAt], [g].[Id], [g].[CardId], [g].[CreatedAt], [g].[PersonalMessage], [g].[RecipientEmail], [g].[RetryCount], [g].[ScheduledSendAt], [g].[SenderId], [g].[SentAt], [g].[Status], [g].[Subject], [g].[SubscriptionId], [u0].[Id], [u0].[CreatedAt], [u0].[DeletedAt], [u0].[Email], [u0].[EmailVerificationToken], [u0].[EmailVerificationTokenExpiry], [u0].[FailedLoginCount], [u0].[FullName], [u0].[IsDeleted], [u0].[LastLoginAt], [u0].[LockReason], [u0].[LockoutEndTime], [u0].[PasswordHash], [u0].[PasswordResetToken], [u0].[PasswordResetTokenExpiry], [u0].[PasswordResetTokenUsed], [u0].[RefreshTokenExpiry], [u0].[RefreshTokenHash], [u0].[Role], [u0].[SocialProvider], [u0].[SocialProviderId], [u0].[Status], [u0].[UpdatedAt], [g1].[Id], [g1].[CategoryId], [g1].[CreatedAt], [g1].[CustomJsonContent], [g1].[DeletedAt], [g1].[Description], [g1].[FileUrl], [g1].[IsDeleted], [g1].[IsFeatured], [g1].[IsPremium], [g1].[Name], [g1].[Slug], [g1].[Status], [g1].[Tags], [g1].[ThumbnailUrl], [g1].[UpdatedAt]
FROM [EmailRetryQueues] AS [e]
INNER JOIN [GreetingTransactions] AS [g] ON [e].[GreetingTransactionId] = [g].[Id]
INNER JOIN (
    SELECT [u].[Id], [u].[CreatedAt], [u].[DeletedAt], [u].[Email], [u].[EmailVerificationToken], [u].[EmailVerificationTokenExpiry], [u].[FailedLoginCount], [u].[FullName], [u].[IsDeleted], [u].[LastLoginAt], [u].[LockReason], [u].[LockoutEndTime], [u].[PasswordHash], [u].[PasswordResetToken], [u].[PasswordResetTokenExpiry], [u].[PasswordResetTokenUsed], [u].[RefreshTokenExpiry], [u].[RefreshTokenHash], [u].[Role], [u].[SocialProvider], [u].[SocialProviderId], [u].[Status], [u].[UpdatedAt]
    FROM [Users] AS [u]
    WHERE [u].[IsDeleted] = CAST(0 AS bit)
) AS [u0] ON [g].[SenderId] = [u0].[Id]
INNER JOIN (
    SELECT [g0].[Id], [g0].[CategoryId], [g0].[CreatedAt], [g0].[CustomJsonContent], [g0].[DeletedAt], [g0].[Description], [g0].[FileUrl], [g0].[IsDeleted], [g0].[IsFeatured], [g0].[IsPremium], [g0].[Name], [g0].[Slug], [g0].[Status], [g0].[Tags], [g0].[ThumbnailUrl], [g0].[UpdatedAt]
    FROM [GreetingCards] AS [g0]
    WHERE [g0].[IsDeleted] = CAST(0 AS bit)
) AS [g1] ON [g].[CardId] = [g1].[Id]
WHERE [e].[Status] = N'PendingRetry' AND [e].[NextRetryAt] <= @__now_0
2026-05-06 13:28:22.359 +07:00 [INF] Executed DbCommand (2ms) [Parameters=[@__now_0='?' (DbType = DateTime2)], CommandType='"Text"', CommandTimeout='30']
SELECT [e].[Id], [e].[CreatedAt], [e].[GreetingTransactionId], [e].[LastError], [e].[NextRetryAt], [e].[RetryCount], [e].[Status], [e].[UpdatedAt], [g].[Id], [g].[CardId], [g].[CreatedAt], [g].[PersonalMessage], [g].[RecipientEmail], [g].[RetryCount], [g].[ScheduledSendAt], [g].[SenderId], [g].[SentAt], [g].[Status], [g].[Subject], [g].[SubscriptionId], [u0].[Id], [u0].[CreatedAt], [u0].[DeletedAt], [u0].[Email], [u0].[EmailVerificationToken], [u0].[EmailVerificationTokenExpiry], [u0].[FailedLoginCount], [u0].[FullName], [u0].[IsDeleted], [u0].[LastLoginAt], [u0].[LockReason], [u0].[LockoutEndTime], [u0].[PasswordHash], [u0].[PasswordResetToken], [u0].[PasswordResetTokenExpiry], [u0].[PasswordResetTokenUsed], [u0].[RefreshTokenExpiry], [u0].[RefreshTokenHash], [u0].[Role], [u0].[SocialProvider], [u0].[SocialProviderId], [u0].[Status], [u0].[UpdatedAt], [g1].[Id], [g1].[CategoryId], [g1].[CreatedAt], [g1].[CustomJsonContent], [g1].[DeletedAt], [g1].[Description], [g1].[FileUrl], [g1].[IsDeleted], [g1].[IsFeatured], [g1].[IsPremium], [g1].[Name], [g1].[Slug], [g1].[Status], [g1].[Tags], [g1].[ThumbnailUrl], [g1].[UpdatedAt]
FROM [EmailRetryQueues] AS [e]
INNER JOIN [GreetingTransactions] AS [g] ON [e].[GreetingTransactionId] = [g].[Id]
INNER JOIN (
    SELECT [u].[Id], [u].[CreatedAt], [u].[DeletedAt], [u].[Email], [u].[EmailVerificationToken], [u].[EmailVerificationTokenExpiry], [u].[FailedLoginCount], [u].[FullName], [u].[IsDeleted], [u].[LastLoginAt], [u].[LockReason], [u].[LockoutEndTime], [u].[PasswordHash], [u].[PasswordResetToken], [u].[PasswordResetTokenExpiry], [u].[PasswordResetTokenUsed], [u].[RefreshTokenExpiry], [u].[RefreshTokenHash], [u].[Role], [u].[SocialProvider], [u].[SocialProviderId], [u].[Status], [u].[UpdatedAt]
    FROM [Users] AS [u]
    WHERE [u].[IsDeleted] = CAST(0 AS bit)
) AS [u0] ON [g].[SenderId] = [u0].[Id]
INNER JOIN (
    SELECT [g0].[Id], [g0].[CategoryId], [g0].[CreatedAt], [g0].[CustomJsonContent], [g0].[DeletedAt], [g0].[Description], [g0].[FileUrl], [g0].[IsDeleted], [g0].[IsFeatured], [g0].[IsPremium], [g0].[Name], [g0].[Slug], [g0].[Status], [g0].[Tags], [g0].[ThumbnailUrl], [g0].[UpdatedAt]
    FROM [GreetingCards] AS [g0]
    WHERE [g0].[IsDeleted] = CAST(0 AS bit)
) AS [g1] ON [g].[CardId] = [g1].[Id]
WHERE [e].[Status] = N'PendingRetry' AND [e].[NextRetryAt] <= @__now_0
2026-05-06 14:30:41.960 +07:00 [INF] Executed DbCommand (1ms) [Parameters=[@__now_0='?' (DbType = DateTime2)], CommandType='"Text"', CommandTimeout='30']
SELECT [e].[Id], [e].[CreatedAt], [e].[GreetingTransactionId], [e].[LastError], [e].[NextRetryAt], [e].[RetryCount], [e].[Status], [e].[UpdatedAt], [g].[Id], [g].[CardId], [g].[CreatedAt], [g].[PersonalMessage], [g].[RecipientEmail], [g].[RetryCount], [g].[ScheduledSendAt], [g].[SenderId], [g].[SentAt], [g].[Status], [g].[Subject], [g].[SubscriptionId], [u0].[Id], [u0].[CreatedAt], [u0].[DeletedAt], [u0].[Email], [u0].[EmailVerificationToken], [u0].[EmailVerificationTokenExpiry], [u0].[FailedLoginCount], [u0].[FullName], [u0].[IsDeleted], [u0].[LastLoginAt], [u0].[LockReason], [u0].[LockoutEndTime], [u0].[PasswordHash], [u0].[PasswordResetToken], [u0].[PasswordResetTokenExpiry], [u0].[PasswordResetTokenUsed], [u0].[RefreshTokenExpiry], [u0].[RefreshTokenHash], [u0].[Role], [u0].[SocialProvider], [u0].[SocialProviderId], [u0].[Status], [u0].[UpdatedAt], [g1].[Id], [g1].[CategoryId], [g1].[CreatedAt], [g1].[CustomJsonContent], [g1].[DeletedAt], [g1].[Description], [g1].[FileUrl], [g1].[IsDeleted], [g1].[IsFeatured], [g1].[IsPremium], [g1].[Name], [g1].[Slug], [g1].[Status], [g1].[Tags], [g1].[ThumbnailUrl], [g1].[UpdatedAt]
FROM [EmailRetryQueues] AS [e]
INNER JOIN [GreetingTransactions] AS [g] ON [e].[GreetingTransactionId] = [g].[Id]
INNER JOIN (
    SELECT [u].[Id], [u].[CreatedAt], [u].[DeletedAt], [u].[Email], [u].[EmailVerificationToken], [u].[EmailVerificationTokenExpiry], [u].[FailedLoginCount], [u].[FullName], [u].[IsDeleted], [u].[LastLoginAt], [u].[LockReason], [u].[LockoutEndTime], [u].[PasswordHash], [u].[PasswordResetToken], [u].[PasswordResetTokenExpiry], [u].[PasswordResetTokenUsed], [u].[RefreshTokenExpiry], [u].[RefreshTokenHash], [u].[Role], [u].[SocialProvider], [u].[SocialProviderId], [u].[Status], [u].[UpdatedAt]
    FROM [Users] AS [u]
    WHERE [u].[IsDeleted] = CAST(0 AS bit)
) AS [u0] ON [g].[SenderId] = [u0].[Id]
INNER JOIN (
    SELECT [g0].[Id], [g0].[CategoryId], [g0].[CreatedAt], [g0].[CustomJsonContent], [g0].[DeletedAt], [g0].[Description], [g0].[FileUrl], [g0].[IsDeleted], [g0].[IsFeatured], [g0].[IsPremium], [g0].[Name], [g0].[Slug], [g0].[Status], [g0].[Tags], [g0].[ThumbnailUrl], [g0].[UpdatedAt]
    FROM [GreetingCards] AS [g0]
    WHERE [g0].[IsDeleted] = CAST(0 AS bit)
) AS [g1] ON [g].[CardId] = [g1].[Id]
WHERE [e].[Status] = N'PendingRetry' AND [e].[NextRetryAt] <= @__now_0
2026-05-06 15:23:40.177 +07:00 [INF] Executed DbCommand (31ms) [Parameters=[@__now_0='?' (DbType = DateTime2)], CommandType='"Text"', CommandTimeout='30']
SELECT [e].[Id], [e].[CreatedAt], [e].[GreetingTransactionId], [e].[LastError], [e].[NextRetryAt], [e].[RetryCount], [e].[Status], [e].[UpdatedAt], [g].[Id], [g].[CardId], [g].[CreatedAt], [g].[PersonalMessage], [g].[RecipientEmail], [g].[RetryCount], [g].[ScheduledSendAt], [g].[SenderId], [g].[SentAt], [g].[Status], [g].[Subject], [g].[SubscriptionId], [u0].[Id], [u0].[CreatedAt], [u0].[DeletedAt], [u0].[Email], [u0].[EmailVerificationToken], [u0].[EmailVerificationTokenExpiry], [u0].[FailedLoginCount], [u0].[FullName], [u0].[IsDeleted], [u0].[LastLoginAt], [u0].[LockReason], [u0].[LockoutEndTime], [u0].[PasswordHash], [u0].[PasswordResetToken], [u0].[PasswordResetTokenExpiry], [u0].[PasswordResetTokenUsed], [u0].[RefreshTokenExpiry], [u0].[RefreshTokenHash], [u0].[Role], [u0].[SocialProvider], [u0].[SocialProviderId], [u0].[Status], [u0].[UpdatedAt], [g1].[Id], [g1].[CategoryId], [g1].[CreatedAt], [g1].[CustomJsonContent], [g1].[DeletedAt], [g1].[Description], [g1].[FileUrl], [g1].[IsDeleted], [g1].[IsFeatured], [g1].[IsPremium], [g1].[Name], [g1].[Slug], [g1].[Status], [g1].[Tags], [g1].[ThumbnailUrl], [g1].[UpdatedAt]
FROM [EmailRetryQueues] AS [e]
INNER JOIN [GreetingTransactions] AS [g] ON [e].[GreetingTransactionId] = [g].[Id]
INNER JOIN (
    SELECT [u].[Id], [u].[CreatedAt], [u].[DeletedAt], [u].[Email], [u].[EmailVerificationToken], [u].[EmailVerificationTokenExpiry], [u].[FailedLoginCount], [u].[FullName], [u].[IsDeleted], [u].[LastLoginAt], [u].[LockReason], [u].[LockoutEndTime], [u].[PasswordHash], [u].[PasswordResetToken], [u].[PasswordResetTokenExpiry], [u].[PasswordResetTokenUsed], [u].[RefreshTokenExpiry], [u].[RefreshTokenHash], [u].[Role], [u].[SocialProvider], [u].[SocialProviderId], [u].[Status], [u].[UpdatedAt]
    FROM [Users] AS [u]
    WHERE [u].[IsDeleted] = CAST(0 AS bit)
) AS [u0] ON [g].[SenderId] = [u0].[Id]
INNER JOIN (
    SELECT [g0].[Id], [g0].[CategoryId], [g0].[CreatedAt], [g0].[CustomJsonContent], [g0].[DeletedAt], [g0].[Description], [g0].[FileUrl], [g0].[IsDeleted], [g0].[IsFeatured], [g0].[IsPremium], [g0].[Name], [g0].[Slug], [g0].[Status], [g0].[Tags], [g0].[ThumbnailUrl], [g0].[UpdatedAt]
    FROM [GreetingCards] AS [g0]
    WHERE [g0].[IsDeleted] = CAST(0 AS bit)
) AS [g1] ON [g].[CardId] = [g1].[Id]
WHERE [e].[Status] = N'PendingRetry' AND [e].[NextRetryAt] <= @__now_0
2026-05-06 15:23:40.263 +07:00 [INF] [UC20] SendDailyGreetings started at "2026-05-06T08:23:40.2561030Z"
2026-05-06 15:23:40.320 +07:00 [INF] Executed DbCommand (20ms) [Parameters=[], CommandType='"Text"', CommandTimeout='30']
SELECT [s].[Id], [s].[CreatedAt], [s].[DisabledReason], [s].[ExpiryDate], [s].[PaymentMethod], [s].[StartDate], [s].[Status], [s].[UpdatedAt], [s].[UserId], [u0].[Id], [u0].[CreatedAt], [u0].[DeletedAt], [u0].[Email], [u0].[EmailVerificationToken], [u0].[EmailVerificationTokenExpiry], [u0].[FailedLoginCount], [u0].[FullName], [u0].[IsDeleted], [u0].[LastLoginAt], [u0].[LockReason], [u0].[LockoutEndTime], [u0].[PasswordHash], [u0].[PasswordResetToken], [u0].[PasswordResetTokenExpiry], [u0].[PasswordResetTokenUsed], [u0].[RefreshTokenExpiry], [u0].[RefreshTokenHash], [u0].[Role], [u0].[SocialProvider], [u0].[SocialProviderId], [u0].[Status], [u0].[UpdatedAt], [s0].[Id], [s0].[CreatedAt], [s0].[Email], [s0].[SubscriptionId]
FROM [Subscriptions] AS [s]
INNER JOIN (
    SELECT [u].[Id], [u].[CreatedAt], [u].[DeletedAt], [u].[Email], [u].[EmailVerificationToken], [u].[EmailVerificationTokenExpiry], [u].[FailedLoginCount], [u].[FullName], [u].[IsDeleted], [u].[LastLoginAt], [u].[LockReason], [u].[LockoutEndTime], [u].[PasswordHash], [u].[PasswordResetToken], [u].[PasswordResetTokenExpiry], [u].[PasswordResetTokenUsed], [u].[RefreshTokenExpiry], [u].[RefreshTokenHash], [u].[Role], [u].[SocialProvider], [u].[SocialProviderId], [u].[Status], [u].[UpdatedAt]
    FROM [Users] AS [u]
    WHERE [u].[IsDeleted] = CAST(0 AS bit)
) AS [u0] ON [s].[UserId] = [u0].[Id]
LEFT JOIN [SubscriptionEmailLists] AS [s0] ON [s].[Id] = [s0].[SubscriptionId]
WHERE [s].[Status] = N'Active'
ORDER BY [s].[Id], [u0].[Id]
2026-05-06 15:23:40.378 +07:00 [INF] Executed DbCommand (53ms) [Parameters=[], CommandType='"Text"', CommandTimeout='30']
SELECT [g].[Id], [g].[CategoryId], [g].[CreatedAt], [g].[CustomJsonContent], [g].[DeletedAt], [g].[Description], [g].[FileUrl], [g].[IsDeleted], [g].[IsFeatured], [g].[IsPremium], [g].[Name], [g].[Slug], [g].[Status], [g].[Tags], [g].[ThumbnailUrl], [g].[UpdatedAt]
FROM [GreetingCards] AS [g]
WHERE [g].[IsDeleted] = CAST(0 AS bit) AND [g].[IsFeatured] = CAST(1 AS bit) AND [g].[Status] = N'Active' AND [g].[IsDeleted] = CAST(0 AS bit)
2026-05-06 15:23:40.393 +07:00 [INF] Executed DbCommand (10ms) [Parameters=[@p0='?' (DbType = Guid), @p1='?' (DbType = Guid), @p2='?' (Size = 20), @p3='?' (Size = 2000), @p4='?' (DbType = DateTime2), @p5='?' (Size = 1000), @p6='?' (Size = 30), @p7='?' (Size = 50), @p8='?' (Size = 20), @p9='?' (DbType = DateTime2)], CommandType='"Text"', CommandTimeout='30']
SET IMPLICIT_TRANSACTIONS OFF;
SET NOCOUNT ON;
INSERT INTO [SystemLogs] ([Id], [ActorId], [ActorType], [AdditionalData], [CreatedAt], [Description], [EventType], [IpAddress], [Status], [Timestamp])
VALUES (@p0, @p1, @p2, @p3, @p4, @p5, @p6, @p7, @p8, @p9);
2026-05-06 15:23:40.395 +07:00 [INF] [UC20] Done. Sent=0, Errors=0
2026-05-06 15:55:55.042 +07:00 [INF] Executed DbCommand (21ms) [Parameters=[@__now_0='?' (DbType = DateTime2)], CommandType='"Text"', CommandTimeout='30']
SELECT [e].[Id], [e].[CreatedAt], [e].[GreetingTransactionId], [e].[LastError], [e].[NextRetryAt], [e].[RetryCount], [e].[Status], [e].[UpdatedAt], [g].[Id], [g].[CardId], [g].[CreatedAt], [g].[PersonalMessage], [g].[RecipientEmail], [g].[RetryCount], [g].[ScheduledSendAt], [g].[SenderId], [g].[SentAt], [g].[Status], [g].[Subject], [g].[SubscriptionId], [u0].[Id], [u0].[CreatedAt], [u0].[DeletedAt], [u0].[Email], [u0].[EmailVerificationToken], [u0].[EmailVerificationTokenExpiry], [u0].[FailedLoginCount], [u0].[FullName], [u0].[IsDeleted], [u0].[LastLoginAt], [u0].[LockReason], [u0].[LockoutEndTime], [u0].[PasswordHash], [u0].[PasswordResetToken], [u0].[PasswordResetTokenExpiry], [u0].[PasswordResetTokenUsed], [u0].[RefreshTokenExpiry], [u0].[RefreshTokenHash], [u0].[Role], [u0].[SocialProvider], [u0].[SocialProviderId], [u0].[Status], [u0].[UpdatedAt], [g1].[Id], [g1].[CategoryId], [g1].[CreatedAt], [g1].[CustomJsonContent], [g1].[DeletedAt], [g1].[Description], [g1].[FileUrl], [g1].[IsDeleted], [g1].[IsFeatured], [g1].[IsPremium], [g1].[Name], [g1].[Slug], [g1].[Status], [g1].[Tags], [g1].[ThumbnailUrl], [g1].[UpdatedAt]
FROM [EmailRetryQueues] AS [e]
INNER JOIN [GreetingTransactions] AS [g] ON [e].[GreetingTransactionId] = [g].[Id]
INNER JOIN (
    SELECT [u].[Id], [u].[CreatedAt], [u].[DeletedAt], [u].[Email], [u].[EmailVerificationToken], [u].[EmailVerificationTokenExpiry], [u].[FailedLoginCount], [u].[FullName], [u].[IsDeleted], [u].[LastLoginAt], [u].[LockReason], [u].[LockoutEndTime], [u].[PasswordHash], [u].[PasswordResetToken], [u].[PasswordResetTokenExpiry], [u].[PasswordResetTokenUsed], [u].[RefreshTokenExpiry], [u].[RefreshTokenHash], [u].[Role], [u].[SocialProvider], [u].[SocialProviderId], [u].[Status], [u].[UpdatedAt]
    FROM [Users] AS [u]
    WHERE [u].[IsDeleted] = CAST(0 AS bit)
) AS [u0] ON [g].[SenderId] = [u0].[Id]
INNER JOIN (
    SELECT [g0].[Id], [g0].[CategoryId], [g0].[CreatedAt], [g0].[CustomJsonContent], [g0].[DeletedAt], [g0].[Description], [g0].[FileUrl], [g0].[IsDeleted], [g0].[IsFeatured], [g0].[IsPremium], [g0].[Name], [g0].[Slug], [g0].[Status], [g0].[Tags], [g0].[ThumbnailUrl], [g0].[UpdatedAt]
    FROM [GreetingCards] AS [g0]
    WHERE [g0].[IsDeleted] = CAST(0 AS bit)
) AS [g1] ON [g].[CardId] = [g1].[Id]
WHERE [e].[Status] = N'PendingRetry' AND [e].[NextRetryAt] <= @__now_0
2026-05-06 16:15:33.763 +07:00 [INF] Executed DbCommand (2ms) [Parameters=[@__now_0='?' (DbType = DateTime2)], CommandType='"Text"', CommandTimeout='30']
SELECT [e].[Id], [e].[CreatedAt], [e].[GreetingTransactionId], [e].[LastError], [e].[NextRetryAt], [e].[RetryCount], [e].[Status], [e].[UpdatedAt], [g].[Id], [g].[CardId], [g].[CreatedAt], [g].[PersonalMessage], [g].[RecipientEmail], [g].[RetryCount], [g].[ScheduledSendAt], [g].[SenderId], [g].[SentAt], [g].[Status], [g].[Subject], [g].[SubscriptionId], [u0].[Id], [u0].[CreatedAt], [u0].[DeletedAt], [u0].[Email], [u0].[EmailVerificationToken], [u0].[EmailVerificationTokenExpiry], [u0].[FailedLoginCount], [u0].[FullName], [u0].[IsDeleted], [u0].[LastLoginAt], [u0].[LockReason], [u0].[LockoutEndTime], [u0].[PasswordHash], [u0].[PasswordResetToken], [u0].[PasswordResetTokenExpiry], [u0].[PasswordResetTokenUsed], [u0].[RefreshTokenExpiry], [u0].[RefreshTokenHash], [u0].[Role], [u0].[SocialProvider], [u0].[SocialProviderId], [u0].[Status], [u0].[UpdatedAt], [g1].[Id], [g1].[CategoryId], [g1].[CreatedAt], [g1].[CustomJsonContent], [g1].[DeletedAt], [g1].[Description], [g1].[FileUrl], [g1].[IsDeleted], [g1].[IsFeatured], [g1].[IsPremium], [g1].[Name], [g1].[Slug], [g1].[Status], [g1].[Tags], [g1].[ThumbnailUrl], [g1].[UpdatedAt]
FROM [EmailRetryQueues] AS [e]
INNER JOIN [GreetingTransactions] AS [g] ON [e].[GreetingTransactionId] = [g].[Id]
INNER JOIN (
    SELECT [u].[Id], [u].[CreatedAt], [u].[DeletedAt], [u].[Email], [u].[EmailVerificationToken], [u].[EmailVerificationTokenExpiry], [u].[FailedLoginCount], [u].[FullName], [u].[IsDeleted], [u].[LastLoginAt], [u].[LockReason], [u].[LockoutEndTime], [u].[PasswordHash], [u].[PasswordResetToken], [u].[PasswordResetTokenExpiry], [u].[PasswordResetTokenUsed], [u].[RefreshTokenExpiry], [u].[RefreshTokenHash], [u].[Role], [u].[SocialProvider], [u].[SocialProviderId], [u].[Status], [u].[UpdatedAt]
    FROM [Users] AS [u]
    WHERE [u].[IsDeleted] = CAST(0 AS bit)
) AS [u0] ON [g].[SenderId] = [u0].[Id]
INNER JOIN (
    SELECT [g0].[Id], [g0].[CategoryId], [g0].[CreatedAt], [g0].[CustomJsonContent], [g0].[DeletedAt], [g0].[Description], [g0].[FileUrl], [g0].[IsDeleted], [g0].[IsFeatured], [g0].[IsPremium], [g0].[Name], [g0].[Slug], [g0].[Status], [g0].[Tags], [g0].[ThumbnailUrl], [g0].[UpdatedAt]
    FROM [GreetingCards] AS [g0]
    WHERE [g0].[IsDeleted] = CAST(0 AS bit)
) AS [g1] ON [g].[CardId] = [g1].[Id]
WHERE [e].[Status] = N'PendingRetry' AND [e].[NextRetryAt] <= @__now_0
2026-05-06 17:04:27.451 +07:00 [INF] Executed DbCommand (2ms) [Parameters=[@__now_0='?' (DbType = DateTime2)], CommandType='"Text"', CommandTimeout='30']
SELECT [e].[Id], [e].[CreatedAt], [e].[GreetingTransactionId], [e].[LastError], [e].[NextRetryAt], [e].[RetryCount], [e].[Status], [e].[UpdatedAt], [g].[Id], [g].[CardId], [g].[CreatedAt], [g].[PersonalMessage], [g].[RecipientEmail], [g].[RetryCount], [g].[ScheduledSendAt], [g].[SenderId], [g].[SentAt], [g].[Status], [g].[Subject], [g].[SubscriptionId], [u0].[Id], [u0].[CreatedAt], [u0].[DeletedAt], [u0].[Email], [u0].[EmailVerificationToken], [u0].[EmailVerificationTokenExpiry], [u0].[FailedLoginCount], [u0].[FullName], [u0].[IsDeleted], [u0].[LastLoginAt], [u0].[LockReason], [u0].[LockoutEndTime], [u0].[PasswordHash], [u0].[PasswordResetToken], [u0].[PasswordResetTokenExpiry], [u0].[PasswordResetTokenUsed], [u0].[RefreshTokenExpiry], [u0].[RefreshTokenHash], [u0].[Role], [u0].[SocialProvider], [u0].[SocialProviderId], [u0].[Status], [u0].[UpdatedAt], [g1].[Id], [g1].[CategoryId], [g1].[CreatedAt], [g1].[CustomJsonContent], [g1].[DeletedAt], [g1].[Description], [g1].[FileUrl], [g1].[IsDeleted], [g1].[IsFeatured], [g1].[IsPremium], [g1].[Name], [g1].[Slug], [g1].[Status], [g1].[Tags], [g1].[ThumbnailUrl], [g1].[UpdatedAt]
FROM [EmailRetryQueues] AS [e]
INNER JOIN [GreetingTransactions] AS [g] ON [e].[GreetingTransactionId] = [g].[Id]
INNER JOIN (
    SELECT [u].[Id], [u].[CreatedAt], [u].[DeletedAt], [u].[Email], [u].[EmailVerificationToken], [u].[EmailVerificationTokenExpiry], [u].[FailedLoginCount], [u].[FullName], [u].[IsDeleted], [u].[LastLoginAt], [u].[LockReason], [u].[LockoutEndTime], [u].[PasswordHash], [u].[PasswordResetToken], [u].[PasswordResetTokenExpiry], [u].[PasswordResetTokenUsed], [u].[RefreshTokenExpiry], [u].[RefreshTokenHash], [u].[Role], [u].[SocialProvider], [u].[SocialProviderId], [u].[Status], [u].[UpdatedAt]
    FROM [Users] AS [u]
    WHERE [u].[IsDeleted] = CAST(0 AS bit)
) AS [u0] ON [g].[SenderId] = [u0].[Id]
INNER JOIN (
    SELECT [g0].[Id], [g0].[CategoryId], [g0].[CreatedAt], [g0].[CustomJsonContent], [g0].[DeletedAt], [g0].[Description], [g0].[FileUrl], [g0].[IsDeleted], [g0].[IsFeatured], [g0].[IsPremium], [g0].[Name], [g0].[Slug], [g0].[Status], [g0].[Tags], [g0].[ThumbnailUrl], [g0].[UpdatedAt]
    FROM [GreetingCards] AS [g0]
    WHERE [g0].[IsDeleted] = CAST(0 AS bit)
) AS [g1] ON [g].[CardId] = [g1].[Id]
WHERE [e].[Status] = N'PendingRetry' AND [e].[NextRetryAt] <= @__now_0
2026-05-06 17:18:11.890 +07:00 [INF] 1 servers were removed due to timeout
2026-05-06 17:18:12.094 +07:00 [WRN] Server macbook-pro-cua-alan:50039:5365e6e4 was considered dead by other servers, restarting...
2026-05-06 17:18:12.094 +07:00 [INF] Server macbook-pro-cua-alan:50039:5365e6e4 caught restart signal...
2026-05-06 17:18:12.097 +07:00 [WRN] Server macbook-pro-cua-alan:50039:5365e6e4 stopped non-gracefully due to ServerWatchdog, ServerJobCancellationWatcher, SqlServerHeartbeatProcess, ExpirationManager, CountersAggregator, Worker, DelayedJobScheduler, RecurringJobScheduler. Outstanding work on those dispatchers could be aborted, and there can be delays in background processing. This server instance will be incorrectly shown as active for a while. To avoid non-graceful shutdowns, investigate what prevents from stopping gracefully and add CancellationToken support for those methods.
2026-05-06 17:18:12.108 +07:00 [INF] Server macbook-pro-cua-alan:50039:5365e6e4 successfully reported itself as stopped in 7,2247 ms
2026-05-06 17:18:12.108 +07:00 [INF] Server macbook-pro-cua-alan:50039:5365e6e4 has been stopped in total 9,5455 ms
2026-05-06 17:18:12.116 +07:00 [INF] Server macbook-pro-cua-alan:50039:b3ab06d5 successfully announced in 7,0584 ms
2026-05-06 17:18:12.116 +07:00 [INF] Server macbook-pro-cua-alan:50039:b3ab06d5 is starting the registered dispatchers: ServerWatchdog, ServerJobCancellationWatcher, SqlServerHeartbeatProcess, ExpirationManager, CountersAggregator, Worker, DelayedJobScheduler, RecurringJobScheduler...
2026-05-06 17:18:12.120 +07:00 [INF] Server macbook-pro-cua-alan:50039:b3ab06d5 all the dispatchers started
2026-05-06 17:30:53.449 +07:00 [INF] Executed DbCommand (2ms) [Parameters=[@__now_0='?' (DbType = DateTime2)], CommandType='"Text"', CommandTimeout='30']
SELECT [e].[Id], [e].[CreatedAt], [e].[GreetingTransactionId], [e].[LastError], [e].[NextRetryAt], [e].[RetryCount], [e].[Status], [e].[UpdatedAt], [g].[Id], [g].[CardId], [g].[CreatedAt], [g].[PersonalMessage], [g].[RecipientEmail], [g].[RetryCount], [g].[ScheduledSendAt], [g].[SenderId], [g].[SentAt], [g].[Status], [g].[Subject], [g].[SubscriptionId], [u0].[Id], [u0].[CreatedAt], [u0].[DeletedAt], [u0].[Email], [u0].[EmailVerificationToken], [u0].[EmailVerificationTokenExpiry], [u0].[FailedLoginCount], [u0].[FullName], [u0].[IsDeleted], [u0].[LastLoginAt], [u0].[LockReason], [u0].[LockoutEndTime], [u0].[PasswordHash], [u0].[PasswordResetToken], [u0].[PasswordResetTokenExpiry], [u0].[PasswordResetTokenUsed], [u0].[RefreshTokenExpiry], [u0].[RefreshTokenHash], [u0].[Role], [u0].[SocialProvider], [u0].[SocialProviderId], [u0].[Status], [u0].[UpdatedAt], [g1].[Id], [g1].[CategoryId], [g1].[CreatedAt], [g1].[CustomJsonContent], [g1].[DeletedAt], [g1].[Description], [g1].[FileUrl], [g1].[IsDeleted], [g1].[IsFeatured], [g1].[IsPremium], [g1].[Name], [g1].[Slug], [g1].[Status], [g1].[Tags], [g1].[ThumbnailUrl], [g1].[UpdatedAt]
FROM [EmailRetryQueues] AS [e]
INNER JOIN [GreetingTransactions] AS [g] ON [e].[GreetingTransactionId] = [g].[Id]
INNER JOIN (
    SELECT [u].[Id], [u].[CreatedAt], [u].[DeletedAt], [u].[Email], [u].[EmailVerificationToken], [u].[EmailVerificationTokenExpiry], [u].[FailedLoginCount], [u].[FullName], [u].[IsDeleted], [u].[LastLoginAt], [u].[LockReason], [u].[LockoutEndTime], [u].[PasswordHash], [u].[PasswordResetToken], [u].[PasswordResetTokenExpiry], [u].[PasswordResetTokenUsed], [u].[RefreshTokenExpiry], [u].[RefreshTokenHash], [u].[Role], [u].[SocialProvider], [u].[SocialProviderId], [u].[Status], [u].[UpdatedAt]
    FROM [Users] AS [u]
    WHERE [u].[IsDeleted] = CAST(0 AS bit)
) AS [u0] ON [g].[SenderId] = [u0].[Id]
INNER JOIN (
    SELECT [g0].[Id], [g0].[CategoryId], [g0].[CreatedAt], [g0].[CustomJsonContent], [g0].[DeletedAt], [g0].[Description], [g0].[FileUrl], [g0].[IsDeleted], [g0].[IsFeatured], [g0].[IsPremium], [g0].[Name], [g0].[Slug], [g0].[Status], [g0].[Tags], [g0].[ThumbnailUrl], [g0].[UpdatedAt]
    FROM [GreetingCards] AS [g0]
    WHERE [g0].[IsDeleted] = CAST(0 AS bit)
) AS [g1] ON [g].[CardId] = [g1].[Id]
WHERE [e].[Status] = N'PendingRetry' AND [e].[NextRetryAt] <= @__now_0
2026-05-06 18:16:47.138 +07:00 [INF] Executed DbCommand (1ms) [Parameters=[@__now_0='?' (DbType = DateTime2)], CommandType='"Text"', CommandTimeout='30']
SELECT [e].[Id], [e].[CreatedAt], [e].[GreetingTransactionId], [e].[LastError], [e].[NextRetryAt], [e].[RetryCount], [e].[Status], [e].[UpdatedAt], [g].[Id], [g].[CardId], [g].[CreatedAt], [g].[PersonalMessage], [g].[RecipientEmail], [g].[RetryCount], [g].[ScheduledSendAt], [g].[SenderId], [g].[SentAt], [g].[Status], [g].[Subject], [g].[SubscriptionId], [u0].[Id], [u0].[CreatedAt], [u0].[DeletedAt], [u0].[Email], [u0].[EmailVerificationToken], [u0].[EmailVerificationTokenExpiry], [u0].[FailedLoginCount], [u0].[FullName], [u0].[IsDeleted], [u0].[LastLoginAt], [u0].[LockReason], [u0].[LockoutEndTime], [u0].[PasswordHash], [u0].[PasswordResetToken], [u0].[PasswordResetTokenExpiry], [u0].[PasswordResetTokenUsed], [u0].[RefreshTokenExpiry], [u0].[RefreshTokenHash], [u0].[Role], [u0].[SocialProvider], [u0].[SocialProviderId], [u0].[Status], [u0].[UpdatedAt], [g1].[Id], [g1].[CategoryId], [g1].[CreatedAt], [g1].[CustomJsonContent], [g1].[DeletedAt], [g1].[Description], [g1].[FileUrl], [g1].[IsDeleted], [g1].[IsFeatured], [g1].[IsPremium], [g1].[Name], [g1].[Slug], [g1].[Status], [g1].[Tags], [g1].[ThumbnailUrl], [g1].[UpdatedAt]
FROM [EmailRetryQueues] AS [e]
INNER JOIN [GreetingTransactions] AS [g] ON [e].[GreetingTransactionId] = [g].[Id]
INNER JOIN (
    SELECT [u].[Id], [u].[CreatedAt], [u].[DeletedAt], [u].[Email], [u].[EmailVerificationToken], [u].[EmailVerificationTokenExpiry], [u].[FailedLoginCount], [u].[FullName], [u].[IsDeleted], [u].[LastLoginAt], [u].[LockReason], [u].[LockoutEndTime], [u].[PasswordHash], [u].[PasswordResetToken], [u].[PasswordResetTokenExpiry], [u].[PasswordResetTokenUsed], [u].[RefreshTokenExpiry], [u].[RefreshTokenHash], [u].[Role], [u].[SocialProvider], [u].[SocialProviderId], [u].[Status], [u].[UpdatedAt]
    FROM [Users] AS [u]
    WHERE [u].[IsDeleted] = CAST(0 AS bit)
) AS [u0] ON [g].[SenderId] = [u0].[Id]
INNER JOIN (
    SELECT [g0].[Id], [g0].[CategoryId], [g0].[CreatedAt], [g0].[CustomJsonContent], [g0].[DeletedAt], [g0].[Description], [g0].[FileUrl], [g0].[IsDeleted], [g0].[IsFeatured], [g0].[IsPremium], [g0].[Name], [g0].[Slug], [g0].[Status], [g0].[Tags], [g0].[ThumbnailUrl], [g0].[UpdatedAt]
    FROM [GreetingCards] AS [g0]
    WHERE [g0].[IsDeleted] = CAST(0 AS bit)
) AS [g1] ON [g].[CardId] = [g1].[Id]
WHERE [e].[Status] = N'PendingRetry' AND [e].[NextRetryAt] <= @__now_0
2026-05-06 19:08:46.602 +07:00 [INF] Executed DbCommand (11ms) [Parameters=[@__now_0='?' (DbType = DateTime2)], CommandType='"Text"', CommandTimeout='30']
SELECT [e].[Id], [e].[CreatedAt], [e].[GreetingTransactionId], [e].[LastError], [e].[NextRetryAt], [e].[RetryCount], [e].[Status], [e].[UpdatedAt], [g].[Id], [g].[CardId], [g].[CreatedAt], [g].[PersonalMessage], [g].[RecipientEmail], [g].[RetryCount], [g].[ScheduledSendAt], [g].[SenderId], [g].[SentAt], [g].[Status], [g].[Subject], [g].[SubscriptionId], [u0].[Id], [u0].[CreatedAt], [u0].[DeletedAt], [u0].[Email], [u0].[EmailVerificationToken], [u0].[EmailVerificationTokenExpiry], [u0].[FailedLoginCount], [u0].[FullName], [u0].[IsDeleted], [u0].[LastLoginAt], [u0].[LockReason], [u0].[LockoutEndTime], [u0].[PasswordHash], [u0].[PasswordResetToken], [u0].[PasswordResetTokenExpiry], [u0].[PasswordResetTokenUsed], [u0].[RefreshTokenExpiry], [u0].[RefreshTokenHash], [u0].[Role], [u0].[SocialProvider], [u0].[SocialProviderId], [u0].[Status], [u0].[UpdatedAt], [g1].[Id], [g1].[CategoryId], [g1].[CreatedAt], [g1].[CustomJsonContent], [g1].[DeletedAt], [g1].[Description], [g1].[FileUrl], [g1].[IsDeleted], [g1].[IsFeatured], [g1].[IsPremium], [g1].[Name], [g1].[Slug], [g1].[Status], [g1].[Tags], [g1].[ThumbnailUrl], [g1].[UpdatedAt]
FROM [EmailRetryQueues] AS [e]
INNER JOIN [GreetingTransactions] AS [g] ON [e].[GreetingTransactionId] = [g].[Id]
INNER JOIN (
    SELECT [u].[Id], [u].[CreatedAt], [u].[DeletedAt], [u].[Email], [u].[EmailVerificationToken], [u].[EmailVerificationTokenExpiry], [u].[FailedLoginCount], [u].[FullName], [u].[IsDeleted], [u].[LastLoginAt], [u].[LockReason], [u].[LockoutEndTime], [u].[PasswordHash], [u].[PasswordResetToken], [u].[PasswordResetTokenExpiry], [u].[PasswordResetTokenUsed], [u].[RefreshTokenExpiry], [u].[RefreshTokenHash], [u].[Role], [u].[SocialProvider], [u].[SocialProviderId], [u].[Status], [u].[UpdatedAt]
    FROM [Users] AS [u]
    WHERE [u].[IsDeleted] = CAST(0 AS bit)
) AS [u0] ON [g].[SenderId] = [u0].[Id]
INNER JOIN (
    SELECT [g0].[Id], [g0].[CategoryId], [g0].[CreatedAt], [g0].[CustomJsonContent], [g0].[DeletedAt], [g0].[Description], [g0].[FileUrl], [g0].[IsDeleted], [g0].[IsFeatured], [g0].[IsPremium], [g0].[Name], [g0].[Slug], [g0].[Status], [g0].[Tags], [g0].[ThumbnailUrl], [g0].[UpdatedAt]
    FROM [GreetingCards] AS [g0]
    WHERE [g0].[IsDeleted] = CAST(0 AS bit)
) AS [g1] ON [g].[CardId] = [g1].[Id]
WHERE [e].[Status] = N'PendingRetry' AND [e].[NextRetryAt] <= @__now_0
2026-05-06 19:10:19.964 +07:00 [INF] Executed DbCommand (4ms) [Parameters=[@__now_0='?' (DbType = DateTime2)], CommandType='"Text"', CommandTimeout='30']
SELECT [e].[Id], [e].[CreatedAt], [e].[GreetingTransactionId], [e].[LastError], [e].[NextRetryAt], [e].[RetryCount], [e].[Status], [e].[UpdatedAt], [g].[Id], [g].[CardId], [g].[CreatedAt], [g].[PersonalMessage], [g].[RecipientEmail], [g].[RetryCount], [g].[ScheduledSendAt], [g].[SenderId], [g].[SentAt], [g].[Status], [g].[Subject], [g].[SubscriptionId], [u0].[Id], [u0].[CreatedAt], [u0].[DeletedAt], [u0].[Email], [u0].[EmailVerificationToken], [u0].[EmailVerificationTokenExpiry], [u0].[FailedLoginCount], [u0].[FullName], [u0].[IsDeleted], [u0].[LastLoginAt], [u0].[LockReason], [u0].[LockoutEndTime], [u0].[PasswordHash], [u0].[PasswordResetToken], [u0].[PasswordResetTokenExpiry], [u0].[PasswordResetTokenUsed], [u0].[RefreshTokenExpiry], [u0].[RefreshTokenHash], [u0].[Role], [u0].[SocialProvider], [u0].[SocialProviderId], [u0].[Status], [u0].[UpdatedAt], [g1].[Id], [g1].[CategoryId], [g1].[CreatedAt], [g1].[CustomJsonContent], [g1].[DeletedAt], [g1].[Description], [g1].[FileUrl], [g1].[IsDeleted], [g1].[IsFeatured], [g1].[IsPremium], [g1].[Name], [g1].[Slug], [g1].[Status], [g1].[Tags], [g1].[ThumbnailUrl], [g1].[UpdatedAt]
FROM [EmailRetryQueues] AS [e]
INNER JOIN [GreetingTransactions] AS [g] ON [e].[GreetingTransactionId] = [g].[Id]
INNER JOIN (
    SELECT [u].[Id], [u].[CreatedAt], [u].[DeletedAt], [u].[Email], [u].[EmailVerificationToken], [u].[EmailVerificationTokenExpiry], [u].[FailedLoginCount], [u].[FullName], [u].[IsDeleted], [u].[LastLoginAt], [u].[LockReason], [u].[LockoutEndTime], [u].[PasswordHash], [u].[PasswordResetToken], [u].[PasswordResetTokenExpiry], [u].[PasswordResetTokenUsed], [u].[RefreshTokenExpiry], [u].[RefreshTokenHash], [u].[Role], [u].[SocialProvider], [u].[SocialProviderId], [u].[Status], [u].[UpdatedAt]
    FROM [Users] AS [u]
    WHERE [u].[IsDeleted] = CAST(0 AS bit)
) AS [u0] ON [g].[SenderId] = [u0].[Id]
INNER JOIN (
    SELECT [g0].[Id], [g0].[CategoryId], [g0].[CreatedAt], [g0].[CustomJsonContent], [g0].[DeletedAt], [g0].[Description], [g0].[FileUrl], [g0].[IsDeleted], [g0].[IsFeatured], [g0].[IsPremium], [g0].[Name], [g0].[Slug], [g0].[Status], [g0].[Tags], [g0].[ThumbnailUrl], [g0].[UpdatedAt]
    FROM [GreetingCards] AS [g0]
    WHERE [g0].[IsDeleted] = CAST(0 AS bit)
) AS [g1] ON [g].[CardId] = [g1].[Id]
WHERE [e].[Status] = N'PendingRetry' AND [e].[NextRetryAt] <= @__now_0
2026-05-06 19:15:05.337 +07:00 [INF] Executed DbCommand (4ms) [Parameters=[@__now_0='?' (DbType = DateTime2)], CommandType='"Text"', CommandTimeout='30']
SELECT [e].[Id], [e].[CreatedAt], [e].[GreetingTransactionId], [e].[LastError], [e].[NextRetryAt], [e].[RetryCount], [e].[Status], [e].[UpdatedAt], [g].[Id], [g].[CardId], [g].[CreatedAt], [g].[PersonalMessage], [g].[RecipientEmail], [g].[RetryCount], [g].[ScheduledSendAt], [g].[SenderId], [g].[SentAt], [g].[Status], [g].[Subject], [g].[SubscriptionId], [u0].[Id], [u0].[CreatedAt], [u0].[DeletedAt], [u0].[Email], [u0].[EmailVerificationToken], [u0].[EmailVerificationTokenExpiry], [u0].[FailedLoginCount], [u0].[FullName], [u0].[IsDeleted], [u0].[LastLoginAt], [u0].[LockReason], [u0].[LockoutEndTime], [u0].[PasswordHash], [u0].[PasswordResetToken], [u0].[PasswordResetTokenExpiry], [u0].[PasswordResetTokenUsed], [u0].[RefreshTokenExpiry], [u0].[RefreshTokenHash], [u0].[Role], [u0].[SocialProvider], [u0].[SocialProviderId], [u0].[Status], [u0].[UpdatedAt], [g1].[Id], [g1].[CategoryId], [g1].[CreatedAt], [g1].[CustomJsonContent], [g1].[DeletedAt], [g1].[Description], [g1].[FileUrl], [g1].[IsDeleted], [g1].[IsFeatured], [g1].[IsPremium], [g1].[Name], [g1].[Slug], [g1].[Status], [g1].[Tags], [g1].[ThumbnailUrl], [g1].[UpdatedAt]
FROM [EmailRetryQueues] AS [e]
INNER JOIN [GreetingTransactions] AS [g] ON [e].[GreetingTransactionId] = [g].[Id]
INNER JOIN (
    SELECT [u].[Id], [u].[CreatedAt], [u].[DeletedAt], [u].[Email], [u].[EmailVerificationToken], [u].[EmailVerificationTokenExpiry], [u].[FailedLoginCount], [u].[FullName], [u].[IsDeleted], [u].[LastLoginAt], [u].[LockReason], [u].[LockoutEndTime], [u].[PasswordHash], [u].[PasswordResetToken], [u].[PasswordResetTokenExpiry], [u].[PasswordResetTokenUsed], [u].[RefreshTokenExpiry], [u].[RefreshTokenHash], [u].[Role], [u].[SocialProvider], [u].[SocialProviderId], [u].[Status], [u].[UpdatedAt]
    FROM [Users] AS [u]
    WHERE [u].[IsDeleted] = CAST(0 AS bit)
) AS [u0] ON [g].[SenderId] = [u0].[Id]
INNER JOIN (
    SELECT [g0].[Id], [g0].[CategoryId], [g0].[CreatedAt], [g0].[CustomJsonContent], [g0].[DeletedAt], [g0].[Description], [g0].[FileUrl], [g0].[IsDeleted], [g0].[IsFeatured], [g0].[IsPremium], [g0].[Name], [g0].[Slug], [g0].[Status], [g0].[Tags], [g0].[ThumbnailUrl], [g0].[UpdatedAt]
    FROM [GreetingCards] AS [g0]
    WHERE [g0].[IsDeleted] = CAST(0 AS bit)
) AS [g1] ON [g].[CardId] = [g1].[Id]
WHERE [e].[Status] = N'PendingRetry' AND [e].[NextRetryAt] <= @__now_0
2026-05-06 19:20:05.623 +07:00 [INF] Executed DbCommand (1ms) [Parameters=[@__now_0='?' (DbType = DateTime2)], CommandType='"Text"', CommandTimeout='30']
SELECT [e].[Id], [e].[CreatedAt], [e].[GreetingTransactionId], [e].[LastError], [e].[NextRetryAt], [e].[RetryCount], [e].[Status], [e].[UpdatedAt], [g].[Id], [g].[CardId], [g].[CreatedAt], [g].[PersonalMessage], [g].[RecipientEmail], [g].[RetryCount], [g].[ScheduledSendAt], [g].[SenderId], [g].[SentAt], [g].[Status], [g].[Subject], [g].[SubscriptionId], [u0].[Id], [u0].[CreatedAt], [u0].[DeletedAt], [u0].[Email], [u0].[EmailVerificationToken], [u0].[EmailVerificationTokenExpiry], [u0].[FailedLoginCount], [u0].[FullName], [u0].[IsDeleted], [u0].[LastLoginAt], [u0].[LockReason], [u0].[LockoutEndTime], [u0].[PasswordHash], [u0].[PasswordResetToken], [u0].[PasswordResetTokenExpiry], [u0].[PasswordResetTokenUsed], [u0].[RefreshTokenExpiry], [u0].[RefreshTokenHash], [u0].[Role], [u0].[SocialProvider], [u0].[SocialProviderId], [u0].[Status], [u0].[UpdatedAt], [g1].[Id], [g1].[CategoryId], [g1].[CreatedAt], [g1].[CustomJsonContent], [g1].[DeletedAt], [g1].[Description], [g1].[FileUrl], [g1].[IsDeleted], [g1].[IsFeatured], [g1].[IsPremium], [g1].[Name], [g1].[Slug], [g1].[Status], [g1].[Tags], [g1].[ThumbnailUrl], [g1].[UpdatedAt]
FROM [EmailRetryQueues] AS [e]
INNER JOIN [GreetingTransactions] AS [g] ON [e].[GreetingTransactionId] = [g].[Id]
INNER JOIN (
    SELECT [u].[Id], [u].[CreatedAt], [u].[DeletedAt], [u].[Email], [u].[EmailVerificationToken], [u].[EmailVerificationTokenExpiry], [u].[FailedLoginCount], [u].[FullName], [u].[IsDeleted], [u].[LastLoginAt], [u].[LockReason], [u].[LockoutEndTime], [u].[PasswordHash], [u].[PasswordResetToken], [u].[PasswordResetTokenExpiry], [u].[PasswordResetTokenUsed], [u].[RefreshTokenExpiry], [u].[RefreshTokenHash], [u].[Role], [u].[SocialProvider], [u].[SocialProviderId], [u].[Status], [u].[UpdatedAt]
    FROM [Users] AS [u]
    WHERE [u].[IsDeleted] = CAST(0 AS bit)
) AS [u0] ON [g].[SenderId] = [u0].[Id]
INNER JOIN (
    SELECT [g0].[Id], [g0].[CategoryId], [g0].[CreatedAt], [g0].[CustomJsonContent], [g0].[DeletedAt], [g0].[Description], [g0].[FileUrl], [g0].[IsDeleted], [g0].[IsFeatured], [g0].[IsPremium], [g0].[Name], [g0].[Slug], [g0].[Status], [g0].[Tags], [g0].[ThumbnailUrl], [g0].[UpdatedAt]
    FROM [GreetingCards] AS [g0]
    WHERE [g0].[IsDeleted] = CAST(0 AS bit)
) AS [g1] ON [g].[CardId] = [g1].[Id]
WHERE [e].[Status] = N'PendingRetry' AND [e].[NextRetryAt] <= @__now_0
2026-05-06 19:25:05.930 +07:00 [INF] Executed DbCommand (2ms) [Parameters=[@__now_0='?' (DbType = DateTime2)], CommandType='"Text"', CommandTimeout='30']
SELECT [e].[Id], [e].[CreatedAt], [e].[GreetingTransactionId], [e].[LastError], [e].[NextRetryAt], [e].[RetryCount], [e].[Status], [e].[UpdatedAt], [g].[Id], [g].[CardId], [g].[CreatedAt], [g].[PersonalMessage], [g].[RecipientEmail], [g].[RetryCount], [g].[ScheduledSendAt], [g].[SenderId], [g].[SentAt], [g].[Status], [g].[Subject], [g].[SubscriptionId], [u0].[Id], [u0].[CreatedAt], [u0].[DeletedAt], [u0].[Email], [u0].[EmailVerificationToken], [u0].[EmailVerificationTokenExpiry], [u0].[FailedLoginCount], [u0].[FullName], [u0].[IsDeleted], [u0].[LastLoginAt], [u0].[LockReason], [u0].[LockoutEndTime], [u0].[PasswordHash], [u0].[PasswordResetToken], [u0].[PasswordResetTokenExpiry], [u0].[PasswordResetTokenUsed], [u0].[RefreshTokenExpiry], [u0].[RefreshTokenHash], [u0].[Role], [u0].[SocialProvider], [u0].[SocialProviderId], [u0].[Status], [u0].[UpdatedAt], [g1].[Id], [g1].[CategoryId], [g1].[CreatedAt], [g1].[CustomJsonContent], [g1].[DeletedAt], [g1].[Description], [g1].[FileUrl], [g1].[IsDeleted], [g1].[IsFeatured], [g1].[IsPremium], [g1].[Name], [g1].[Slug], [g1].[Status], [g1].[Tags], [g1].[ThumbnailUrl], [g1].[UpdatedAt]
FROM [EmailRetryQueues] AS [e]
INNER JOIN [GreetingTransactions] AS [g] ON [e].[GreetingTransactionId] = [g].[Id]
INNER JOIN (
    SELECT [u].[Id], [u].[CreatedAt], [u].[DeletedAt], [u].[Email], [u].[EmailVerificationToken], [u].[EmailVerificationTokenExpiry], [u].[FailedLoginCount], [u].[FullName], [u].[IsDeleted], [u].[LastLoginAt], [u].[LockReason], [u].[LockoutEndTime], [u].[PasswordHash], [u].[PasswordResetToken], [u].[PasswordResetTokenExpiry], [u].[PasswordResetTokenUsed], [u].[RefreshTokenExpiry], [u].[RefreshTokenHash], [u].[Role], [u].[SocialProvider], [u].[SocialProviderId], [u].[Status], [u].[UpdatedAt]
    FROM [Users] AS [u]
    WHERE [u].[IsDeleted] = CAST(0 AS bit)
) AS [u0] ON [g].[SenderId] = [u0].[Id]
INNER JOIN (
    SELECT [g0].[Id], [g0].[CategoryId], [g0].[CreatedAt], [g0].[CustomJsonContent], [g0].[DeletedAt], [g0].[Description], [g0].[FileUrl], [g0].[IsDeleted], [g0].[IsFeatured], [g0].[IsPremium], [g0].[Name], [g0].[Slug], [g0].[Status], [g0].[Tags], [g0].[ThumbnailUrl], [g0].[UpdatedAt]
    FROM [GreetingCards] AS [g0]
    WHERE [g0].[IsDeleted] = CAST(0 AS bit)
) AS [g1] ON [g].[CardId] = [g1].[Id]
WHERE [e].[Status] = N'PendingRetry' AND [e].[NextRetryAt] <= @__now_0
2026-05-06 19:30:06.250 +07:00 [INF] Executed DbCommand (1ms) [Parameters=[@__now_0='?' (DbType = DateTime2)], CommandType='"Text"', CommandTimeout='30']
SELECT [e].[Id], [e].[CreatedAt], [e].[GreetingTransactionId], [e].[LastError], [e].[NextRetryAt], [e].[RetryCount], [e].[Status], [e].[UpdatedAt], [g].[Id], [g].[CardId], [g].[CreatedAt], [g].[PersonalMessage], [g].[RecipientEmail], [g].[RetryCount], [g].[ScheduledSendAt], [g].[SenderId], [g].[SentAt], [g].[Status], [g].[Subject], [g].[SubscriptionId], [u0].[Id], [u0].[CreatedAt], [u0].[DeletedAt], [u0].[Email], [u0].[EmailVerificationToken], [u0].[EmailVerificationTokenExpiry], [u0].[FailedLoginCount], [u0].[FullName], [u0].[IsDeleted], [u0].[LastLoginAt], [u0].[LockReason], [u0].[LockoutEndTime], [u0].[PasswordHash], [u0].[PasswordResetToken], [u0].[PasswordResetTokenExpiry], [u0].[PasswordResetTokenUsed], [u0].[RefreshTokenExpiry], [u0].[RefreshTokenHash], [u0].[Role], [u0].[SocialProvider], [u0].[SocialProviderId], [u0].[Status], [u0].[UpdatedAt], [g1].[Id], [g1].[CategoryId], [g1].[CreatedAt], [g1].[CustomJsonContent], [g1].[DeletedAt], [g1].[Description], [g1].[FileUrl], [g1].[IsDeleted], [g1].[IsFeatured], [g1].[IsPremium], [g1].[Name], [g1].[Slug], [g1].[Status], [g1].[Tags], [g1].[ThumbnailUrl], [g1].[UpdatedAt]
FROM [EmailRetryQueues] AS [e]
INNER JOIN [GreetingTransactions] AS [g] ON [e].[GreetingTransactionId] = [g].[Id]
INNER JOIN (
    SELECT [u].[Id], [u].[CreatedAt], [u].[DeletedAt], [u].[Email], [u].[EmailVerificationToken], [u].[EmailVerificationTokenExpiry], [u].[FailedLoginCount], [u].[FullName], [u].[IsDeleted], [u].[LastLoginAt], [u].[LockReason], [u].[LockoutEndTime], [u].[PasswordHash], [u].[PasswordResetToken], [u].[PasswordResetTokenExpiry], [u].[PasswordResetTokenUsed], [u].[RefreshTokenExpiry], [u].[RefreshTokenHash], [u].[Role], [u].[SocialProvider], [u].[SocialProviderId], [u].[Status], [u].[UpdatedAt]
    FROM [Users] AS [u]
    WHERE [u].[IsDeleted] = CAST(0 AS bit)
) AS [u0] ON [g].[SenderId] = [u0].[Id]
INNER JOIN (
    SELECT [g0].[Id], [g0].[CategoryId], [g0].[CreatedAt], [g0].[CustomJsonContent], [g0].[DeletedAt], [g0].[Description], [g0].[FileUrl], [g0].[IsDeleted], [g0].[IsFeatured], [g0].[IsPremium], [g0].[Name], [g0].[Slug], [g0].[Status], [g0].[Tags], [g0].[ThumbnailUrl], [g0].[UpdatedAt]
    FROM [GreetingCards] AS [g0]
    WHERE [g0].[IsDeleted] = CAST(0 AS bit)
) AS [g1] ON [g].[CardId] = [g1].[Id]
WHERE [e].[Status] = N'PendingRetry' AND [e].[NextRetryAt] <= @__now_0
2026-05-06 19:35:06.617 +07:00 [INF] Executed DbCommand (2ms) [Parameters=[@__now_0='?' (DbType = DateTime2)], CommandType='"Text"', CommandTimeout='30']
SELECT [e].[Id], [e].[CreatedAt], [e].[GreetingTransactionId], [e].[LastError], [e].[NextRetryAt], [e].[RetryCount], [e].[Status], [e].[UpdatedAt], [g].[Id], [g].[CardId], [g].[CreatedAt], [g].[PersonalMessage], [g].[RecipientEmail], [g].[RetryCount], [g].[ScheduledSendAt], [g].[SenderId], [g].[SentAt], [g].[Status], [g].[Subject], [g].[SubscriptionId], [u0].[Id], [u0].[CreatedAt], [u0].[DeletedAt], [u0].[Email], [u0].[EmailVerificationToken], [u0].[EmailVerificationTokenExpiry], [u0].[FailedLoginCount], [u0].[FullName], [u0].[IsDeleted], [u0].[LastLoginAt], [u0].[LockReason], [u0].[LockoutEndTime], [u0].[PasswordHash], [u0].[PasswordResetToken], [u0].[PasswordResetTokenExpiry], [u0].[PasswordResetTokenUsed], [u0].[RefreshTokenExpiry], [u0].[RefreshTokenHash], [u0].[Role], [u0].[SocialProvider], [u0].[SocialProviderId], [u0].[Status], [u0].[UpdatedAt], [g1].[Id], [g1].[CategoryId], [g1].[CreatedAt], [g1].[CustomJsonContent], [g1].[DeletedAt], [g1].[Description], [g1].[FileUrl], [g1].[IsDeleted], [g1].[IsFeatured], [g1].[IsPremium], [g1].[Name], [g1].[Slug], [g1].[Status], [g1].[Tags], [g1].[ThumbnailUrl], [g1].[UpdatedAt]
FROM [EmailRetryQueues] AS [e]
INNER JOIN [GreetingTransactions] AS [g] ON [e].[GreetingTransactionId] = [g].[Id]
INNER JOIN (
    SELECT [u].[Id], [u].[CreatedAt], [u].[DeletedAt], [u].[Email], [u].[EmailVerificationToken], [u].[EmailVerificationTokenExpiry], [u].[FailedLoginCount], [u].[FullName], [u].[IsDeleted], [u].[LastLoginAt], [u].[LockReason], [u].[LockoutEndTime], [u].[PasswordHash], [u].[PasswordResetToken], [u].[PasswordResetTokenExpiry], [u].[PasswordResetTokenUsed], [u].[RefreshTokenExpiry], [u].[RefreshTokenHash], [u].[Role], [u].[SocialProvider], [u].[SocialProviderId], [u].[Status], [u].[UpdatedAt]
    FROM [Users] AS [u]
    WHERE [u].[IsDeleted] = CAST(0 AS bit)
) AS [u0] ON [g].[SenderId] = [u0].[Id]
INNER JOIN (
    SELECT [g0].[Id], [g0].[CategoryId], [g0].[CreatedAt], [g0].[CustomJsonContent], [g0].[DeletedAt], [g0].[Description], [g0].[FileUrl], [g0].[IsDeleted], [g0].[IsFeatured], [g0].[IsPremium], [g0].[Name], [g0].[Slug], [g0].[Status], [g0].[Tags], [g0].[ThumbnailUrl], [g0].[UpdatedAt]
    FROM [GreetingCards] AS [g0]
    WHERE [g0].[IsDeleted] = CAST(0 AS bit)
) AS [g1] ON [g].[CardId] = [g1].[Id]
WHERE [e].[Status] = N'PendingRetry' AND [e].[NextRetryAt] <= @__now_0
2026-05-06 19:40:06.977 +07:00 [INF] Executed DbCommand (3ms) [Parameters=[@__now_0='?' (DbType = DateTime2)], CommandType='"Text"', CommandTimeout='30']
SELECT [e].[Id], [e].[CreatedAt], [e].[GreetingTransactionId], [e].[LastError], [e].[NextRetryAt], [e].[RetryCount], [e].[Status], [e].[UpdatedAt], [g].[Id], [g].[CardId], [g].[CreatedAt], [g].[PersonalMessage], [g].[RecipientEmail], [g].[RetryCount], [g].[ScheduledSendAt], [g].[SenderId], [g].[SentAt], [g].[Status], [g].[Subject], [g].[SubscriptionId], [u0].[Id], [u0].[CreatedAt], [u0].[DeletedAt], [u0].[Email], [u0].[EmailVerificationToken], [u0].[EmailVerificationTokenExpiry], [u0].[FailedLoginCount], [u0].[FullName], [u0].[IsDeleted], [u0].[LastLoginAt], [u0].[LockReason], [u0].[LockoutEndTime], [u0].[PasswordHash], [u0].[PasswordResetToken], [u0].[PasswordResetTokenExpiry], [u0].[PasswordResetTokenUsed], [u0].[RefreshTokenExpiry], [u0].[RefreshTokenHash], [u0].[Role], [u0].[SocialProvider], [u0].[SocialProviderId], [u0].[Status], [u0].[UpdatedAt], [g1].[Id], [g1].[CategoryId], [g1].[CreatedAt], [g1].[CustomJsonContent], [g1].[DeletedAt], [g1].[Description], [g1].[FileUrl], [g1].[IsDeleted], [g1].[IsFeatured], [g1].[IsPremium], [g1].[Name], [g1].[Slug], [g1].[Status], [g1].[Tags], [g1].[ThumbnailUrl], [g1].[UpdatedAt]
FROM [EmailRetryQueues] AS [e]
INNER JOIN [GreetingTransactions] AS [g] ON [e].[GreetingTransactionId] = [g].[Id]
INNER JOIN (
    SELECT [u].[Id], [u].[CreatedAt], [u].[DeletedAt], [u].[Email], [u].[EmailVerificationToken], [u].[EmailVerificationTokenExpiry], [u].[FailedLoginCount], [u].[FullName], [u].[IsDeleted], [u].[LastLoginAt], [u].[LockReason], [u].[LockoutEndTime], [u].[PasswordHash], [u].[PasswordResetToken], [u].[PasswordResetTokenExpiry], [u].[PasswordResetTokenUsed], [u].[RefreshTokenExpiry], [u].[RefreshTokenHash], [u].[Role], [u].[SocialProvider], [u].[SocialProviderId], [u].[Status], [u].[UpdatedAt]
    FROM [Users] AS [u]
    WHERE [u].[IsDeleted] = CAST(0 AS bit)
) AS [u0] ON [g].[SenderId] = [u0].[Id]
INNER JOIN (
    SELECT [g0].[Id], [g0].[CategoryId], [g0].[CreatedAt], [g0].[CustomJsonContent], [g0].[DeletedAt], [g0].[Description], [g0].[FileUrl], [g0].[IsDeleted], [g0].[IsFeatured], [g0].[IsPremium], [g0].[Name], [g0].[Slug], [g0].[Status], [g0].[Tags], [g0].[ThumbnailUrl], [g0].[UpdatedAt]
    FROM [GreetingCards] AS [g0]
    WHERE [g0].[IsDeleted] = CAST(0 AS bit)
) AS [g1] ON [g].[CardId] = [g1].[Id]
WHERE [e].[Status] = N'PendingRetry' AND [e].[NextRetryAt] <= @__now_0
2026-05-06 19:45:07.289 +07:00 [INF] Executed DbCommand (1ms) [Parameters=[@__now_0='?' (DbType = DateTime2)], CommandType='"Text"', CommandTimeout='30']
SELECT [e].[Id], [e].[CreatedAt], [e].[GreetingTransactionId], [e].[LastError], [e].[NextRetryAt], [e].[RetryCount], [e].[Status], [e].[UpdatedAt], [g].[Id], [g].[CardId], [g].[CreatedAt], [g].[PersonalMessage], [g].[RecipientEmail], [g].[RetryCount], [g].[ScheduledSendAt], [g].[SenderId], [g].[SentAt], [g].[Status], [g].[Subject], [g].[SubscriptionId], [u0].[Id], [u0].[CreatedAt], [u0].[DeletedAt], [u0].[Email], [u0].[EmailVerificationToken], [u0].[EmailVerificationTokenExpiry], [u0].[FailedLoginCount], [u0].[FullName], [u0].[IsDeleted], [u0].[LastLoginAt], [u0].[LockReason], [u0].[LockoutEndTime], [u0].[PasswordHash], [u0].[PasswordResetToken], [u0].[PasswordResetTokenExpiry], [u0].[PasswordResetTokenUsed], [u0].[RefreshTokenExpiry], [u0].[RefreshTokenHash], [u0].[Role], [u0].[SocialProvider], [u0].[SocialProviderId], [u0].[Status], [u0].[UpdatedAt], [g1].[Id], [g1].[CategoryId], [g1].[CreatedAt], [g1].[CustomJsonContent], [g1].[DeletedAt], [g1].[Description], [g1].[FileUrl], [g1].[IsDeleted], [g1].[IsFeatured], [g1].[IsPremium], [g1].[Name], [g1].[Slug], [g1].[Status], [g1].[Tags], [g1].[ThumbnailUrl], [g1].[UpdatedAt]
FROM [EmailRetryQueues] AS [e]
INNER JOIN [GreetingTransactions] AS [g] ON [e].[GreetingTransactionId] = [g].[Id]
INNER JOIN (
    SELECT [u].[Id], [u].[CreatedAt], [u].[DeletedAt], [u].[Email], [u].[EmailVerificationToken], [u].[EmailVerificationTokenExpiry], [u].[FailedLoginCount], [u].[FullName], [u].[IsDeleted], [u].[LastLoginAt], [u].[LockReason], [u].[LockoutEndTime], [u].[PasswordHash], [u].[PasswordResetToken], [u].[PasswordResetTokenExpiry], [u].[PasswordResetTokenUsed], [u].[RefreshTokenExpiry], [u].[RefreshTokenHash], [u].[Role], [u].[SocialProvider], [u].[SocialProviderId], [u].[Status], [u].[UpdatedAt]
    FROM [Users] AS [u]
    WHERE [u].[IsDeleted] = CAST(0 AS bit)
) AS [u0] ON [g].[SenderId] = [u0].[Id]
INNER JOIN (
    SELECT [g0].[Id], [g0].[CategoryId], [g0].[CreatedAt], [g0].[CustomJsonContent], [g0].[DeletedAt], [g0].[Description], [g0].[FileUrl], [g0].[IsDeleted], [g0].[IsFeatured], [g0].[IsPremium], [g0].[Name], [g0].[Slug], [g0].[Status], [g0].[Tags], [g0].[ThumbnailUrl], [g0].[UpdatedAt]
    FROM [GreetingCards] AS [g0]
    WHERE [g0].[IsDeleted] = CAST(0 AS bit)
) AS [g1] ON [g].[CardId] = [g1].[Id]
WHERE [e].[Status] = N'PendingRetry' AND [e].[NextRetryAt] <= @__now_0
2026-05-06 19:50:07.659 +07:00 [INF] Executed DbCommand (2ms) [Parameters=[@__now_0='?' (DbType = DateTime2)], CommandType='"Text"', CommandTimeout='30']
SELECT [e].[Id], [e].[CreatedAt], [e].[GreetingTransactionId], [e].[LastError], [e].[NextRetryAt], [e].[RetryCount], [e].[Status], [e].[UpdatedAt], [g].[Id], [g].[CardId], [g].[CreatedAt], [g].[PersonalMessage], [g].[RecipientEmail], [g].[RetryCount], [g].[ScheduledSendAt], [g].[SenderId], [g].[SentAt], [g].[Status], [g].[Subject], [g].[SubscriptionId], [u0].[Id], [u0].[CreatedAt], [u0].[DeletedAt], [u0].[Email], [u0].[EmailVerificationToken], [u0].[EmailVerificationTokenExpiry], [u0].[FailedLoginCount], [u0].[FullName], [u0].[IsDeleted], [u0].[LastLoginAt], [u0].[LockReason], [u0].[LockoutEndTime], [u0].[PasswordHash], [u0].[PasswordResetToken], [u0].[PasswordResetTokenExpiry], [u0].[PasswordResetTokenUsed], [u0].[RefreshTokenExpiry], [u0].[RefreshTokenHash], [u0].[Role], [u0].[SocialProvider], [u0].[SocialProviderId], [u0].[Status], [u0].[UpdatedAt], [g1].[Id], [g1].[CategoryId], [g1].[CreatedAt], [g1].[CustomJsonContent], [g1].[DeletedAt], [g1].[Description], [g1].[FileUrl], [g1].[IsDeleted], [g1].[IsFeatured], [g1].[IsPremium], [g1].[Name], [g1].[Slug], [g1].[Status], [g1].[Tags], [g1].[ThumbnailUrl], [g1].[UpdatedAt]
FROM [EmailRetryQueues] AS [e]
INNER JOIN [GreetingTransactions] AS [g] ON [e].[GreetingTransactionId] = [g].[Id]
INNER JOIN (
    SELECT [u].[Id], [u].[CreatedAt], [u].[DeletedAt], [u].[Email], [u].[EmailVerificationToken], [u].[EmailVerificationTokenExpiry], [u].[FailedLoginCount], [u].[FullName], [u].[IsDeleted], [u].[LastLoginAt], [u].[LockReason], [u].[LockoutEndTime], [u].[PasswordHash], [u].[PasswordResetToken], [u].[PasswordResetTokenExpiry], [u].[PasswordResetTokenUsed], [u].[RefreshTokenExpiry], [u].[RefreshTokenHash], [u].[Role], [u].[SocialProvider], [u].[SocialProviderId], [u].[Status], [u].[UpdatedAt]
    FROM [Users] AS [u]
    WHERE [u].[IsDeleted] = CAST(0 AS bit)
) AS [u0] ON [g].[SenderId] = [u0].[Id]
INNER JOIN (
    SELECT [g0].[Id], [g0].[CategoryId], [g0].[CreatedAt], [g0].[CustomJsonContent], [g0].[DeletedAt], [g0].[Description], [g0].[FileUrl], [g0].[IsDeleted], [g0].[IsFeatured], [g0].[IsPremium], [g0].[Name], [g0].[Slug], [g0].[Status], [g0].[Tags], [g0].[ThumbnailUrl], [g0].[UpdatedAt]
    FROM [GreetingCards] AS [g0]
    WHERE [g0].[IsDeleted] = CAST(0 AS bit)
) AS [g1] ON [g].[CardId] = [g1].[Id]
WHERE [e].[Status] = N'PendingRetry' AND [e].[NextRetryAt] <= @__now_0
2026-05-06 19:55:08.073 +07:00 [INF] Executed DbCommand (1ms) [Parameters=[@__now_0='?' (DbType = DateTime2)], CommandType='"Text"', CommandTimeout='30']
SELECT [e].[Id], [e].[CreatedAt], [e].[GreetingTransactionId], [e].[LastError], [e].[NextRetryAt], [e].[RetryCount], [e].[Status], [e].[UpdatedAt], [g].[Id], [g].[CardId], [g].[CreatedAt], [g].[PersonalMessage], [g].[RecipientEmail], [g].[RetryCount], [g].[ScheduledSendAt], [g].[SenderId], [g].[SentAt], [g].[Status], [g].[Subject], [g].[SubscriptionId], [u0].[Id], [u0].[CreatedAt], [u0].[DeletedAt], [u0].[Email], [u0].[EmailVerificationToken], [u0].[EmailVerificationTokenExpiry], [u0].[FailedLoginCount], [u0].[FullName], [u0].[IsDeleted], [u0].[LastLoginAt], [u0].[LockReason], [u0].[LockoutEndTime], [u0].[PasswordHash], [u0].[PasswordResetToken], [u0].[PasswordResetTokenExpiry], [u0].[PasswordResetTokenUsed], [u0].[RefreshTokenExpiry], [u0].[RefreshTokenHash], [u0].[Role], [u0].[SocialProvider], [u0].[SocialProviderId], [u0].[Status], [u0].[UpdatedAt], [g1].[Id], [g1].[CategoryId], [g1].[CreatedAt], [g1].[CustomJsonContent], [g1].[DeletedAt], [g1].[Description], [g1].[FileUrl], [g1].[IsDeleted], [g1].[IsFeatured], [g1].[IsPremium], [g1].[Name], [g1].[Slug], [g1].[Status], [g1].[Tags], [g1].[ThumbnailUrl], [g1].[UpdatedAt]
FROM [EmailRetryQueues] AS [e]
INNER JOIN [GreetingTransactions] AS [g] ON [e].[GreetingTransactionId] = [g].[Id]
INNER JOIN (
    SELECT [u].[Id], [u].[CreatedAt], [u].[DeletedAt], [u].[Email], [u].[EmailVerificationToken], [u].[EmailVerificationTokenExpiry], [u].[FailedLoginCount], [u].[FullName], [u].[IsDeleted], [u].[LastLoginAt], [u].[LockReason], [u].[LockoutEndTime], [u].[PasswordHash], [u].[PasswordResetToken], [u].[PasswordResetTokenExpiry], [u].[PasswordResetTokenUsed], [u].[RefreshTokenExpiry], [u].[RefreshTokenHash], [u].[Role], [u].[SocialProvider], [u].[SocialProviderId], [u].[Status], [u].[UpdatedAt]
    FROM [Users] AS [u]
    WHERE [u].[IsDeleted] = CAST(0 AS bit)
) AS [u0] ON [g].[SenderId] = [u0].[Id]
INNER JOIN (
    SELECT [g0].[Id], [g0].[CategoryId], [g0].[CreatedAt], [g0].[CustomJsonContent], [g0].[DeletedAt], [g0].[Description], [g0].[FileUrl], [g0].[IsDeleted], [g0].[IsFeatured], [g0].[IsPremium], [g0].[Name], [g0].[Slug], [g0].[Status], [g0].[Tags], [g0].[ThumbnailUrl], [g0].[UpdatedAt]
    FROM [GreetingCards] AS [g0]
    WHERE [g0].[IsDeleted] = CAST(0 AS bit)
) AS [g1] ON [g].[CardId] = [g1].[Id]
WHERE [e].[Status] = N'PendingRetry' AND [e].[NextRetryAt] <= @__now_0
2026-05-06 20:00:08.492 +07:00 [INF] Executed DbCommand (4ms) [Parameters=[@__now_0='?' (DbType = DateTime2)], CommandType='"Text"', CommandTimeout='30']
SELECT [e].[Id], [e].[CreatedAt], [e].[GreetingTransactionId], [e].[LastError], [e].[NextRetryAt], [e].[RetryCount], [e].[Status], [e].[UpdatedAt], [g].[Id], [g].[CardId], [g].[CreatedAt], [g].[PersonalMessage], [g].[RecipientEmail], [g].[RetryCount], [g].[ScheduledSendAt], [g].[SenderId], [g].[SentAt], [g].[Status], [g].[Subject], [g].[SubscriptionId], [u0].[Id], [u0].[CreatedAt], [u0].[DeletedAt], [u0].[Email], [u0].[EmailVerificationToken], [u0].[EmailVerificationTokenExpiry], [u0].[FailedLoginCount], [u0].[FullName], [u0].[IsDeleted], [u0].[LastLoginAt], [u0].[LockReason], [u0].[LockoutEndTime], [u0].[PasswordHash], [u0].[PasswordResetToken], [u0].[PasswordResetTokenExpiry], [u0].[PasswordResetTokenUsed], [u0].[RefreshTokenExpiry], [u0].[RefreshTokenHash], [u0].[Role], [u0].[SocialProvider], [u0].[SocialProviderId], [u0].[Status], [u0].[UpdatedAt], [g1].[Id], [g1].[CategoryId], [g1].[CreatedAt], [g1].[CustomJsonContent], [g1].[DeletedAt], [g1].[Description], [g1].[FileUrl], [g1].[IsDeleted], [g1].[IsFeatured], [g1].[IsPremium], [g1].[Name], [g1].[Slug], [g1].[Status], [g1].[Tags], [g1].[ThumbnailUrl], [g1].[UpdatedAt]
FROM [EmailRetryQueues] AS [e]
INNER JOIN [GreetingTransactions] AS [g] ON [e].[GreetingTransactionId] = [g].[Id]
INNER JOIN (
    SELECT [u].[Id], [u].[CreatedAt], [u].[DeletedAt], [u].[Email], [u].[EmailVerificationToken], [u].[EmailVerificationTokenExpiry], [u].[FailedLoginCount], [u].[FullName], [u].[IsDeleted], [u].[LastLoginAt], [u].[LockReason], [u].[LockoutEndTime], [u].[PasswordHash], [u].[PasswordResetToken], [u].[PasswordResetTokenExpiry], [u].[PasswordResetTokenUsed], [u].[RefreshTokenExpiry], [u].[RefreshTokenHash], [u].[Role], [u].[SocialProvider], [u].[SocialProviderId], [u].[Status], [u].[UpdatedAt]
    FROM [Users] AS [u]
    WHERE [u].[IsDeleted] = CAST(0 AS bit)
) AS [u0] ON [g].[SenderId] = [u0].[Id]
INNER JOIN (
    SELECT [g0].[Id], [g0].[CategoryId], [g0].[CreatedAt], [g0].[CustomJsonContent], [g0].[DeletedAt], [g0].[Description], [g0].[FileUrl], [g0].[IsDeleted], [g0].[IsFeatured], [g0].[IsPremium], [g0].[Name], [g0].[Slug], [g0].[Status], [g0].[Tags], [g0].[ThumbnailUrl], [g0].[UpdatedAt]
    FROM [GreetingCards] AS [g0]
    WHERE [g0].[IsDeleted] = CAST(0 AS bit)
) AS [g1] ON [g].[CardId] = [g1].[Id]
WHERE [e].[Status] = N'PendingRetry' AND [e].[NextRetryAt] <= @__now_0
2026-05-06 20:05:08.993 +07:00 [INF] Executed DbCommand (2ms) [Parameters=[@__now_0='?' (DbType = DateTime2)], CommandType='"Text"', CommandTimeout='30']
SELECT [e].[Id], [e].[CreatedAt], [e].[GreetingTransactionId], [e].[LastError], [e].[NextRetryAt], [e].[RetryCount], [e].[Status], [e].[UpdatedAt], [g].[Id], [g].[CardId], [g].[CreatedAt], [g].[PersonalMessage], [g].[RecipientEmail], [g].[RetryCount], [g].[ScheduledSendAt], [g].[SenderId], [g].[SentAt], [g].[Status], [g].[Subject], [g].[SubscriptionId], [u0].[Id], [u0].[CreatedAt], [u0].[DeletedAt], [u0].[Email], [u0].[EmailVerificationToken], [u0].[EmailVerificationTokenExpiry], [u0].[FailedLoginCount], [u0].[FullName], [u0].[IsDeleted], [u0].[LastLoginAt], [u0].[LockReason], [u0].[LockoutEndTime], [u0].[PasswordHash], [u0].[PasswordResetToken], [u0].[PasswordResetTokenExpiry], [u0].[PasswordResetTokenUsed], [u0].[RefreshTokenExpiry], [u0].[RefreshTokenHash], [u0].[Role], [u0].[SocialProvider], [u0].[SocialProviderId], [u0].[Status], [u0].[UpdatedAt], [g1].[Id], [g1].[CategoryId], [g1].[CreatedAt], [g1].[CustomJsonContent], [g1].[DeletedAt], [g1].[Description], [g1].[FileUrl], [g1].[IsDeleted], [g1].[IsFeatured], [g1].[IsPremium], [g1].[Name], [g1].[Slug], [g1].[Status], [g1].[Tags], [g1].[ThumbnailUrl], [g1].[UpdatedAt]
FROM [EmailRetryQueues] AS [e]
INNER JOIN [GreetingTransactions] AS [g] ON [e].[GreetingTransactionId] = [g].[Id]
INNER JOIN (
    SELECT [u].[Id], [u].[CreatedAt], [u].[DeletedAt], [u].[Email], [u].[EmailVerificationToken], [u].[EmailVerificationTokenExpiry], [u].[FailedLoginCount], [u].[FullName], [u].[IsDeleted], [u].[LastLoginAt], [u].[LockReason], [u].[LockoutEndTime], [u].[PasswordHash], [u].[PasswordResetToken], [u].[PasswordResetTokenExpiry], [u].[PasswordResetTokenUsed], [u].[RefreshTokenExpiry], [u].[RefreshTokenHash], [u].[Role], [u].[SocialProvider], [u].[SocialProviderId], [u].[Status], [u].[UpdatedAt]
    FROM [Users] AS [u]
    WHERE [u].[IsDeleted] = CAST(0 AS bit)
) AS [u0] ON [g].[SenderId] = [u0].[Id]
INNER JOIN (
    SELECT [g0].[Id], [g0].[CategoryId], [g0].[CreatedAt], [g0].[CustomJsonContent], [g0].[DeletedAt], [g0].[Description], [g0].[FileUrl], [g0].[IsDeleted], [g0].[IsFeatured], [g0].[IsPremium], [g0].[Name], [g0].[Slug], [g0].[Status], [g0].[Tags], [g0].[ThumbnailUrl], [g0].[UpdatedAt]
    FROM [GreetingCards] AS [g0]
    WHERE [g0].[IsDeleted] = CAST(0 AS bit)
) AS [g1] ON [g].[CardId] = [g1].[Id]
WHERE [e].[Status] = N'PendingRetry' AND [e].[NextRetryAt] <= @__now_0
2026-05-06 20:10:09.386 +07:00 [INF] Executed DbCommand (2ms) [Parameters=[@__now_0='?' (DbType = DateTime2)], CommandType='"Text"', CommandTimeout='30']
SELECT [e].[Id], [e].[CreatedAt], [e].[GreetingTransactionId], [e].[LastError], [e].[NextRetryAt], [e].[RetryCount], [e].[Status], [e].[UpdatedAt], [g].[Id], [g].[CardId], [g].[CreatedAt], [g].[PersonalMessage], [g].[RecipientEmail], [g].[RetryCount], [g].[ScheduledSendAt], [g].[SenderId], [g].[SentAt], [g].[Status], [g].[Subject], [g].[SubscriptionId], [u0].[Id], [u0].[CreatedAt], [u0].[DeletedAt], [u0].[Email], [u0].[EmailVerificationToken], [u0].[EmailVerificationTokenExpiry], [u0].[FailedLoginCount], [u0].[FullName], [u0].[IsDeleted], [u0].[LastLoginAt], [u0].[LockReason], [u0].[LockoutEndTime], [u0].[PasswordHash], [u0].[PasswordResetToken], [u0].[PasswordResetTokenExpiry], [u0].[PasswordResetTokenUsed], [u0].[RefreshTokenExpiry], [u0].[RefreshTokenHash], [u0].[Role], [u0].[SocialProvider], [u0].[SocialProviderId], [u0].[Status], [u0].[UpdatedAt], [g1].[Id], [g1].[CategoryId], [g1].[CreatedAt], [g1].[CustomJsonContent], [g1].[DeletedAt], [g1].[Description], [g1].[FileUrl], [g1].[IsDeleted], [g1].[IsFeatured], [g1].[IsPremium], [g1].[Name], [g1].[Slug], [g1].[Status], [g1].[Tags], [g1].[ThumbnailUrl], [g1].[UpdatedAt]
FROM [EmailRetryQueues] AS [e]
INNER JOIN [GreetingTransactions] AS [g] ON [e].[GreetingTransactionId] = [g].[Id]
INNER JOIN (
    SELECT [u].[Id], [u].[CreatedAt], [u].[DeletedAt], [u].[Email], [u].[EmailVerificationToken], [u].[EmailVerificationTokenExpiry], [u].[FailedLoginCount], [u].[FullName], [u].[IsDeleted], [u].[LastLoginAt], [u].[LockReason], [u].[LockoutEndTime], [u].[PasswordHash], [u].[PasswordResetToken], [u].[PasswordResetTokenExpiry], [u].[PasswordResetTokenUsed], [u].[RefreshTokenExpiry], [u].[RefreshTokenHash], [u].[Role], [u].[SocialProvider], [u].[SocialProviderId], [u].[Status], [u].[UpdatedAt]
    FROM [Users] AS [u]
    WHERE [u].[IsDeleted] = CAST(0 AS bit)
) AS [u0] ON [g].[SenderId] = [u0].[Id]
INNER JOIN (
    SELECT [g0].[Id], [g0].[CategoryId], [g0].[CreatedAt], [g0].[CustomJsonContent], [g0].[DeletedAt], [g0].[Description], [g0].[FileUrl], [g0].[IsDeleted], [g0].[IsFeatured], [g0].[IsPremium], [g0].[Name], [g0].[Slug], [g0].[Status], [g0].[Tags], [g0].[ThumbnailUrl], [g0].[UpdatedAt]
    FROM [GreetingCards] AS [g0]
    WHERE [g0].[IsDeleted] = CAST(0 AS bit)
) AS [g1] ON [g].[CardId] = [g1].[Id]
WHERE [e].[Status] = N'PendingRetry' AND [e].[NextRetryAt] <= @__now_0
2026-05-06 20:15:09.833 +07:00 [INF] Executed DbCommand (3ms) [Parameters=[@__now_0='?' (DbType = DateTime2)], CommandType='"Text"', CommandTimeout='30']
SELECT [e].[Id], [e].[CreatedAt], [e].[GreetingTransactionId], [e].[LastError], [e].[NextRetryAt], [e].[RetryCount], [e].[Status], [e].[UpdatedAt], [g].[Id], [g].[CardId], [g].[CreatedAt], [g].[PersonalMessage], [g].[RecipientEmail], [g].[RetryCount], [g].[ScheduledSendAt], [g].[SenderId], [g].[SentAt], [g].[Status], [g].[Subject], [g].[SubscriptionId], [u0].[Id], [u0].[CreatedAt], [u0].[DeletedAt], [u0].[Email], [u0].[EmailVerificationToken], [u0].[EmailVerificationTokenExpiry], [u0].[FailedLoginCount], [u0].[FullName], [u0].[IsDeleted], [u0].[LastLoginAt], [u0].[LockReason], [u0].[LockoutEndTime], [u0].[PasswordHash], [u0].[PasswordResetToken], [u0].[PasswordResetTokenExpiry], [u0].[PasswordResetTokenUsed], [u0].[RefreshTokenExpiry], [u0].[RefreshTokenHash], [u0].[Role], [u0].[SocialProvider], [u0].[SocialProviderId], [u0].[Status], [u0].[UpdatedAt], [g1].[Id], [g1].[CategoryId], [g1].[CreatedAt], [g1].[CustomJsonContent], [g1].[DeletedAt], [g1].[Description], [g1].[FileUrl], [g1].[IsDeleted], [g1].[IsFeatured], [g1].[IsPremium], [g1].[Name], [g1].[Slug], [g1].[Status], [g1].[Tags], [g1].[ThumbnailUrl], [g1].[UpdatedAt]
FROM [EmailRetryQueues] AS [e]
INNER JOIN [GreetingTransactions] AS [g] ON [e].[GreetingTransactionId] = [g].[Id]
INNER JOIN (
    SELECT [u].[Id], [u].[CreatedAt], [u].[DeletedAt], [u].[Email], [u].[EmailVerificationToken], [u].[EmailVerificationTokenExpiry], [u].[FailedLoginCount], [u].[FullName], [u].[IsDeleted], [u].[LastLoginAt], [u].[LockReason], [u].[LockoutEndTime], [u].[PasswordHash], [u].[PasswordResetToken], [u].[PasswordResetTokenExpiry], [u].[PasswordResetTokenUsed], [u].[RefreshTokenExpiry], [u].[RefreshTokenHash], [u].[Role], [u].[SocialProvider], [u].[SocialProviderId], [u].[Status], [u].[UpdatedAt]
    FROM [Users] AS [u]
    WHERE [u].[IsDeleted] = CAST(0 AS bit)
) AS [u0] ON [g].[SenderId] = [u0].[Id]
INNER JOIN (
    SELECT [g0].[Id], [g0].[CategoryId], [g0].[CreatedAt], [g0].[CustomJsonContent], [g0].[DeletedAt], [g0].[Description], [g0].[FileUrl], [g0].[IsDeleted], [g0].[IsFeatured], [g0].[IsPremium], [g0].[Name], [g0].[Slug], [g0].[Status], [g0].[Tags], [g0].[ThumbnailUrl], [g0].[UpdatedAt]
    FROM [GreetingCards] AS [g0]
    WHERE [g0].[IsDeleted] = CAST(0 AS bit)
) AS [g1] ON [g].[CardId] = [g1].[Id]
WHERE [e].[Status] = N'PendingRetry' AND [e].[NextRetryAt] <= @__now_0
2026-05-06 20:20:10.291 +07:00 [INF] Executed DbCommand (4ms) [Parameters=[@__now_0='?' (DbType = DateTime2)], CommandType='"Text"', CommandTimeout='30']
SELECT [e].[Id], [e].[CreatedAt], [e].[GreetingTransactionId], [e].[LastError], [e].[NextRetryAt], [e].[RetryCount], [e].[Status], [e].[UpdatedAt], [g].[Id], [g].[CardId], [g].[CreatedAt], [g].[PersonalMessage], [g].[RecipientEmail], [g].[RetryCount], [g].[ScheduledSendAt], [g].[SenderId], [g].[SentAt], [g].[Status], [g].[Subject], [g].[SubscriptionId], [u0].[Id], [u0].[CreatedAt], [u0].[DeletedAt], [u0].[Email], [u0].[EmailVerificationToken], [u0].[EmailVerificationTokenExpiry], [u0].[FailedLoginCount], [u0].[FullName], [u0].[IsDeleted], [u0].[LastLoginAt], [u0].[LockReason], [u0].[LockoutEndTime], [u0].[PasswordHash], [u0].[PasswordResetToken], [u0].[PasswordResetTokenExpiry], [u0].[PasswordResetTokenUsed], [u0].[RefreshTokenExpiry], [u0].[RefreshTokenHash], [u0].[Role], [u0].[SocialProvider], [u0].[SocialProviderId], [u0].[Status], [u0].[UpdatedAt], [g1].[Id], [g1].[CategoryId], [g1].[CreatedAt], [g1].[CustomJsonContent], [g1].[DeletedAt], [g1].[Description], [g1].[FileUrl], [g1].[IsDeleted], [g1].[IsFeatured], [g1].[IsPremium], [g1].[Name], [g1].[Slug], [g1].[Status], [g1].[Tags], [g1].[ThumbnailUrl], [g1].[UpdatedAt]
FROM [EmailRetryQueues] AS [e]
INNER JOIN [GreetingTransactions] AS [g] ON [e].[GreetingTransactionId] = [g].[Id]
INNER JOIN (
    SELECT [u].[Id], [u].[CreatedAt], [u].[DeletedAt], [u].[Email], [u].[EmailVerificationToken], [u].[EmailVerificationTokenExpiry], [u].[FailedLoginCount], [u].[FullName], [u].[IsDeleted], [u].[LastLoginAt], [u].[LockReason], [u].[LockoutEndTime], [u].[PasswordHash], [u].[PasswordResetToken], [u].[PasswordResetTokenExpiry], [u].[PasswordResetTokenUsed], [u].[RefreshTokenExpiry], [u].[RefreshTokenHash], [u].[Role], [u].[SocialProvider], [u].[SocialProviderId], [u].[Status], [u].[UpdatedAt]
    FROM [Users] AS [u]
    WHERE [u].[IsDeleted] = CAST(0 AS bit)
) AS [u0] ON [g].[SenderId] = [u0].[Id]
INNER JOIN (
    SELECT [g0].[Id], [g0].[CategoryId], [g0].[CreatedAt], [g0].[CustomJsonContent], [g0].[DeletedAt], [g0].[Description], [g0].[FileUrl], [g0].[IsDeleted], [g0].[IsFeatured], [g0].[IsPremium], [g0].[Name], [g0].[Slug], [g0].[Status], [g0].[Tags], [g0].[ThumbnailUrl], [g0].[UpdatedAt]
    FROM [GreetingCards] AS [g0]
    WHERE [g0].[IsDeleted] = CAST(0 AS bit)
) AS [g1] ON [g].[CardId] = [g1].[Id]
WHERE [e].[Status] = N'PendingRetry' AND [e].[NextRetryAt] <= @__now_0
2026-05-06 20:25:10.671 +07:00 [INF] Executed DbCommand (3ms) [Parameters=[@__now_0='?' (DbType = DateTime2)], CommandType='"Text"', CommandTimeout='30']
SELECT [e].[Id], [e].[CreatedAt], [e].[GreetingTransactionId], [e].[LastError], [e].[NextRetryAt], [e].[RetryCount], [e].[Status], [e].[UpdatedAt], [g].[Id], [g].[CardId], [g].[CreatedAt], [g].[PersonalMessage], [g].[RecipientEmail], [g].[RetryCount], [g].[ScheduledSendAt], [g].[SenderId], [g].[SentAt], [g].[Status], [g].[Subject], [g].[SubscriptionId], [u0].[Id], [u0].[CreatedAt], [u0].[DeletedAt], [u0].[Email], [u0].[EmailVerificationToken], [u0].[EmailVerificationTokenExpiry], [u0].[FailedLoginCount], [u0].[FullName], [u0].[IsDeleted], [u0].[LastLoginAt], [u0].[LockReason], [u0].[LockoutEndTime], [u0].[PasswordHash], [u0].[PasswordResetToken], [u0].[PasswordResetTokenExpiry], [u0].[PasswordResetTokenUsed], [u0].[RefreshTokenExpiry], [u0].[RefreshTokenHash], [u0].[Role], [u0].[SocialProvider], [u0].[SocialProviderId], [u0].[Status], [u0].[UpdatedAt], [g1].[Id], [g1].[CategoryId], [g1].[CreatedAt], [g1].[CustomJsonContent], [g1].[DeletedAt], [g1].[Description], [g1].[FileUrl], [g1].[IsDeleted], [g1].[IsFeatured], [g1].[IsPremium], [g1].[Name], [g1].[Slug], [g1].[Status], [g1].[Tags], [g1].[ThumbnailUrl], [g1].[UpdatedAt]
FROM [EmailRetryQueues] AS [e]
INNER JOIN [GreetingTransactions] AS [g] ON [e].[GreetingTransactionId] = [g].[Id]
INNER JOIN (
    SELECT [u].[Id], [u].[CreatedAt], [u].[DeletedAt], [u].[Email], [u].[EmailVerificationToken], [u].[EmailVerificationTokenExpiry], [u].[FailedLoginCount], [u].[FullName], [u].[IsDeleted], [u].[LastLoginAt], [u].[LockReason], [u].[LockoutEndTime], [u].[PasswordHash], [u].[PasswordResetToken], [u].[PasswordResetTokenExpiry], [u].[PasswordResetTokenUsed], [u].[RefreshTokenExpiry], [u].[RefreshTokenHash], [u].[Role], [u].[SocialProvider], [u].[SocialProviderId], [u].[Status], [u].[UpdatedAt]
    FROM [Users] AS [u]
    WHERE [u].[IsDeleted] = CAST(0 AS bit)
) AS [u0] ON [g].[SenderId] = [u0].[Id]
INNER JOIN (
    SELECT [g0].[Id], [g0].[CategoryId], [g0].[CreatedAt], [g0].[CustomJsonContent], [g0].[DeletedAt], [g0].[Description], [g0].[FileUrl], [g0].[IsDeleted], [g0].[IsFeatured], [g0].[IsPremium], [g0].[Name], [g0].[Slug], [g0].[Status], [g0].[Tags], [g0].[ThumbnailUrl], [g0].[UpdatedAt]
    FROM [GreetingCards] AS [g0]
    WHERE [g0].[IsDeleted] = CAST(0 AS bit)
) AS [g1] ON [g].[CardId] = [g1].[Id]
WHERE [e].[Status] = N'PendingRetry' AND [e].[NextRetryAt] <= @__now_0
2026-05-06 20:30:11.063 +07:00 [INF] Executed DbCommand (4ms) [Parameters=[@__now_0='?' (DbType = DateTime2)], CommandType='"Text"', CommandTimeout='30']
SELECT [e].[Id], [e].[CreatedAt], [e].[GreetingTransactionId], [e].[LastError], [e].[NextRetryAt], [e].[RetryCount], [e].[Status], [e].[UpdatedAt], [g].[Id], [g].[CardId], [g].[CreatedAt], [g].[PersonalMessage], [g].[RecipientEmail], [g].[RetryCount], [g].[ScheduledSendAt], [g].[SenderId], [g].[SentAt], [g].[Status], [g].[Subject], [g].[SubscriptionId], [u0].[Id], [u0].[CreatedAt], [u0].[DeletedAt], [u0].[Email], [u0].[EmailVerificationToken], [u0].[EmailVerificationTokenExpiry], [u0].[FailedLoginCount], [u0].[FullName], [u0].[IsDeleted], [u0].[LastLoginAt], [u0].[LockReason], [u0].[LockoutEndTime], [u0].[PasswordHash], [u0].[PasswordResetToken], [u0].[PasswordResetTokenExpiry], [u0].[PasswordResetTokenUsed], [u0].[RefreshTokenExpiry], [u0].[RefreshTokenHash], [u0].[Role], [u0].[SocialProvider], [u0].[SocialProviderId], [u0].[Status], [u0].[UpdatedAt], [g1].[Id], [g1].[CategoryId], [g1].[CreatedAt], [g1].[CustomJsonContent], [g1].[DeletedAt], [g1].[Description], [g1].[FileUrl], [g1].[IsDeleted], [g1].[IsFeatured], [g1].[IsPremium], [g1].[Name], [g1].[Slug], [g1].[Status], [g1].[Tags], [g1].[ThumbnailUrl], [g1].[UpdatedAt]
FROM [EmailRetryQueues] AS [e]
INNER JOIN [GreetingTransactions] AS [g] ON [e].[GreetingTransactionId] = [g].[Id]
INNER JOIN (
    SELECT [u].[Id], [u].[CreatedAt], [u].[DeletedAt], [u].[Email], [u].[EmailVerificationToken], [u].[EmailVerificationTokenExpiry], [u].[FailedLoginCount], [u].[FullName], [u].[IsDeleted], [u].[LastLoginAt], [u].[LockReason], [u].[LockoutEndTime], [u].[PasswordHash], [u].[PasswordResetToken], [u].[PasswordResetTokenExpiry], [u].[PasswordResetTokenUsed], [u].[RefreshTokenExpiry], [u].[RefreshTokenHash], [u].[Role], [u].[SocialProvider], [u].[SocialProviderId], [u].[Status], [u].[UpdatedAt]
    FROM [Users] AS [u]
    WHERE [u].[IsDeleted] = CAST(0 AS bit)
) AS [u0] ON [g].[SenderId] = [u0].[Id]
INNER JOIN (
    SELECT [g0].[Id], [g0].[CategoryId], [g0].[CreatedAt], [g0].[CustomJsonContent], [g0].[DeletedAt], [g0].[Description], [g0].[FileUrl], [g0].[IsDeleted], [g0].[IsFeatured], [g0].[IsPremium], [g0].[Name], [g0].[Slug], [g0].[Status], [g0].[Tags], [g0].[ThumbnailUrl], [g0].[UpdatedAt]
    FROM [GreetingCards] AS [g0]
    WHERE [g0].[IsDeleted] = CAST(0 AS bit)
) AS [g1] ON [g].[CardId] = [g1].[Id]
WHERE [e].[Status] = N'PendingRetry' AND [e].[NextRetryAt] <= @__now_0
2026-05-06 20:35:11.512 +07:00 [INF] Executed DbCommand (4ms) [Parameters=[@__now_0='?' (DbType = DateTime2)], CommandType='"Text"', CommandTimeout='30']
SELECT [e].[Id], [e].[CreatedAt], [e].[GreetingTransactionId], [e].[LastError], [e].[NextRetryAt], [e].[RetryCount], [e].[Status], [e].[UpdatedAt], [g].[Id], [g].[CardId], [g].[CreatedAt], [g].[PersonalMessage], [g].[RecipientEmail], [g].[RetryCount], [g].[ScheduledSendAt], [g].[SenderId], [g].[SentAt], [g].[Status], [g].[Subject], [g].[SubscriptionId], [u0].[Id], [u0].[CreatedAt], [u0].[DeletedAt], [u0].[Email], [u0].[EmailVerificationToken], [u0].[EmailVerificationTokenExpiry], [u0].[FailedLoginCount], [u0].[FullName], [u0].[IsDeleted], [u0].[LastLoginAt], [u0].[LockReason], [u0].[LockoutEndTime], [u0].[PasswordHash], [u0].[PasswordResetToken], [u0].[PasswordResetTokenExpiry], [u0].[PasswordResetTokenUsed], [u0].[RefreshTokenExpiry], [u0].[RefreshTokenHash], [u0].[Role], [u0].[SocialProvider], [u0].[SocialProviderId], [u0].[Status], [u0].[UpdatedAt], [g1].[Id], [g1].[CategoryId], [g1].[CreatedAt], [g1].[CustomJsonContent], [g1].[DeletedAt], [g1].[Description], [g1].[FileUrl], [g1].[IsDeleted], [g1].[IsFeatured], [g1].[IsPremium], [g1].[Name], [g1].[Slug], [g1].[Status], [g1].[Tags], [g1].[ThumbnailUrl], [g1].[UpdatedAt]
FROM [EmailRetryQueues] AS [e]
INNER JOIN [GreetingTransactions] AS [g] ON [e].[GreetingTransactionId] = [g].[Id]
INNER JOIN (
    SELECT [u].[Id], [u].[CreatedAt], [u].[DeletedAt], [u].[Email], [u].[EmailVerificationToken], [u].[EmailVerificationTokenExpiry], [u].[FailedLoginCount], [u].[FullName], [u].[IsDeleted], [u].[LastLoginAt], [u].[LockReason], [u].[LockoutEndTime], [u].[PasswordHash], [u].[PasswordResetToken], [u].[PasswordResetTokenExpiry], [u].[PasswordResetTokenUsed], [u].[RefreshTokenExpiry], [u].[RefreshTokenHash], [u].[Role], [u].[SocialProvider], [u].[SocialProviderId], [u].[Status], [u].[UpdatedAt]
    FROM [Users] AS [u]
    WHERE [u].[IsDeleted] = CAST(0 AS bit)
) AS [u0] ON [g].[SenderId] = [u0].[Id]
INNER JOIN (
    SELECT [g0].[Id], [g0].[CategoryId], [g0].[CreatedAt], [g0].[CustomJsonContent], [g0].[DeletedAt], [g0].[Description], [g0].[FileUrl], [g0].[IsDeleted], [g0].[IsFeatured], [g0].[IsPremium], [g0].[Name], [g0].[Slug], [g0].[Status], [g0].[Tags], [g0].[ThumbnailUrl], [g0].[UpdatedAt]
    FROM [GreetingCards] AS [g0]
    WHERE [g0].[IsDeleted] = CAST(0 AS bit)
) AS [g1] ON [g].[CardId] = [g1].[Id]
WHERE [e].[Status] = N'PendingRetry' AND [e].[NextRetryAt] <= @__now_0
2026-05-06 20:40:11.966 +07:00 [INF] Executed DbCommand (1ms) [Parameters=[@__now_0='?' (DbType = DateTime2)], CommandType='"Text"', CommandTimeout='30']
SELECT [e].[Id], [e].[CreatedAt], [e].[GreetingTransactionId], [e].[LastError], [e].[NextRetryAt], [e].[RetryCount], [e].[Status], [e].[UpdatedAt], [g].[Id], [g].[CardId], [g].[CreatedAt], [g].[PersonalMessage], [g].[RecipientEmail], [g].[RetryCount], [g].[ScheduledSendAt], [g].[SenderId], [g].[SentAt], [g].[Status], [g].[Subject], [g].[SubscriptionId], [u0].[Id], [u0].[CreatedAt], [u0].[DeletedAt], [u0].[Email], [u0].[EmailVerificationToken], [u0].[EmailVerificationTokenExpiry], [u0].[FailedLoginCount], [u0].[FullName], [u0].[IsDeleted], [u0].[LastLoginAt], [u0].[LockReason], [u0].[LockoutEndTime], [u0].[PasswordHash], [u0].[PasswordResetToken], [u0].[PasswordResetTokenExpiry], [u0].[PasswordResetTokenUsed], [u0].[RefreshTokenExpiry], [u0].[RefreshTokenHash], [u0].[Role], [u0].[SocialProvider], [u0].[SocialProviderId], [u0].[Status], [u0].[UpdatedAt], [g1].[Id], [g1].[CategoryId], [g1].[CreatedAt], [g1].[CustomJsonContent], [g1].[DeletedAt], [g1].[Description], [g1].[FileUrl], [g1].[IsDeleted], [g1].[IsFeatured], [g1].[IsPremium], [g1].[Name], [g1].[Slug], [g1].[Status], [g1].[Tags], [g1].[ThumbnailUrl], [g1].[UpdatedAt]
FROM [EmailRetryQueues] AS [e]
INNER JOIN [GreetingTransactions] AS [g] ON [e].[GreetingTransactionId] = [g].[Id]
INNER JOIN (
    SELECT [u].[Id], [u].[CreatedAt], [u].[DeletedAt], [u].[Email], [u].[EmailVerificationToken], [u].[EmailVerificationTokenExpiry], [u].[FailedLoginCount], [u].[FullName], [u].[IsDeleted], [u].[LastLoginAt], [u].[LockReason], [u].[LockoutEndTime], [u].[PasswordHash], [u].[PasswordResetToken], [u].[PasswordResetTokenExpiry], [u].[PasswordResetTokenUsed], [u].[RefreshTokenExpiry], [u].[RefreshTokenHash], [u].[Role], [u].[SocialProvider], [u].[SocialProviderId], [u].[Status], [u].[UpdatedAt]
    FROM [Users] AS [u]
    WHERE [u].[IsDeleted] = CAST(0 AS bit)
) AS [u0] ON [g].[SenderId] = [u0].[Id]
INNER JOIN (
    SELECT [g0].[Id], [g0].[CategoryId], [g0].[CreatedAt], [g0].[CustomJsonContent], [g0].[DeletedAt], [g0].[Description], [g0].[FileUrl], [g0].[IsDeleted], [g0].[IsFeatured], [g0].[IsPremium], [g0].[Name], [g0].[Slug], [g0].[Status], [g0].[Tags], [g0].[ThumbnailUrl], [g0].[UpdatedAt]
    FROM [GreetingCards] AS [g0]
    WHERE [g0].[IsDeleted] = CAST(0 AS bit)
) AS [g1] ON [g].[CardId] = [g1].[Id]
WHERE [e].[Status] = N'PendingRetry' AND [e].[NextRetryAt] <= @__now_0
2026-05-06 20:45:12.402 +07:00 [INF] Executed DbCommand (2ms) [Parameters=[@__now_0='?' (DbType = DateTime2)], CommandType='"Text"', CommandTimeout='30']
SELECT [e].[Id], [e].[CreatedAt], [e].[GreetingTransactionId], [e].[LastError], [e].[NextRetryAt], [e].[RetryCount], [e].[Status], [e].[UpdatedAt], [g].[Id], [g].[CardId], [g].[CreatedAt], [g].[PersonalMessage], [g].[RecipientEmail], [g].[RetryCount], [g].[ScheduledSendAt], [g].[SenderId], [g].[SentAt], [g].[Status], [g].[Subject], [g].[SubscriptionId], [u0].[Id], [u0].[CreatedAt], [u0].[DeletedAt], [u0].[Email], [u0].[EmailVerificationToken], [u0].[EmailVerificationTokenExpiry], [u0].[FailedLoginCount], [u0].[FullName], [u0].[IsDeleted], [u0].[LastLoginAt], [u0].[LockReason], [u0].[LockoutEndTime], [u0].[PasswordHash], [u0].[PasswordResetToken], [u0].[PasswordResetTokenExpiry], [u0].[PasswordResetTokenUsed], [u0].[RefreshTokenExpiry], [u0].[RefreshTokenHash], [u0].[Role], [u0].[SocialProvider], [u0].[SocialProviderId], [u0].[Status], [u0].[UpdatedAt], [g1].[Id], [g1].[CategoryId], [g1].[CreatedAt], [g1].[CustomJsonContent], [g1].[DeletedAt], [g1].[Description], [g1].[FileUrl], [g1].[IsDeleted], [g1].[IsFeatured], [g1].[IsPremium], [g1].[Name], [g1].[Slug], [g1].[Status], [g1].[Tags], [g1].[ThumbnailUrl], [g1].[UpdatedAt]
FROM [EmailRetryQueues] AS [e]
INNER JOIN [GreetingTransactions] AS [g] ON [e].[GreetingTransactionId] = [g].[Id]
INNER JOIN (
    SELECT [u].[Id], [u].[CreatedAt], [u].[DeletedAt], [u].[Email], [u].[EmailVerificationToken], [u].[EmailVerificationTokenExpiry], [u].[FailedLoginCount], [u].[FullName], [u].[IsDeleted], [u].[LastLoginAt], [u].[LockReason], [u].[LockoutEndTime], [u].[PasswordHash], [u].[PasswordResetToken], [u].[PasswordResetTokenExpiry], [u].[PasswordResetTokenUsed], [u].[RefreshTokenExpiry], [u].[RefreshTokenHash], [u].[Role], [u].[SocialProvider], [u].[SocialProviderId], [u].[Status], [u].[UpdatedAt]
    FROM [Users] AS [u]
    WHERE [u].[IsDeleted] = CAST(0 AS bit)
) AS [u0] ON [g].[SenderId] = [u0].[Id]
INNER JOIN (
    SELECT [g0].[Id], [g0].[CategoryId], [g0].[CreatedAt], [g0].[CustomJsonContent], [g0].[DeletedAt], [g0].[Description], [g0].[FileUrl], [g0].[IsDeleted], [g0].[IsFeatured], [g0].[IsPremium], [g0].[Name], [g0].[Slug], [g0].[Status], [g0].[Tags], [g0].[ThumbnailUrl], [g0].[UpdatedAt]
    FROM [GreetingCards] AS [g0]
    WHERE [g0].[IsDeleted] = CAST(0 AS bit)
) AS [g1] ON [g].[CardId] = [g1].[Id]
WHERE [e].[Status] = N'PendingRetry' AND [e].[NextRetryAt] <= @__now_0
2026-05-06 20:50:12.800 +07:00 [INF] Executed DbCommand (2ms) [Parameters=[@__now_0='?' (DbType = DateTime2)], CommandType='"Text"', CommandTimeout='30']
SELECT [e].[Id], [e].[CreatedAt], [e].[GreetingTransactionId], [e].[LastError], [e].[NextRetryAt], [e].[RetryCount], [e].[Status], [e].[UpdatedAt], [g].[Id], [g].[CardId], [g].[CreatedAt], [g].[PersonalMessage], [g].[RecipientEmail], [g].[RetryCount], [g].[ScheduledSendAt], [g].[SenderId], [g].[SentAt], [g].[Status], [g].[Subject], [g].[SubscriptionId], [u0].[Id], [u0].[CreatedAt], [u0].[DeletedAt], [u0].[Email], [u0].[EmailVerificationToken], [u0].[EmailVerificationTokenExpiry], [u0].[FailedLoginCount], [u0].[FullName], [u0].[IsDeleted], [u0].[LastLoginAt], [u0].[LockReason], [u0].[LockoutEndTime], [u0].[PasswordHash], [u0].[PasswordResetToken], [u0].[PasswordResetTokenExpiry], [u0].[PasswordResetTokenUsed], [u0].[RefreshTokenExpiry], [u0].[RefreshTokenHash], [u0].[Role], [u0].[SocialProvider], [u0].[SocialProviderId], [u0].[Status], [u0].[UpdatedAt], [g1].[Id], [g1].[CategoryId], [g1].[CreatedAt], [g1].[CustomJsonContent], [g1].[DeletedAt], [g1].[Description], [g1].[FileUrl], [g1].[IsDeleted], [g1].[IsFeatured], [g1].[IsPremium], [g1].[Name], [g1].[Slug], [g1].[Status], [g1].[Tags], [g1].[ThumbnailUrl], [g1].[UpdatedAt]
FROM [EmailRetryQueues] AS [e]
INNER JOIN [GreetingTransactions] AS [g] ON [e].[GreetingTransactionId] = [g].[Id]
INNER JOIN (
    SELECT [u].[Id], [u].[CreatedAt], [u].[DeletedAt], [u].[Email], [u].[EmailVerificationToken], [u].[EmailVerificationTokenExpiry], [u].[FailedLoginCount], [u].[FullName], [u].[IsDeleted], [u].[LastLoginAt], [u].[LockReason], [u].[LockoutEndTime], [u].[PasswordHash], [u].[PasswordResetToken], [u].[PasswordResetTokenExpiry], [u].[PasswordResetTokenUsed], [u].[RefreshTokenExpiry], [u].[RefreshTokenHash], [u].[Role], [u].[SocialProvider], [u].[SocialProviderId], [u].[Status], [u].[UpdatedAt]
    FROM [Users] AS [u]
    WHERE [u].[IsDeleted] = CAST(0 AS bit)
) AS [u0] ON [g].[SenderId] = [u0].[Id]
INNER JOIN (
    SELECT [g0].[Id], [g0].[CategoryId], [g0].[CreatedAt], [g0].[CustomJsonContent], [g0].[DeletedAt], [g0].[Description], [g0].[FileUrl], [g0].[IsDeleted], [g0].[IsFeatured], [g0].[IsPremium], [g0].[Name], [g0].[Slug], [g0].[Status], [g0].[Tags], [g0].[ThumbnailUrl], [g0].[UpdatedAt]
    FROM [GreetingCards] AS [g0]
    WHERE [g0].[IsDeleted] = CAST(0 AS bit)
) AS [g1] ON [g].[CardId] = [g1].[Id]
WHERE [e].[Status] = N'PendingRetry' AND [e].[NextRetryAt] <= @__now_0
2026-05-06 20:55:13.386 +07:00 [INF] Executed DbCommand (2ms) [Parameters=[@__now_0='?' (DbType = DateTime2)], CommandType='"Text"', CommandTimeout='30']
SELECT [e].[Id], [e].[CreatedAt], [e].[GreetingTransactionId], [e].[LastError], [e].[NextRetryAt], [e].[RetryCount], [e].[Status], [e].[UpdatedAt], [g].[Id], [g].[CardId], [g].[CreatedAt], [g].[PersonalMessage], [g].[RecipientEmail], [g].[RetryCount], [g].[ScheduledSendAt], [g].[SenderId], [g].[SentAt], [g].[Status], [g].[Subject], [g].[SubscriptionId], [u0].[Id], [u0].[CreatedAt], [u0].[DeletedAt], [u0].[Email], [u0].[EmailVerificationToken], [u0].[EmailVerificationTokenExpiry], [u0].[FailedLoginCount], [u0].[FullName], [u0].[IsDeleted], [u0].[LastLoginAt], [u0].[LockReason], [u0].[LockoutEndTime], [u0].[PasswordHash], [u0].[PasswordResetToken], [u0].[PasswordResetTokenExpiry], [u0].[PasswordResetTokenUsed], [u0].[RefreshTokenExpiry], [u0].[RefreshTokenHash], [u0].[Role], [u0].[SocialProvider], [u0].[SocialProviderId], [u0].[Status], [u0].[UpdatedAt], [g1].[Id], [g1].[CategoryId], [g1].[CreatedAt], [g1].[CustomJsonContent], [g1].[DeletedAt], [g1].[Description], [g1].[FileUrl], [g1].[IsDeleted], [g1].[IsFeatured], [g1].[IsPremium], [g1].[Name], [g1].[Slug], [g1].[Status], [g1].[Tags], [g1].[ThumbnailUrl], [g1].[UpdatedAt]
FROM [EmailRetryQueues] AS [e]
INNER JOIN [GreetingTransactions] AS [g] ON [e].[GreetingTransactionId] = [g].[Id]
INNER JOIN (
    SELECT [u].[Id], [u].[CreatedAt], [u].[DeletedAt], [u].[Email], [u].[EmailVerificationToken], [u].[EmailVerificationTokenExpiry], [u].[FailedLoginCount], [u].[FullName], [u].[IsDeleted], [u].[LastLoginAt], [u].[LockReason], [u].[LockoutEndTime], [u].[PasswordHash], [u].[PasswordResetToken], [u].[PasswordResetTokenExpiry], [u].[PasswordResetTokenUsed], [u].[RefreshTokenExpiry], [u].[RefreshTokenHash], [u].[Role], [u].[SocialProvider], [u].[SocialProviderId], [u].[Status], [u].[UpdatedAt]
    FROM [Users] AS [u]
    WHERE [u].[IsDeleted] = CAST(0 AS bit)
) AS [u0] ON [g].[SenderId] = [u0].[Id]
INNER JOIN (
    SELECT [g0].[Id], [g0].[CategoryId], [g0].[CreatedAt], [g0].[CustomJsonContent], [g0].[DeletedAt], [g0].[Description], [g0].[FileUrl], [g0].[IsDeleted], [g0].[IsFeatured], [g0].[IsPremium], [g0].[Name], [g0].[Slug], [g0].[Status], [g0].[Tags], [g0].[ThumbnailUrl], [g0].[UpdatedAt]
    FROM [GreetingCards] AS [g0]
    WHERE [g0].[IsDeleted] = CAST(0 AS bit)
) AS [g1] ON [g].[CardId] = [g1].[Id]
WHERE [e].[Status] = N'PendingRetry' AND [e].[NextRetryAt] <= @__now_0
2026-05-06 21:00:13.797 +07:00 [INF] Executed DbCommand (2ms) [Parameters=[@__now_0='?' (DbType = DateTime2)], CommandType='"Text"', CommandTimeout='30']
SELECT [e].[Id], [e].[CreatedAt], [e].[GreetingTransactionId], [e].[LastError], [e].[NextRetryAt], [e].[RetryCount], [e].[Status], [e].[UpdatedAt], [g].[Id], [g].[CardId], [g].[CreatedAt], [g].[PersonalMessage], [g].[RecipientEmail], [g].[RetryCount], [g].[ScheduledSendAt], [g].[SenderId], [g].[SentAt], [g].[Status], [g].[Subject], [g].[SubscriptionId], [u0].[Id], [u0].[CreatedAt], [u0].[DeletedAt], [u0].[Email], [u0].[EmailVerificationToken], [u0].[EmailVerificationTokenExpiry], [u0].[FailedLoginCount], [u0].[FullName], [u0].[IsDeleted], [u0].[LastLoginAt], [u0].[LockReason], [u0].[LockoutEndTime], [u0].[PasswordHash], [u0].[PasswordResetToken], [u0].[PasswordResetTokenExpiry], [u0].[PasswordResetTokenUsed], [u0].[RefreshTokenExpiry], [u0].[RefreshTokenHash], [u0].[Role], [u0].[SocialProvider], [u0].[SocialProviderId], [u0].[Status], [u0].[UpdatedAt], [g1].[Id], [g1].[CategoryId], [g1].[CreatedAt], [g1].[CustomJsonContent], [g1].[DeletedAt], [g1].[Description], [g1].[FileUrl], [g1].[IsDeleted], [g1].[IsFeatured], [g1].[IsPremium], [g1].[Name], [g1].[Slug], [g1].[Status], [g1].[Tags], [g1].[ThumbnailUrl], [g1].[UpdatedAt]
FROM [EmailRetryQueues] AS [e]
INNER JOIN [GreetingTransactions] AS [g] ON [e].[GreetingTransactionId] = [g].[Id]
INNER JOIN (
    SELECT [u].[Id], [u].[CreatedAt], [u].[DeletedAt], [u].[Email], [u].[EmailVerificationToken], [u].[EmailVerificationTokenExpiry], [u].[FailedLoginCount], [u].[FullName], [u].[IsDeleted], [u].[LastLoginAt], [u].[LockReason], [u].[LockoutEndTime], [u].[PasswordHash], [u].[PasswordResetToken], [u].[PasswordResetTokenExpiry], [u].[PasswordResetTokenUsed], [u].[RefreshTokenExpiry], [u].[RefreshTokenHash], [u].[Role], [u].[SocialProvider], [u].[SocialProviderId], [u].[Status], [u].[UpdatedAt]
    FROM [Users] AS [u]
    WHERE [u].[IsDeleted] = CAST(0 AS bit)
) AS [u0] ON [g].[SenderId] = [u0].[Id]
INNER JOIN (
    SELECT [g0].[Id], [g0].[CategoryId], [g0].[CreatedAt], [g0].[CustomJsonContent], [g0].[DeletedAt], [g0].[Description], [g0].[FileUrl], [g0].[IsDeleted], [g0].[IsFeatured], [g0].[IsPremium], [g0].[Name], [g0].[Slug], [g0].[Status], [g0].[Tags], [g0].[ThumbnailUrl], [g0].[UpdatedAt]
    FROM [GreetingCards] AS [g0]
    WHERE [g0].[IsDeleted] = CAST(0 AS bit)
) AS [g1] ON [g].[CardId] = [g1].[Id]
WHERE [e].[Status] = N'PendingRetry' AND [e].[NextRetryAt] <= @__now_0
2026-05-06 21:05:14.288 +07:00 [INF] Executed DbCommand (2ms) [Parameters=[@__now_0='?' (DbType = DateTime2)], CommandType='"Text"', CommandTimeout='30']
SELECT [e].[Id], [e].[CreatedAt], [e].[GreetingTransactionId], [e].[LastError], [e].[NextRetryAt], [e].[RetryCount], [e].[Status], [e].[UpdatedAt], [g].[Id], [g].[CardId], [g].[CreatedAt], [g].[PersonalMessage], [g].[RecipientEmail], [g].[RetryCount], [g].[ScheduledSendAt], [g].[SenderId], [g].[SentAt], [g].[Status], [g].[Subject], [g].[SubscriptionId], [u0].[Id], [u0].[CreatedAt], [u0].[DeletedAt], [u0].[Email], [u0].[EmailVerificationToken], [u0].[EmailVerificationTokenExpiry], [u0].[FailedLoginCount], [u0].[FullName], [u0].[IsDeleted], [u0].[LastLoginAt], [u0].[LockReason], [u0].[LockoutEndTime], [u0].[PasswordHash], [u0].[PasswordResetToken], [u0].[PasswordResetTokenExpiry], [u0].[PasswordResetTokenUsed], [u0].[RefreshTokenExpiry], [u0].[RefreshTokenHash], [u0].[Role], [u0].[SocialProvider], [u0].[SocialProviderId], [u0].[Status], [u0].[UpdatedAt], [g1].[Id], [g1].[CategoryId], [g1].[CreatedAt], [g1].[CustomJsonContent], [g1].[DeletedAt], [g1].[Description], [g1].[FileUrl], [g1].[IsDeleted], [g1].[IsFeatured], [g1].[IsPremium], [g1].[Name], [g1].[Slug], [g1].[Status], [g1].[Tags], [g1].[ThumbnailUrl], [g1].[UpdatedAt]
FROM [EmailRetryQueues] AS [e]
INNER JOIN [GreetingTransactions] AS [g] ON [e].[GreetingTransactionId] = [g].[Id]
INNER JOIN (
    SELECT [u].[Id], [u].[CreatedAt], [u].[DeletedAt], [u].[Email], [u].[EmailVerificationToken], [u].[EmailVerificationTokenExpiry], [u].[FailedLoginCount], [u].[FullName], [u].[IsDeleted], [u].[LastLoginAt], [u].[LockReason], [u].[LockoutEndTime], [u].[PasswordHash], [u].[PasswordResetToken], [u].[PasswordResetTokenExpiry], [u].[PasswordResetTokenUsed], [u].[RefreshTokenExpiry], [u].[RefreshTokenHash], [u].[Role], [u].[SocialProvider], [u].[SocialProviderId], [u].[Status], [u].[UpdatedAt]
    FROM [Users] AS [u]
    WHERE [u].[IsDeleted] = CAST(0 AS bit)
) AS [u0] ON [g].[SenderId] = [u0].[Id]
INNER JOIN (
    SELECT [g0].[Id], [g0].[CategoryId], [g0].[CreatedAt], [g0].[CustomJsonContent], [g0].[DeletedAt], [g0].[Description], [g0].[FileUrl], [g0].[IsDeleted], [g0].[IsFeatured], [g0].[IsPremium], [g0].[Name], [g0].[Slug], [g0].[Status], [g0].[Tags], [g0].[ThumbnailUrl], [g0].[UpdatedAt]
    FROM [GreetingCards] AS [g0]
    WHERE [g0].[IsDeleted] = CAST(0 AS bit)
) AS [g1] ON [g].[CardId] = [g1].[Id]
WHERE [e].[Status] = N'PendingRetry' AND [e].[NextRetryAt] <= @__now_0
2026-05-06 21:10:14.695 +07:00 [INF] Executed DbCommand (2ms) [Parameters=[@__now_0='?' (DbType = DateTime2)], CommandType='"Text"', CommandTimeout='30']
SELECT [e].[Id], [e].[CreatedAt], [e].[GreetingTransactionId], [e].[LastError], [e].[NextRetryAt], [e].[RetryCount], [e].[Status], [e].[UpdatedAt], [g].[Id], [g].[CardId], [g].[CreatedAt], [g].[PersonalMessage], [g].[RecipientEmail], [g].[RetryCount], [g].[ScheduledSendAt], [g].[SenderId], [g].[SentAt], [g].[Status], [g].[Subject], [g].[SubscriptionId], [u0].[Id], [u0].[CreatedAt], [u0].[DeletedAt], [u0].[Email], [u0].[EmailVerificationToken], [u0].[EmailVerificationTokenExpiry], [u0].[FailedLoginCount], [u0].[FullName], [u0].[IsDeleted], [u0].[LastLoginAt], [u0].[LockReason], [u0].[LockoutEndTime], [u0].[PasswordHash], [u0].[PasswordResetToken], [u0].[PasswordResetTokenExpiry], [u0].[PasswordResetTokenUsed], [u0].[RefreshTokenExpiry], [u0].[RefreshTokenHash], [u0].[Role], [u0].[SocialProvider], [u0].[SocialProviderId], [u0].[Status], [u0].[UpdatedAt], [g1].[Id], [g1].[CategoryId], [g1].[CreatedAt], [g1].[CustomJsonContent], [g1].[DeletedAt], [g1].[Description], [g1].[FileUrl], [g1].[IsDeleted], [g1].[IsFeatured], [g1].[IsPremium], [g1].[Name], [g1].[Slug], [g1].[Status], [g1].[Tags], [g1].[ThumbnailUrl], [g1].[UpdatedAt]
FROM [EmailRetryQueues] AS [e]
INNER JOIN [GreetingTransactions] AS [g] ON [e].[GreetingTransactionId] = [g].[Id]
INNER JOIN (
    SELECT [u].[Id], [u].[CreatedAt], [u].[DeletedAt], [u].[Email], [u].[EmailVerificationToken], [u].[EmailVerificationTokenExpiry], [u].[FailedLoginCount], [u].[FullName], [u].[IsDeleted], [u].[LastLoginAt], [u].[LockReason], [u].[LockoutEndTime], [u].[PasswordHash], [u].[PasswordResetToken], [u].[PasswordResetTokenExpiry], [u].[PasswordResetTokenUsed], [u].[RefreshTokenExpiry], [u].[RefreshTokenHash], [u].[Role], [u].[SocialProvider], [u].[SocialProviderId], [u].[Status], [u].[UpdatedAt]
    FROM [Users] AS [u]
    WHERE [u].[IsDeleted] = CAST(0 AS bit)
) AS [u0] ON [g].[SenderId] = [u0].[Id]
INNER JOIN (
    SELECT [g0].[Id], [g0].[CategoryId], [g0].[CreatedAt], [g0].[CustomJsonContent], [g0].[DeletedAt], [g0].[Description], [g0].[FileUrl], [g0].[IsDeleted], [g0].[IsFeatured], [g0].[IsPremium], [g0].[Name], [g0].[Slug], [g0].[Status], [g0].[Tags], [g0].[ThumbnailUrl], [g0].[UpdatedAt]
    FROM [GreetingCards] AS [g0]
    WHERE [g0].[IsDeleted] = CAST(0 AS bit)
) AS [g1] ON [g].[CardId] = [g1].[Id]
WHERE [e].[Status] = N'PendingRetry' AND [e].[NextRetryAt] <= @__now_0
2026-05-06 21:15:00.094 +07:00 [INF] Executed DbCommand (2ms) [Parameters=[@__now_0='?' (DbType = DateTime2)], CommandType='"Text"', CommandTimeout='30']
SELECT [e].[Id], [e].[CreatedAt], [e].[GreetingTransactionId], [e].[LastError], [e].[NextRetryAt], [e].[RetryCount], [e].[Status], [e].[UpdatedAt], [g].[Id], [g].[CardId], [g].[CreatedAt], [g].[PersonalMessage], [g].[RecipientEmail], [g].[RetryCount], [g].[ScheduledSendAt], [g].[SenderId], [g].[SentAt], [g].[Status], [g].[Subject], [g].[SubscriptionId], [u0].[Id], [u0].[CreatedAt], [u0].[DeletedAt], [u0].[Email], [u0].[EmailVerificationToken], [u0].[EmailVerificationTokenExpiry], [u0].[FailedLoginCount], [u0].[FullName], [u0].[IsDeleted], [u0].[LastLoginAt], [u0].[LockReason], [u0].[LockoutEndTime], [u0].[PasswordHash], [u0].[PasswordResetToken], [u0].[PasswordResetTokenExpiry], [u0].[PasswordResetTokenUsed], [u0].[RefreshTokenExpiry], [u0].[RefreshTokenHash], [u0].[Role], [u0].[SocialProvider], [u0].[SocialProviderId], [u0].[Status], [u0].[UpdatedAt], [g1].[Id], [g1].[CategoryId], [g1].[CreatedAt], [g1].[CustomJsonContent], [g1].[DeletedAt], [g1].[Description], [g1].[FileUrl], [g1].[IsDeleted], [g1].[IsFeatured], [g1].[IsPremium], [g1].[Name], [g1].[Slug], [g1].[Status], [g1].[Tags], [g1].[ThumbnailUrl], [g1].[UpdatedAt]
FROM [EmailRetryQueues] AS [e]
INNER JOIN [GreetingTransactions] AS [g] ON [e].[GreetingTransactionId] = [g].[Id]
INNER JOIN (
    SELECT [u].[Id], [u].[CreatedAt], [u].[DeletedAt], [u].[Email], [u].[EmailVerificationToken], [u].[EmailVerificationTokenExpiry], [u].[FailedLoginCount], [u].[FullName], [u].[IsDeleted], [u].[LastLoginAt], [u].[LockReason], [u].[LockoutEndTime], [u].[PasswordHash], [u].[PasswordResetToken], [u].[PasswordResetTokenExpiry], [u].[PasswordResetTokenUsed], [u].[RefreshTokenExpiry], [u].[RefreshTokenHash], [u].[Role], [u].[SocialProvider], [u].[SocialProviderId], [u].[Status], [u].[UpdatedAt]
    FROM [Users] AS [u]
    WHERE [u].[IsDeleted] = CAST(0 AS bit)
) AS [u0] ON [g].[SenderId] = [u0].[Id]
INNER JOIN (
    SELECT [g0].[Id], [g0].[CategoryId], [g0].[CreatedAt], [g0].[CustomJsonContent], [g0].[DeletedAt], [g0].[Description], [g0].[FileUrl], [g0].[IsDeleted], [g0].[IsFeatured], [g0].[IsPremium], [g0].[Name], [g0].[Slug], [g0].[Status], [g0].[Tags], [g0].[ThumbnailUrl], [g0].[UpdatedAt]
    FROM [GreetingCards] AS [g0]
    WHERE [g0].[IsDeleted] = CAST(0 AS bit)
) AS [g1] ON [g].[CardId] = [g1].[Id]
WHERE [e].[Status] = N'PendingRetry' AND [e].[NextRetryAt] <= @__now_0
2026-05-06 21:20:00.502 +07:00 [INF] Executed DbCommand (2ms) [Parameters=[@__now_0='?' (DbType = DateTime2)], CommandType='"Text"', CommandTimeout='30']
SELECT [e].[Id], [e].[CreatedAt], [e].[GreetingTransactionId], [e].[LastError], [e].[NextRetryAt], [e].[RetryCount], [e].[Status], [e].[UpdatedAt], [g].[Id], [g].[CardId], [g].[CreatedAt], [g].[PersonalMessage], [g].[RecipientEmail], [g].[RetryCount], [g].[ScheduledSendAt], [g].[SenderId], [g].[SentAt], [g].[Status], [g].[Subject], [g].[SubscriptionId], [u0].[Id], [u0].[CreatedAt], [u0].[DeletedAt], [u0].[Email], [u0].[EmailVerificationToken], [u0].[EmailVerificationTokenExpiry], [u0].[FailedLoginCount], [u0].[FullName], [u0].[IsDeleted], [u0].[LastLoginAt], [u0].[LockReason], [u0].[LockoutEndTime], [u0].[PasswordHash], [u0].[PasswordResetToken], [u0].[PasswordResetTokenExpiry], [u0].[PasswordResetTokenUsed], [u0].[RefreshTokenExpiry], [u0].[RefreshTokenHash], [u0].[Role], [u0].[SocialProvider], [u0].[SocialProviderId], [u0].[Status], [u0].[UpdatedAt], [g1].[Id], [g1].[CategoryId], [g1].[CreatedAt], [g1].[CustomJsonContent], [g1].[DeletedAt], [g1].[Description], [g1].[FileUrl], [g1].[IsDeleted], [g1].[IsFeatured], [g1].[IsPremium], [g1].[Name], [g1].[Slug], [g1].[Status], [g1].[Tags], [g1].[ThumbnailUrl], [g1].[UpdatedAt]
FROM [EmailRetryQueues] AS [e]
INNER JOIN [GreetingTransactions] AS [g] ON [e].[GreetingTransactionId] = [g].[Id]
INNER JOIN (
    SELECT [u].[Id], [u].[CreatedAt], [u].[DeletedAt], [u].[Email], [u].[EmailVerificationToken], [u].[EmailVerificationTokenExpiry], [u].[FailedLoginCount], [u].[FullName], [u].[IsDeleted], [u].[LastLoginAt], [u].[LockReason], [u].[LockoutEndTime], [u].[PasswordHash], [u].[PasswordResetToken], [u].[PasswordResetTokenExpiry], [u].[PasswordResetTokenUsed], [u].[RefreshTokenExpiry], [u].[RefreshTokenHash], [u].[Role], [u].[SocialProvider], [u].[SocialProviderId], [u].[Status], [u].[UpdatedAt]
    FROM [Users] AS [u]
    WHERE [u].[IsDeleted] = CAST(0 AS bit)
) AS [u0] ON [g].[SenderId] = [u0].[Id]
INNER JOIN (
    SELECT [g0].[Id], [g0].[CategoryId], [g0].[CreatedAt], [g0].[CustomJsonContent], [g0].[DeletedAt], [g0].[Description], [g0].[FileUrl], [g0].[IsDeleted], [g0].[IsFeatured], [g0].[IsPremium], [g0].[Name], [g0].[Slug], [g0].[Status], [g0].[Tags], [g0].[ThumbnailUrl], [g0].[UpdatedAt]
    FROM [GreetingCards] AS [g0]
    WHERE [g0].[IsDeleted] = CAST(0 AS bit)
) AS [g1] ON [g].[CardId] = [g1].[Id]
WHERE [e].[Status] = N'PendingRetry' AND [e].[NextRetryAt] <= @__now_0
2026-05-06 21:25:00.893 +07:00 [INF] Executed DbCommand (2ms) [Parameters=[@__now_0='?' (DbType = DateTime2)], CommandType='"Text"', CommandTimeout='30']
SELECT [e].[Id], [e].[CreatedAt], [e].[GreetingTransactionId], [e].[LastError], [e].[NextRetryAt], [e].[RetryCount], [e].[Status], [e].[UpdatedAt], [g].[Id], [g].[CardId], [g].[CreatedAt], [g].[PersonalMessage], [g].[RecipientEmail], [g].[RetryCount], [g].[ScheduledSendAt], [g].[SenderId], [g].[SentAt], [g].[Status], [g].[Subject], [g].[SubscriptionId], [u0].[Id], [u0].[CreatedAt], [u0].[DeletedAt], [u0].[Email], [u0].[EmailVerificationToken], [u0].[EmailVerificationTokenExpiry], [u0].[FailedLoginCount], [u0].[FullName], [u0].[IsDeleted], [u0].[LastLoginAt], [u0].[LockReason], [u0].[LockoutEndTime], [u0].[PasswordHash], [u0].[PasswordResetToken], [u0].[PasswordResetTokenExpiry], [u0].[PasswordResetTokenUsed], [u0].[RefreshTokenExpiry], [u0].[RefreshTokenHash], [u0].[Role], [u0].[SocialProvider], [u0].[SocialProviderId], [u0].[Status], [u0].[UpdatedAt], [g1].[Id], [g1].[CategoryId], [g1].[CreatedAt], [g1].[CustomJsonContent], [g1].[DeletedAt], [g1].[Description], [g1].[FileUrl], [g1].[IsDeleted], [g1].[IsFeatured], [g1].[IsPremium], [g1].[Name], [g1].[Slug], [g1].[Status], [g1].[Tags], [g1].[ThumbnailUrl], [g1].[UpdatedAt]
FROM [EmailRetryQueues] AS [e]
INNER JOIN [GreetingTransactions] AS [g] ON [e].[GreetingTransactionId] = [g].[Id]
INNER JOIN (
    SELECT [u].[Id], [u].[CreatedAt], [u].[DeletedAt], [u].[Email], [u].[EmailVerificationToken], [u].[EmailVerificationTokenExpiry], [u].[FailedLoginCount], [u].[FullName], [u].[IsDeleted], [u].[LastLoginAt], [u].[LockReason], [u].[LockoutEndTime], [u].[PasswordHash], [u].[PasswordResetToken], [u].[PasswordResetTokenExpiry], [u].[PasswordResetTokenUsed], [u].[RefreshTokenExpiry], [u].[RefreshTokenHash], [u].[Role], [u].[SocialProvider], [u].[SocialProviderId], [u].[Status], [u].[UpdatedAt]
    FROM [Users] AS [u]
    WHERE [u].[IsDeleted] = CAST(0 AS bit)
) AS [u0] ON [g].[SenderId] = [u0].[Id]
INNER JOIN (
    SELECT [g0].[Id], [g0].[CategoryId], [g0].[CreatedAt], [g0].[CustomJsonContent], [g0].[DeletedAt], [g0].[Description], [g0].[FileUrl], [g0].[IsDeleted], [g0].[IsFeatured], [g0].[IsPremium], [g0].[Name], [g0].[Slug], [g0].[Status], [g0].[Tags], [g0].[ThumbnailUrl], [g0].[UpdatedAt]
    FROM [GreetingCards] AS [g0]
    WHERE [g0].[IsDeleted] = CAST(0 AS bit)
) AS [g1] ON [g].[CardId] = [g1].[Id]
WHERE [e].[Status] = N'PendingRetry' AND [e].[NextRetryAt] <= @__now_0
2026-05-06 21:30:01.281 +07:00 [INF] Executed DbCommand (2ms) [Parameters=[@__now_0='?' (DbType = DateTime2)], CommandType='"Text"', CommandTimeout='30']
SELECT [e].[Id], [e].[CreatedAt], [e].[GreetingTransactionId], [e].[LastError], [e].[NextRetryAt], [e].[RetryCount], [e].[Status], [e].[UpdatedAt], [g].[Id], [g].[CardId], [g].[CreatedAt], [g].[PersonalMessage], [g].[RecipientEmail], [g].[RetryCount], [g].[ScheduledSendAt], [g].[SenderId], [g].[SentAt], [g].[Status], [g].[Subject], [g].[SubscriptionId], [u0].[Id], [u0].[CreatedAt], [u0].[DeletedAt], [u0].[Email], [u0].[EmailVerificationToken], [u0].[EmailVerificationTokenExpiry], [u0].[FailedLoginCount], [u0].[FullName], [u0].[IsDeleted], [u0].[LastLoginAt], [u0].[LockReason], [u0].[LockoutEndTime], [u0].[PasswordHash], [u0].[PasswordResetToken], [u0].[PasswordResetTokenExpiry], [u0].[PasswordResetTokenUsed], [u0].[RefreshTokenExpiry], [u0].[RefreshTokenHash], [u0].[Role], [u0].[SocialProvider], [u0].[SocialProviderId], [u0].[Status], [u0].[UpdatedAt], [g1].[Id], [g1].[CategoryId], [g1].[CreatedAt], [g1].[CustomJsonContent], [g1].[DeletedAt], [g1].[Description], [g1].[FileUrl], [g1].[IsDeleted], [g1].[IsFeatured], [g1].[IsPremium], [g1].[Name], [g1].[Slug], [g1].[Status], [g1].[Tags], [g1].[ThumbnailUrl], [g1].[UpdatedAt]
FROM [EmailRetryQueues] AS [e]
INNER JOIN [GreetingTransactions] AS [g] ON [e].[GreetingTransactionId] = [g].[Id]
INNER JOIN (
    SELECT [u].[Id], [u].[CreatedAt], [u].[DeletedAt], [u].[Email], [u].[EmailVerificationToken], [u].[EmailVerificationTokenExpiry], [u].[FailedLoginCount], [u].[FullName], [u].[IsDeleted], [u].[LastLoginAt], [u].[LockReason], [u].[LockoutEndTime], [u].[PasswordHash], [u].[PasswordResetToken], [u].[PasswordResetTokenExpiry], [u].[PasswordResetTokenUsed], [u].[RefreshTokenExpiry], [u].[RefreshTokenHash], [u].[Role], [u].[SocialProvider], [u].[SocialProviderId], [u].[Status], [u].[UpdatedAt]
    FROM [Users] AS [u]
    WHERE [u].[IsDeleted] = CAST(0 AS bit)
) AS [u0] ON [g].[SenderId] = [u0].[Id]
INNER JOIN (
    SELECT [g0].[Id], [g0].[CategoryId], [g0].[CreatedAt], [g0].[CustomJsonContent], [g0].[DeletedAt], [g0].[Description], [g0].[FileUrl], [g0].[IsDeleted], [g0].[IsFeatured], [g0].[IsPremium], [g0].[Name], [g0].[Slug], [g0].[Status], [g0].[Tags], [g0].[ThumbnailUrl], [g0].[UpdatedAt]
    FROM [GreetingCards] AS [g0]
    WHERE [g0].[IsDeleted] = CAST(0 AS bit)
) AS [g1] ON [g].[CardId] = [g1].[Id]
WHERE [e].[Status] = N'PendingRetry' AND [e].[NextRetryAt] <= @__now_0
2026-05-06 21:35:01.710 +07:00 [INF] Executed DbCommand (3ms) [Parameters=[@__now_0='?' (DbType = DateTime2)], CommandType='"Text"', CommandTimeout='30']
SELECT [e].[Id], [e].[CreatedAt], [e].[GreetingTransactionId], [e].[LastError], [e].[NextRetryAt], [e].[RetryCount], [e].[Status], [e].[UpdatedAt], [g].[Id], [g].[CardId], [g].[CreatedAt], [g].[PersonalMessage], [g].[RecipientEmail], [g].[RetryCount], [g].[ScheduledSendAt], [g].[SenderId], [g].[SentAt], [g].[Status], [g].[Subject], [g].[SubscriptionId], [u0].[Id], [u0].[CreatedAt], [u0].[DeletedAt], [u0].[Email], [u0].[EmailVerificationToken], [u0].[EmailVerificationTokenExpiry], [u0].[FailedLoginCount], [u0].[FullName], [u0].[IsDeleted], [u0].[LastLoginAt], [u0].[LockReason], [u0].[LockoutEndTime], [u0].[PasswordHash], [u0].[PasswordResetToken], [u0].[PasswordResetTokenExpiry], [u0].[PasswordResetTokenUsed], [u0].[RefreshTokenExpiry], [u0].[RefreshTokenHash], [u0].[Role], [u0].[SocialProvider], [u0].[SocialProviderId], [u0].[Status], [u0].[UpdatedAt], [g1].[Id], [g1].[CategoryId], [g1].[CreatedAt], [g1].[CustomJsonContent], [g1].[DeletedAt], [g1].[Description], [g1].[FileUrl], [g1].[IsDeleted], [g1].[IsFeatured], [g1].[IsPremium], [g1].[Name], [g1].[Slug], [g1].[Status], [g1].[Tags], [g1].[ThumbnailUrl], [g1].[UpdatedAt]
FROM [EmailRetryQueues] AS [e]
INNER JOIN [GreetingTransactions] AS [g] ON [e].[GreetingTransactionId] = [g].[Id]
INNER JOIN (
    SELECT [u].[Id], [u].[CreatedAt], [u].[DeletedAt], [u].[Email], [u].[EmailVerificationToken], [u].[EmailVerificationTokenExpiry], [u].[FailedLoginCount], [u].[FullName], [u].[IsDeleted], [u].[LastLoginAt], [u].[LockReason], [u].[LockoutEndTime], [u].[PasswordHash], [u].[PasswordResetToken], [u].[PasswordResetTokenExpiry], [u].[PasswordResetTokenUsed], [u].[RefreshTokenExpiry], [u].[RefreshTokenHash], [u].[Role], [u].[SocialProvider], [u].[SocialProviderId], [u].[Status], [u].[UpdatedAt]
    FROM [Users] AS [u]
    WHERE [u].[IsDeleted] = CAST(0 AS bit)
) AS [u0] ON [g].[SenderId] = [u0].[Id]
INNER JOIN (
    SELECT [g0].[Id], [g0].[CategoryId], [g0].[CreatedAt], [g0].[CustomJsonContent], [g0].[DeletedAt], [g0].[Description], [g0].[FileUrl], [g0].[IsDeleted], [g0].[IsFeatured], [g0].[IsPremium], [g0].[Name], [g0].[Slug], [g0].[Status], [g0].[Tags], [g0].[ThumbnailUrl], [g0].[UpdatedAt]
    FROM [GreetingCards] AS [g0]
    WHERE [g0].[IsDeleted] = CAST(0 AS bit)
) AS [g1] ON [g].[CardId] = [g1].[Id]
WHERE [e].[Status] = N'PendingRetry' AND [e].[NextRetryAt] <= @__now_0
2026-05-06 21:40:02.120 +07:00 [INF] Executed DbCommand (3ms) [Parameters=[@__now_0='?' (DbType = DateTime2)], CommandType='"Text"', CommandTimeout='30']
SELECT [e].[Id], [e].[CreatedAt], [e].[GreetingTransactionId], [e].[LastError], [e].[NextRetryAt], [e].[RetryCount], [e].[Status], [e].[UpdatedAt], [g].[Id], [g].[CardId], [g].[CreatedAt], [g].[PersonalMessage], [g].[RecipientEmail], [g].[RetryCount], [g].[ScheduledSendAt], [g].[SenderId], [g].[SentAt], [g].[Status], [g].[Subject], [g].[SubscriptionId], [u0].[Id], [u0].[CreatedAt], [u0].[DeletedAt], [u0].[Email], [u0].[EmailVerificationToken], [u0].[EmailVerificationTokenExpiry], [u0].[FailedLoginCount], [u0].[FullName], [u0].[IsDeleted], [u0].[LastLoginAt], [u0].[LockReason], [u0].[LockoutEndTime], [u0].[PasswordHash], [u0].[PasswordResetToken], [u0].[PasswordResetTokenExpiry], [u0].[PasswordResetTokenUsed], [u0].[RefreshTokenExpiry], [u0].[RefreshTokenHash], [u0].[Role], [u0].[SocialProvider], [u0].[SocialProviderId], [u0].[Status], [u0].[UpdatedAt], [g1].[Id], [g1].[CategoryId], [g1].[CreatedAt], [g1].[CustomJsonContent], [g1].[DeletedAt], [g1].[Description], [g1].[FileUrl], [g1].[IsDeleted], [g1].[IsFeatured], [g1].[IsPremium], [g1].[Name], [g1].[Slug], [g1].[Status], [g1].[Tags], [g1].[ThumbnailUrl], [g1].[UpdatedAt]
FROM [EmailRetryQueues] AS [e]
INNER JOIN [GreetingTransactions] AS [g] ON [e].[GreetingTransactionId] = [g].[Id]
INNER JOIN (
    SELECT [u].[Id], [u].[CreatedAt], [u].[DeletedAt], [u].[Email], [u].[EmailVerificationToken], [u].[EmailVerificationTokenExpiry], [u].[FailedLoginCount], [u].[FullName], [u].[IsDeleted], [u].[LastLoginAt], [u].[LockReason], [u].[LockoutEndTime], [u].[PasswordHash], [u].[PasswordResetToken], [u].[PasswordResetTokenExpiry], [u].[PasswordResetTokenUsed], [u].[RefreshTokenExpiry], [u].[RefreshTokenHash], [u].[Role], [u].[SocialProvider], [u].[SocialProviderId], [u].[Status], [u].[UpdatedAt]
    FROM [Users] AS [u]
    WHERE [u].[IsDeleted] = CAST(0 AS bit)
) AS [u0] ON [g].[SenderId] = [u0].[Id]
INNER JOIN (
    SELECT [g0].[Id], [g0].[CategoryId], [g0].[CreatedAt], [g0].[CustomJsonContent], [g0].[DeletedAt], [g0].[Description], [g0].[FileUrl], [g0].[IsDeleted], [g0].[IsFeatured], [g0].[IsPremium], [g0].[Name], [g0].[Slug], [g0].[Status], [g0].[Tags], [g0].[ThumbnailUrl], [g0].[UpdatedAt]
    FROM [GreetingCards] AS [g0]
    WHERE [g0].[IsDeleted] = CAST(0 AS bit)
) AS [g1] ON [g].[CardId] = [g1].[Id]
WHERE [e].[Status] = N'PendingRetry' AND [e].[NextRetryAt] <= @__now_0
2026-05-06 21:45:02.511 +07:00 [INF] Executed DbCommand (3ms) [Parameters=[@__now_0='?' (DbType = DateTime2)], CommandType='"Text"', CommandTimeout='30']
SELECT [e].[Id], [e].[CreatedAt], [e].[GreetingTransactionId], [e].[LastError], [e].[NextRetryAt], [e].[RetryCount], [e].[Status], [e].[UpdatedAt], [g].[Id], [g].[CardId], [g].[CreatedAt], [g].[PersonalMessage], [g].[RecipientEmail], [g].[RetryCount], [g].[ScheduledSendAt], [g].[SenderId], [g].[SentAt], [g].[Status], [g].[Subject], [g].[SubscriptionId], [u0].[Id], [u0].[CreatedAt], [u0].[DeletedAt], [u0].[Email], [u0].[EmailVerificationToken], [u0].[EmailVerificationTokenExpiry], [u0].[FailedLoginCount], [u0].[FullName], [u0].[IsDeleted], [u0].[LastLoginAt], [u0].[LockReason], [u0].[LockoutEndTime], [u0].[PasswordHash], [u0].[PasswordResetToken], [u0].[PasswordResetTokenExpiry], [u0].[PasswordResetTokenUsed], [u0].[RefreshTokenExpiry], [u0].[RefreshTokenHash], [u0].[Role], [u0].[SocialProvider], [u0].[SocialProviderId], [u0].[Status], [u0].[UpdatedAt], [g1].[Id], [g1].[CategoryId], [g1].[CreatedAt], [g1].[CustomJsonContent], [g1].[DeletedAt], [g1].[Description], [g1].[FileUrl], [g1].[IsDeleted], [g1].[IsFeatured], [g1].[IsPremium], [g1].[Name], [g1].[Slug], [g1].[Status], [g1].[Tags], [g1].[ThumbnailUrl], [g1].[UpdatedAt]
FROM [EmailRetryQueues] AS [e]
INNER JOIN [GreetingTransactions] AS [g] ON [e].[GreetingTransactionId] = [g].[Id]
INNER JOIN (
    SELECT [u].[Id], [u].[CreatedAt], [u].[DeletedAt], [u].[Email], [u].[EmailVerificationToken], [u].[EmailVerificationTokenExpiry], [u].[FailedLoginCount], [u].[FullName], [u].[IsDeleted], [u].[LastLoginAt], [u].[LockReason], [u].[LockoutEndTime], [u].[PasswordHash], [u].[PasswordResetToken], [u].[PasswordResetTokenExpiry], [u].[PasswordResetTokenUsed], [u].[RefreshTokenExpiry], [u].[RefreshTokenHash], [u].[Role], [u].[SocialProvider], [u].[SocialProviderId], [u].[Status], [u].[UpdatedAt]
    FROM [Users] AS [u]
    WHERE [u].[IsDeleted] = CAST(0 AS bit)
) AS [u0] ON [g].[SenderId] = [u0].[Id]
INNER JOIN (
    SELECT [g0].[Id], [g0].[CategoryId], [g0].[CreatedAt], [g0].[CustomJsonContent], [g0].[DeletedAt], [g0].[Description], [g0].[FileUrl], [g0].[IsDeleted], [g0].[IsFeatured], [g0].[IsPremium], [g0].[Name], [g0].[Slug], [g0].[Status], [g0].[Tags], [g0].[ThumbnailUrl], [g0].[UpdatedAt]
    FROM [GreetingCards] AS [g0]
    WHERE [g0].[IsDeleted] = CAST(0 AS bit)
) AS [g1] ON [g].[CardId] = [g1].[Id]
WHERE [e].[Status] = N'PendingRetry' AND [e].[NextRetryAt] <= @__now_0
2026-05-06 21:50:02.930 +07:00 [INF] Executed DbCommand (3ms) [Parameters=[@__now_0='?' (DbType = DateTime2)], CommandType='"Text"', CommandTimeout='30']
SELECT [e].[Id], [e].[CreatedAt], [e].[GreetingTransactionId], [e].[LastError], [e].[NextRetryAt], [e].[RetryCount], [e].[Status], [e].[UpdatedAt], [g].[Id], [g].[CardId], [g].[CreatedAt], [g].[PersonalMessage], [g].[RecipientEmail], [g].[RetryCount], [g].[ScheduledSendAt], [g].[SenderId], [g].[SentAt], [g].[Status], [g].[Subject], [g].[SubscriptionId], [u0].[Id], [u0].[CreatedAt], [u0].[DeletedAt], [u0].[Email], [u0].[EmailVerificationToken], [u0].[EmailVerificationTokenExpiry], [u0].[FailedLoginCount], [u0].[FullName], [u0].[IsDeleted], [u0].[LastLoginAt], [u0].[LockReason], [u0].[LockoutEndTime], [u0].[PasswordHash], [u0].[PasswordResetToken], [u0].[PasswordResetTokenExpiry], [u0].[PasswordResetTokenUsed], [u0].[RefreshTokenExpiry], [u0].[RefreshTokenHash], [u0].[Role], [u0].[SocialProvider], [u0].[SocialProviderId], [u0].[Status], [u0].[UpdatedAt], [g1].[Id], [g1].[CategoryId], [g1].[CreatedAt], [g1].[CustomJsonContent], [g1].[DeletedAt], [g1].[Description], [g1].[FileUrl], [g1].[IsDeleted], [g1].[IsFeatured], [g1].[IsPremium], [g1].[Name], [g1].[Slug], [g1].[Status], [g1].[Tags], [g1].[ThumbnailUrl], [g1].[UpdatedAt]
FROM [EmailRetryQueues] AS [e]
INNER JOIN [GreetingTransactions] AS [g] ON [e].[GreetingTransactionId] = [g].[Id]
INNER JOIN (
    SELECT [u].[Id], [u].[CreatedAt], [u].[DeletedAt], [u].[Email], [u].[EmailVerificationToken], [u].[EmailVerificationTokenExpiry], [u].[FailedLoginCount], [u].[FullName], [u].[IsDeleted], [u].[LastLoginAt], [u].[LockReason], [u].[LockoutEndTime], [u].[PasswordHash], [u].[PasswordResetToken], [u].[PasswordResetTokenExpiry], [u].[PasswordResetTokenUsed], [u].[RefreshTokenExpiry], [u].[RefreshTokenHash], [u].[Role], [u].[SocialProvider], [u].[SocialProviderId], [u].[Status], [u].[UpdatedAt]
    FROM [Users] AS [u]
    WHERE [u].[IsDeleted] = CAST(0 AS bit)
) AS [u0] ON [g].[SenderId] = [u0].[Id]
INNER JOIN (
    SELECT [g0].[Id], [g0].[CategoryId], [g0].[CreatedAt], [g0].[CustomJsonContent], [g0].[DeletedAt], [g0].[Description], [g0].[FileUrl], [g0].[IsDeleted], [g0].[IsFeatured], [g0].[IsPremium], [g0].[Name], [g0].[Slug], [g0].[Status], [g0].[Tags], [g0].[ThumbnailUrl], [g0].[UpdatedAt]
    FROM [GreetingCards] AS [g0]
    WHERE [g0].[IsDeleted] = CAST(0 AS bit)
) AS [g1] ON [g].[CardId] = [g1].[Id]
WHERE [e].[Status] = N'PendingRetry' AND [e].[NextRetryAt] <= @__now_0
2026-05-06 21:55:03.316 +07:00 [INF] Executed DbCommand (3ms) [Parameters=[@__now_0='?' (DbType = DateTime2)], CommandType='"Text"', CommandTimeout='30']
SELECT [e].[Id], [e].[CreatedAt], [e].[GreetingTransactionId], [e].[LastError], [e].[NextRetryAt], [e].[RetryCount], [e].[Status], [e].[UpdatedAt], [g].[Id], [g].[CardId], [g].[CreatedAt], [g].[PersonalMessage], [g].[RecipientEmail], [g].[RetryCount], [g].[ScheduledSendAt], [g].[SenderId], [g].[SentAt], [g].[Status], [g].[Subject], [g].[SubscriptionId], [u0].[Id], [u0].[CreatedAt], [u0].[DeletedAt], [u0].[Email], [u0].[EmailVerificationToken], [u0].[EmailVerificationTokenExpiry], [u0].[FailedLoginCount], [u0].[FullName], [u0].[IsDeleted], [u0].[LastLoginAt], [u0].[LockReason], [u0].[LockoutEndTime], [u0].[PasswordHash], [u0].[PasswordResetToken], [u0].[PasswordResetTokenExpiry], [u0].[PasswordResetTokenUsed], [u0].[RefreshTokenExpiry], [u0].[RefreshTokenHash], [u0].[Role], [u0].[SocialProvider], [u0].[SocialProviderId], [u0].[Status], [u0].[UpdatedAt], [g1].[Id], [g1].[CategoryId], [g1].[CreatedAt], [g1].[CustomJsonContent], [g1].[DeletedAt], [g1].[Description], [g1].[FileUrl], [g1].[IsDeleted], [g1].[IsFeatured], [g1].[IsPremium], [g1].[Name], [g1].[Slug], [g1].[Status], [g1].[Tags], [g1].[ThumbnailUrl], [g1].[UpdatedAt]
FROM [EmailRetryQueues] AS [e]
INNER JOIN [GreetingTransactions] AS [g] ON [e].[GreetingTransactionId] = [g].[Id]
INNER JOIN (
    SELECT [u].[Id], [u].[CreatedAt], [u].[DeletedAt], [u].[Email], [u].[EmailVerificationToken], [u].[EmailVerificationTokenExpiry], [u].[FailedLoginCount], [u].[FullName], [u].[IsDeleted], [u].[LastLoginAt], [u].[LockReason], [u].[LockoutEndTime], [u].[PasswordHash], [u].[PasswordResetToken], [u].[PasswordResetTokenExpiry], [u].[PasswordResetTokenUsed], [u].[RefreshTokenExpiry], [u].[RefreshTokenHash], [u].[Role], [u].[SocialProvider], [u].[SocialProviderId], [u].[Status], [u].[UpdatedAt]
    FROM [Users] AS [u]
    WHERE [u].[IsDeleted] = CAST(0 AS bit)
) AS [u0] ON [g].[SenderId] = [u0].[Id]
INNER JOIN (
    SELECT [g0].[Id], [g0].[CategoryId], [g0].[CreatedAt], [g0].[CustomJsonContent], [g0].[DeletedAt], [g0].[Description], [g0].[FileUrl], [g0].[IsDeleted], [g0].[IsFeatured], [g0].[IsPremium], [g0].[Name], [g0].[Slug], [g0].[Status], [g0].[Tags], [g0].[ThumbnailUrl], [g0].[UpdatedAt]
    FROM [GreetingCards] AS [g0]
    WHERE [g0].[IsDeleted] = CAST(0 AS bit)
) AS [g1] ON [g].[CardId] = [g1].[Id]
WHERE [e].[Status] = N'PendingRetry' AND [e].[NextRetryAt] <= @__now_0
2026-05-06 21:56:57.900 +07:00 [INF] Server macbook-pro-cua-alan:50039:b3ab06d5 caught stopping signal...
2026-05-06 21:56:58.403 +07:00 [INF] Server macbook-pro-cua-alan:50039:b3ab06d5 All dispatchers stopped
2026-05-06 21:56:58.414 +07:00 [INF] Server macbook-pro-cua-alan:50039:b3ab06d5 successfully reported itself as stopped in 10,7215 ms
2026-05-06 21:56:58.415 +07:00 [INF] Server macbook-pro-cua-alan:50039:b3ab06d5 has been stopped in total 509,6031 ms
2026-05-06 22:19:57.738 +07:00 [WRN] Entity 'User' has a global query filter defined and is the required end of a relationship with the entity 'Feedback'. This may lead to unexpected results when the required entity is filtered out. Either configure the navigation as optional, or define matching query filters for both entities in the navigation. See https://go.microsoft.com/fwlink/?linkid=2131316 for more information.
2026-05-06 22:19:57.771 +07:00 [WRN] Entity 'GreetingCard' has a global query filter defined and is the required end of a relationship with the entity 'GreetingTransaction'. This may lead to unexpected results when the required entity is filtered out. Either configure the navigation as optional, or define matching query filters for both entities in the navigation. See https://go.microsoft.com/fwlink/?linkid=2131316 for more information.
2026-05-06 22:19:57.771 +07:00 [WRN] Entity 'User' has a global query filter defined and is the required end of a relationship with the entity 'Subscription'. This may lead to unexpected results when the required entity is filtered out. Either configure the navigation as optional, or define matching query filters for both entities in the navigation. See https://go.microsoft.com/fwlink/?linkid=2131316 for more information.
2026-05-06 22:19:58.105 +07:00 [INF] Executed DbCommand (20ms) [Parameters=[], CommandType='"Text"', CommandTimeout='30']
SELECT 1
2026-05-06 22:19:58.140 +07:00 [INF] Executed DbCommand (26ms) [Parameters=[], CommandType='"Text"', CommandTimeout='30']
DECLARE @result int;
EXEC @result = sp_getapplock @Resource = '__EFMigrationsLock', @LockOwner = 'Session', @LockMode = 'Exclusive';
SELECT @result
2026-05-06 22:19:58.187 +07:00 [INF] Executed DbCommand (9ms) [Parameters=[], CommandType='"Text"', CommandTimeout='30']
IF OBJECT_ID(N'[__EFMigrationsHistory]') IS NULL
BEGIN
    CREATE TABLE [__EFMigrationsHistory] (
        [MigrationId] nvarchar(150) NOT NULL,
        [ProductVersion] nvarchar(32) NOT NULL,
        CONSTRAINT [PK___EFMigrationsHistory] PRIMARY KEY ([MigrationId])
    );
END;
2026-05-06 22:19:58.201 +07:00 [INF] Executed DbCommand (2ms) [Parameters=[], CommandType='"Text"', CommandTimeout='30']
SELECT 1
2026-05-06 22:19:58.204 +07:00 [INF] Executed DbCommand (2ms) [Parameters=[], CommandType='"Text"', CommandTimeout='30']
SELECT OBJECT_ID(N'[__EFMigrationsHistory]');
2026-05-06 22:19:58.212 +07:00 [INF] Executed DbCommand (5ms) [Parameters=[], CommandType='"Text"', CommandTimeout='30']
SELECT [MigrationId], [ProductVersion]
FROM [__EFMigrationsHistory]
ORDER BY [MigrationId];
2026-05-06 22:19:58.223 +07:00 [INF] Executed DbCommand (3ms) [Parameters=[], CommandType='"Text"', CommandTimeout='30']
DECLARE @result int;
EXEC @result = sp_releaseapplock @Resource = '__EFMigrationsLock', @LockOwner = 'Session';
SELECT @result
2026-05-06 22:19:58.361 +07:00 [INF] Executed DbCommand (8ms) [Parameters=[], CommandType='"Text"', CommandTimeout='30']
SELECT CASE
    WHEN EXISTS (
        SELECT 1
        FROM [Categories] AS [c]
        WHERE [c].[IsDeleted] = CAST(0 AS bit)) THEN CAST(1 AS bit)
    ELSE CAST(0 AS bit)
END
2026-05-06 22:19:58.390 +07:00 [INF] Executed DbCommand (13ms) [Parameters=[@__adminEmail_0='?' (Size = 256) (DbType = AnsiString)], CommandType='"Text"', CommandTimeout='30']
SELECT CASE
    WHEN EXISTS (
        SELECT 1
        FROM [Users] AS [u]
        WHERE [u].[Email] = @__adminEmail_0) THEN CAST(1 AS bit)
    ELSE CAST(0 AS bit)
END
2026-05-06 22:19:58.398 +07:00 [INF] Executed DbCommand (6ms) [Parameters=[@__admin2Email_0='?' (Size = 256) (DbType = AnsiString)], CommandType='"Text"', CommandTimeout='30']
SELECT CASE
    WHEN EXISTS (
        SELECT 1
        FROM [Users] AS [u]
        WHERE [u].[Email] = @__admin2Email_0) THEN CAST(1 AS bit)
    ELSE CAST(0 AS bit)
END
2026-05-06 22:19:58.455 +07:00 [INF] Executed DbCommand (4ms) [Parameters=[@__admin2Email_0='?' (Size = 256) (DbType = AnsiString)], CommandType='"Text"', CommandTimeout='30']
SELECT TOP(1) [u].[Id], [u].[CreatedAt], [u].[DeletedAt], [u].[Email], [u].[EmailVerificationToken], [u].[EmailVerificationTokenExpiry], [u].[FailedLoginCount], [u].[FullName], [u].[IsDeleted], [u].[LastLoginAt], [u].[LockReason], [u].[LockoutEndTime], [u].[PasswordHash], [u].[PasswordResetToken], [u].[PasswordResetTokenExpiry], [u].[PasswordResetTokenUsed], [u].[RefreshTokenExpiry], [u].[RefreshTokenHash], [u].[Role], [u].[SocialProvider], [u].[SocialProviderId], [u].[Status], [u].[UpdatedAt]
FROM [Users] AS [u]
WHERE [u].[Email] = @__admin2Email_0
2026-05-06 22:19:58.511 +07:00 [INF] Executed DbCommand (5ms) [Parameters=[], CommandType='"Text"', CommandTimeout='30']
SELECT CASE
    WHEN EXISTS (
        SELECT 1
        FROM [GreetingCards] AS [g]
        WHERE [g].[IsDeleted] = CAST(0 AS bit)) THEN CAST(1 AS bit)
    ELSE CAST(0 AS bit)
END
2026-05-06 22:19:58.529 +07:00 [INF] Start installing Hangfire SQL objects...
2026-05-06 22:19:58.559 +07:00 [INF] Hangfire SQL objects installed.
2026-05-06 22:19:58.737 +07:00 [INF] Starting Hangfire Server using job storage: 'SQL Server: localhost,1433@EGreetingsDb_Dev'
2026-05-06 22:19:58.737 +07:00 [INF] Using the following options for SQL Server job storage: Queue poll interval: 00:00:00.
2026-05-06 22:19:58.737 +07:00 [INF] Using the following options for Hangfire Server:
    Worker count: 20
    Listening queues: 'default'
    Shutdown timeout: 00:00:15
    Schedule polling interval: 00:00:15
2026-05-06 22:19:58.755 +07:00 [INF] Server macbookpro:84598:84143c7e successfully announced in 11,5434 ms
2026-05-06 22:19:58.757 +07:00 [INF] Server macbookpro:84598:84143c7e is starting the registered dispatchers: ServerWatchdog, ServerJobCancellationWatcher, SqlServerHeartbeatProcess, ExpirationManager, CountersAggregator, Worker, DelayedJobScheduler, RecurringJobScheduler...
2026-05-06 22:19:58.758 +07:00 [INF] Server macbookpro:84598:84143c7e all the dispatchers started
2026-05-06 22:19:58.968 +07:00 [INF] Executed DbCommand (3ms) [Parameters=[@__now_0='?' (DbType = DateTime2)], CommandType='"Text"', CommandTimeout='30']
SELECT [e].[Id], [e].[CreatedAt], [e].[GreetingTransactionId], [e].[LastError], [e].[NextRetryAt], [e].[RetryCount], [e].[Status], [e].[UpdatedAt], [g].[Id], [g].[CardId], [g].[CreatedAt], [g].[PersonalMessage], [g].[RecipientEmail], [g].[RetryCount], [g].[ScheduledSendAt], [g].[SenderId], [g].[SentAt], [g].[Status], [g].[Subject], [g].[SubscriptionId], [u0].[Id], [u0].[CreatedAt], [u0].[DeletedAt], [u0].[Email], [u0].[EmailVerificationToken], [u0].[EmailVerificationTokenExpiry], [u0].[FailedLoginCount], [u0].[FullName], [u0].[IsDeleted], [u0].[LastLoginAt], [u0].[LockReason], [u0].[LockoutEndTime], [u0].[PasswordHash], [u0].[PasswordResetToken], [u0].[PasswordResetTokenExpiry], [u0].[PasswordResetTokenUsed], [u0].[RefreshTokenExpiry], [u0].[RefreshTokenHash], [u0].[Role], [u0].[SocialProvider], [u0].[SocialProviderId], [u0].[Status], [u0].[UpdatedAt], [g1].[Id], [g1].[CategoryId], [g1].[CreatedAt], [g1].[CustomJsonContent], [g1].[DeletedAt], [g1].[Description], [g1].[FileUrl], [g1].[IsDeleted], [g1].[IsFeatured], [g1].[IsPremium], [g1].[Name], [g1].[Slug], [g1].[Status], [g1].[Tags], [g1].[ThumbnailUrl], [g1].[UpdatedAt]
FROM [EmailRetryQueues] AS [e]
INNER JOIN [GreetingTransactions] AS [g] ON [e].[GreetingTransactionId] = [g].[Id]
INNER JOIN (
    SELECT [u].[Id], [u].[CreatedAt], [u].[DeletedAt], [u].[Email], [u].[EmailVerificationToken], [u].[EmailVerificationTokenExpiry], [u].[FailedLoginCount], [u].[FullName], [u].[IsDeleted], [u].[LastLoginAt], [u].[LockReason], [u].[LockoutEndTime], [u].[PasswordHash], [u].[PasswordResetToken], [u].[PasswordResetTokenExpiry], [u].[PasswordResetTokenUsed], [u].[RefreshTokenExpiry], [u].[RefreshTokenHash], [u].[Role], [u].[SocialProvider], [u].[SocialProviderId], [u].[Status], [u].[UpdatedAt]
    FROM [Users] AS [u]
    WHERE [u].[IsDeleted] = CAST(0 AS bit)
) AS [u0] ON [g].[SenderId] = [u0].[Id]
INNER JOIN (
    SELECT [g0].[Id], [g0].[CategoryId], [g0].[CreatedAt], [g0].[CustomJsonContent], [g0].[DeletedAt], [g0].[Description], [g0].[FileUrl], [g0].[IsDeleted], [g0].[IsFeatured], [g0].[IsPremium], [g0].[Name], [g0].[Slug], [g0].[Status], [g0].[Tags], [g0].[ThumbnailUrl], [g0].[UpdatedAt]
    FROM [GreetingCards] AS [g0]
    WHERE [g0].[IsDeleted] = CAST(0 AS bit)
) AS [g1] ON [g].[CardId] = [g1].[Id]
WHERE [e].[Status] = N'PendingRetry' AND [e].[NextRetryAt] <= @__now_0
2026-05-06 22:20:13.956 +07:00 [INF] Executed DbCommand (2ms) [Parameters=[@__now_0='?' (DbType = DateTime2)], CommandType='"Text"', CommandTimeout='30']
SELECT [e].[Id], [e].[CreatedAt], [e].[GreetingTransactionId], [e].[LastError], [e].[NextRetryAt], [e].[RetryCount], [e].[Status], [e].[UpdatedAt], [g].[Id], [g].[CardId], [g].[CreatedAt], [g].[PersonalMessage], [g].[RecipientEmail], [g].[RetryCount], [g].[ScheduledSendAt], [g].[SenderId], [g].[SentAt], [g].[Status], [g].[Subject], [g].[SubscriptionId], [u0].[Id], [u0].[CreatedAt], [u0].[DeletedAt], [u0].[Email], [u0].[EmailVerificationToken], [u0].[EmailVerificationTokenExpiry], [u0].[FailedLoginCount], [u0].[FullName], [u0].[IsDeleted], [u0].[LastLoginAt], [u0].[LockReason], [u0].[LockoutEndTime], [u0].[PasswordHash], [u0].[PasswordResetToken], [u0].[PasswordResetTokenExpiry], [u0].[PasswordResetTokenUsed], [u0].[RefreshTokenExpiry], [u0].[RefreshTokenHash], [u0].[Role], [u0].[SocialProvider], [u0].[SocialProviderId], [u0].[Status], [u0].[UpdatedAt], [g1].[Id], [g1].[CategoryId], [g1].[CreatedAt], [g1].[CustomJsonContent], [g1].[DeletedAt], [g1].[Description], [g1].[FileUrl], [g1].[IsDeleted], [g1].[IsFeatured], [g1].[IsPremium], [g1].[Name], [g1].[Slug], [g1].[Status], [g1].[Tags], [g1].[ThumbnailUrl], [g1].[UpdatedAt]
FROM [EmailRetryQueues] AS [e]
INNER JOIN [GreetingTransactions] AS [g] ON [e].[GreetingTransactionId] = [g].[Id]
INNER JOIN (
    SELECT [u].[Id], [u].[CreatedAt], [u].[DeletedAt], [u].[Email], [u].[EmailVerificationToken], [u].[EmailVerificationTokenExpiry], [u].[FailedLoginCount], [u].[FullName], [u].[IsDeleted], [u].[LastLoginAt], [u].[LockReason], [u].[LockoutEndTime], [u].[PasswordHash], [u].[PasswordResetToken], [u].[PasswordResetTokenExpiry], [u].[PasswordResetTokenUsed], [u].[RefreshTokenExpiry], [u].[RefreshTokenHash], [u].[Role], [u].[SocialProvider], [u].[SocialProviderId], [u].[Status], [u].[UpdatedAt]
    FROM [Users] AS [u]
    WHERE [u].[IsDeleted] = CAST(0 AS bit)
) AS [u0] ON [g].[SenderId] = [u0].[Id]
INNER JOIN (
    SELECT [g0].[Id], [g0].[CategoryId], [g0].[CreatedAt], [g0].[CustomJsonContent], [g0].[DeletedAt], [g0].[Description], [g0].[FileUrl], [g0].[IsDeleted], [g0].[IsFeatured], [g0].[IsPremium], [g0].[Name], [g0].[Slug], [g0].[Status], [g0].[Tags], [g0].[ThumbnailUrl], [g0].[UpdatedAt]
    FROM [GreetingCards] AS [g0]
    WHERE [g0].[IsDeleted] = CAST(0 AS bit)
) AS [g1] ON [g].[CardId] = [g1].[Id]
WHERE [e].[Status] = N'PendingRetry' AND [e].[NextRetryAt] <= @__now_0
2026-05-06 22:23:46.084 +07:00 [WRN] Failed to determine the https port for redirect.
2026-05-06 22:23:46.180 +07:00 [INF] [CQRS] Handling GetCurrentSubscriptionQuery
2026-05-06 22:23:46.226 +07:00 [INF] Executed DbCommand (7ms) [Parameters=[@__request_UserId_0='?' (DbType = Guid)], CommandType='"Text"', CommandTimeout='30']
SELECT TOP(1) [s].[Id], [s].[CreatedAt], [s].[DisabledReason], [s].[ExpiryDate], [s].[PaymentMethod], [s].[StartDate], [s].[Status], [s].[UpdatedAt], [s].[UserId]
FROM [Subscriptions] AS [s]
WHERE [s].[UserId] = @__request_UserId_0
ORDER BY CASE
    WHEN [s].[Status] = N'Active' THEN 4
    WHEN [s].[Status] = N'Pending' THEN 3
    WHEN [s].[Status] = N'Expired' THEN 2
    ELSE 1
END DESC, [s].[CreatedAt] DESC
2026-05-06 22:23:46.227 +07:00 [INF] [CQRS] Handled GetCurrentSubscriptionQuery successfully
2026-05-06 22:23:46.252 +07:00 [INF] HTTP GET /api/subscriptions/current responded 200 in 169.2509 ms
2026-05-06 22:23:47.326 +07:00 [INF] [CQRS] Handling GetDraftsQuery
2026-05-06 22:23:47.339 +07:00 [INF] Executed DbCommand (4ms) [Parameters=[@__CurrentUserId_0='?' (DbType = Guid)], CommandType='"Text"', CommandTimeout='30']
SELECT [c].[Id], [c].[Name], [c].[OccasionDate], [c].[OccasionLabel]
FROM [Contacts] AS [c]
WHERE [c].[IsDeleted] = CAST(0 AS bit) AND [c].[UserId] = @__CurrentUserId_0 AND [c].[OccasionDate] IS NOT NULL
2026-05-06 22:23:47.347 +07:00 [INF] Executed DbCommand (5ms) [Parameters=[@__request_UserId_0='?' (DbType = Guid)], CommandType='"Text"', CommandTimeout='30']
SELECT COUNT(*)
FROM [Drafts] AS [d]
WHERE [d].[IsDeleted] = CAST(0 AS bit) AND [d].[UserId] = @__request_UserId_0 AND [d].[IsDeleted] = CAST(0 AS bit)
2026-05-06 22:23:47.348 +07:00 [INF] HTTP GET /api/contacts/upcoming responded 200 in 32.1755 ms
2026-05-06 22:23:47.361 +07:00 [INF] Executed DbCommand (5ms) [Parameters=[@__request_UserId_0='?' (DbType = Guid), @__p_1='?' (DbType = Int32), @__p_2='?' (DbType = Int32)], CommandType='"Text"', CommandTimeout='30']
SELECT [d0].[Id], [d0].[CardId], [g0].[Name], [g0].[ThumbnailUrl], [d0].[PersonalMessage], [d0].[LastAutoSavedAt]
FROM (
    SELECT [d].[Id], [d].[CardId], [d].[LastAutoSavedAt], [d].[PersonalMessage]
    FROM [Drafts] AS [d]
    WHERE [d].[IsDeleted] = CAST(0 AS bit) AND [d].[UserId] = @__request_UserId_0 AND [d].[IsDeleted] = CAST(0 AS bit)
    ORDER BY [d].[LastAutoSavedAt] DESC
    OFFSET @__p_1 ROWS FETCH NEXT @__p_2 ROWS ONLY
) AS [d0]
INNER JOIN (
    SELECT [g].[Id], [g].[Name], [g].[ThumbnailUrl]
    FROM [GreetingCards] AS [g]
    WHERE [g].[IsDeleted] = CAST(0 AS bit)
) AS [g0] ON [d0].[CardId] = [g0].[Id]
ORDER BY [d0].[LastAutoSavedAt] DESC
2026-05-06 22:23:47.362 +07:00 [INF] [CQRS] Handled GetDraftsQuery successfully
2026-05-06 22:23:47.366 +07:00 [INF] HTTP GET /api/me/drafts responded 200 in 50.6571 ms
2026-05-06 22:23:47.850 +07:00 [INF] [CQRS] Handling GetCategoriesQuery
2026-05-06 22:23:47.850 +07:00 [INF] [CQRS] Handling GetCardsQuery
2026-05-06 22:23:47.864 +07:00 [INF] Executed DbCommand (6ms) [Parameters=[], CommandType='"Text"', CommandTimeout='30']
SELECT COUNT(*)
FROM [GreetingCards] AS [g]
INNER JOIN (
    SELECT [c].[Id], [c].[IsDeleted], [c].[Status]
    FROM [Categories] AS [c]
    WHERE [c].[IsDeleted] = CAST(0 AS bit)
) AS [c0] ON [g].[CategoryId] = [c0].[Id]
WHERE [g].[IsDeleted] = CAST(0 AS bit) AND [g].[Status] = N'Active' AND [g].[IsDeleted] = CAST(0 AS bit) AND [c0].[Status] = N'Active' AND [c0].[IsDeleted] = CAST(0 AS bit)
2026-05-06 22:23:47.866 +07:00 [INF] Executed DbCommand (8ms) [Parameters=[], CommandType='"Text"', CommandTimeout='30']
SELECT [c].[Id], [c].[Name], [c].[Slug], [c].[Description], [c].[IconUrl], [c].[Color], (
    SELECT COUNT(*)
    FROM [GreetingCards] AS [g]
    WHERE [g].[IsDeleted] = CAST(0 AS bit) AND [c].[Id] = [g].[CategoryId] AND [g].[Status] = N'Active' AND [g].[IsDeleted] = CAST(0 AS bit))
FROM [Categories] AS [c]
WHERE [c].[IsDeleted] = CAST(0 AS bit) AND [c].[Status] = N'Active' AND [c].[IsDeleted] = CAST(0 AS bit)
ORDER BY [c].[DisplayOrder]
2026-05-06 22:23:47.867 +07:00 [INF] [CQRS] Handled GetCategoriesQuery successfully
2026-05-06 22:23:47.870 +07:00 [INF] HTTP GET /api/categories responded 200 in 24.7224 ms
2026-05-06 22:23:47.874 +07:00 [INF] Executed DbCommand (3ms) [Parameters=[@__p_0='?' (DbType = Int32), @__p_1='?' (DbType = Int32)], CommandType='"Text"', CommandTimeout='30']
SELECT [g].[Id], [g].[Name], [g].[Slug], [g].[ThumbnailUrl], [g].[Description], [g].[IsFeatured], [g].[IsPremium], [c0].[Name], [c0].[Slug], CAST([g].[Status] AS nvarchar(max))
FROM [GreetingCards] AS [g]
INNER JOIN (
    SELECT [c].[Id], [c].[IsDeleted], [c].[Name], [c].[Slug], [c].[Status]
    FROM [Categories] AS [c]
    WHERE [c].[IsDeleted] = CAST(0 AS bit)
) AS [c0] ON [g].[CategoryId] = [c0].[Id]
WHERE [g].[IsDeleted] = CAST(0 AS bit) AND [g].[Status] = N'Active' AND [g].[IsDeleted] = CAST(0 AS bit) AND [c0].[Status] = N'Active' AND [c0].[IsDeleted] = CAST(0 AS bit)
ORDER BY [g].[CreatedAt] DESC
OFFSET @__p_0 ROWS FETCH NEXT @__p_1 ROWS ONLY
2026-05-06 22:23:47.874 +07:00 [INF] [CQRS] Handled GetCardsQuery successfully
2026-05-06 22:23:47.877 +07:00 [INF] HTTP GET /api/cards responded 200 in 31.3971 ms
2026-05-06 22:23:52.864 +07:00 [INF] [CQRS] Handling LogoutCommand
2026-05-06 22:23:52.883 +07:00 [INF] Executed DbCommand (6ms) [Parameters=[@__request_UserId_0='?' (DbType = Guid)], CommandType='"Text"', CommandTimeout='30']
SELECT TOP(1) [u].[Id], [u].[CreatedAt], [u].[DeletedAt], [u].[Email], [u].[EmailVerificationToken], [u].[EmailVerificationTokenExpiry], [u].[FailedLoginCount], [u].[FullName], [u].[IsDeleted], [u].[LastLoginAt], [u].[LockReason], [u].[LockoutEndTime], [u].[PasswordHash], [u].[PasswordResetToken], [u].[PasswordResetTokenExpiry], [u].[PasswordResetTokenUsed], [u].[RefreshTokenExpiry], [u].[RefreshTokenHash], [u].[Role], [u].[SocialProvider], [u].[SocialProviderId], [u].[Status], [u].[UpdatedAt]
FROM [Users] AS [u]
WHERE [u].[IsDeleted] = CAST(0 AS bit) AND [u].[Id] = @__request_UserId_0
2026-05-06 22:23:52.957 +07:00 [INF] Executed DbCommand (22ms) [Parameters=[@p2='?' (DbType = Guid), @p0='?' (DbType = DateTime2), @p1='?' (Size = 256)], CommandType='"Text"', CommandTimeout='30']
SET IMPLICIT_TRANSACTIONS OFF;
SET NOCOUNT ON;
UPDATE [Users] SET [RefreshTokenExpiry] = @p0, [RefreshTokenHash] = @p1
OUTPUT 1
WHERE [Id] = @p2;
2026-05-06 22:23:53.005 +07:00 [INF] Executed DbCommand (4ms) [Parameters=[@p0='?' (DbType = Guid), @p1='?' (DbType = Guid), @p2='?' (Size = 20), @p3='?' (Size = 2000), @p4='?' (DbType = DateTime2), @p5='?' (Size = 1000), @p6='?' (Size = 30), @p7='?' (Size = 50), @p8='?' (Size = 20), @p9='?' (DbType = DateTime2)], CommandType='"Text"', CommandTimeout='30']
SET IMPLICIT_TRANSACTIONS OFF;
SET NOCOUNT ON;
INSERT INTO [SystemLogs] ([Id], [ActorId], [ActorType], [AdditionalData], [CreatedAt], [Description], [EventType], [IpAddress], [Status], [Timestamp])
VALUES (@p0, @p1, @p2, @p3, @p4, @p5, @p6, @p7, @p8, @p9);
2026-05-06 22:23:53.006 +07:00 [INF] [CQRS] Handled LogoutCommand successfully
2026-05-06 22:23:53.009 +07:00 [INF] HTTP POST /api/auth/logout responded 200 in 153.1793 ms
2026-05-06 22:24:33.637 +07:00 [INF] [CQRS] Handling LoginCommand
2026-05-06 22:24:33.665 +07:00 [INF] Executed DbCommand (6ms) [Parameters=[@__ToLower_0='?' (Size = 256) (DbType = AnsiString)], CommandType='"Text"', CommandTimeout='30']
SELECT TOP(1) [u].[Id], [u].[CreatedAt], [u].[DeletedAt], [u].[Email], [u].[EmailVerificationToken], [u].[EmailVerificationTokenExpiry], [u].[FailedLoginCount], [u].[FullName], [u].[IsDeleted], [u].[LastLoginAt], [u].[LockReason], [u].[LockoutEndTime], [u].[PasswordHash], [u].[PasswordResetToken], [u].[PasswordResetTokenExpiry], [u].[PasswordResetTokenUsed], [u].[RefreshTokenExpiry], [u].[RefreshTokenHash], [u].[Role], [u].[SocialProvider], [u].[SocialProviderId], [u].[Status], [u].[UpdatedAt]
FROM [Users] AS [u]
WHERE [u].[IsDeleted] = CAST(0 AS bit) AND [u].[Email] = @__ToLower_0 AND [u].[IsDeleted] = CAST(0 AS bit)
2026-05-06 22:24:34.056 +07:00 [INF] Executed DbCommand (6ms) [Parameters=[@p3='?' (DbType = Guid), @p0='?' (DbType = DateTime2), @p1='?' (DbType = DateTime2), @p2='?' (Size = 256)], CommandType='"Text"', CommandTimeout='30']
SET IMPLICIT_TRANSACTIONS OFF;
SET NOCOUNT ON;
UPDATE [Users] SET [LastLoginAt] = @p0, [RefreshTokenExpiry] = @p1, [RefreshTokenHash] = @p2
OUTPUT 1
WHERE [Id] = @p3;
2026-05-06 22:24:34.061 +07:00 [INF] Executed DbCommand (3ms) [Parameters=[@p0='?' (DbType = Guid), @p1='?' (DbType = Guid), @p2='?' (Size = 20), @p3='?' (Size = 2000), @p4='?' (DbType = DateTime2), @p5='?' (Size = 1000), @p6='?' (Size = 30), @p7='?' (Size = 50), @p8='?' (Size = 20), @p9='?' (DbType = DateTime2)], CommandType='"Text"', CommandTimeout='30']
SET IMPLICIT_TRANSACTIONS OFF;
SET NOCOUNT ON;
INSERT INTO [SystemLogs] ([Id], [ActorId], [ActorType], [AdditionalData], [CreatedAt], [Description], [EventType], [IpAddress], [Status], [Timestamp])
VALUES (@p0, @p1, @p2, @p3, @p4, @p5, @p6, @p7, @p8, @p9);
2026-05-06 22:24:34.062 +07:00 [INF] [CQRS] Handled LoginCommand successfully
2026-05-06 22:24:34.066 +07:00 [INF] HTTP POST /api/auth/login responded 200 in 458.0275 ms
2026-05-06 22:24:34.072 +07:00 [INF] [CQRS] Handling GetDraftsQuery
2026-05-06 22:24:34.077 +07:00 [INF] Executed DbCommand (3ms) [Parameters=[@__CurrentUserId_0='?' (DbType = Guid)], CommandType='"Text"', CommandTimeout='30']
SELECT [c].[Id], [c].[Name], [c].[OccasionDate], [c].[OccasionLabel]
FROM [Contacts] AS [c]
WHERE [c].[IsDeleted] = CAST(0 AS bit) AND [c].[UserId] = @__CurrentUserId_0 AND [c].[OccasionDate] IS NOT NULL
2026-05-06 22:24:34.078 +07:00 [INF] HTTP GET /api/contacts/upcoming responded 200 in 6.6443 ms
2026-05-06 22:24:34.079 +07:00 [INF] Executed DbCommand (5ms) [Parameters=[@__request_UserId_0='?' (DbType = Guid)], CommandType='"Text"', CommandTimeout='30']
SELECT COUNT(*)
FROM [Drafts] AS [d]
WHERE [d].[IsDeleted] = CAST(0 AS bit) AND [d].[UserId] = @__request_UserId_0 AND [d].[IsDeleted] = CAST(0 AS bit)
2026-05-06 22:24:34.082 +07:00 [INF] Executed DbCommand (2ms) [Parameters=[@__request_UserId_0='?' (DbType = Guid), @__p_1='?' (DbType = Int32), @__p_2='?' (DbType = Int32)], CommandType='"Text"', CommandTimeout='30']
SELECT [d0].[Id], [d0].[CardId], [g0].[Name], [g0].[ThumbnailUrl], [d0].[PersonalMessage], [d0].[LastAutoSavedAt]
FROM (
    SELECT [d].[Id], [d].[CardId], [d].[LastAutoSavedAt], [d].[PersonalMessage]
    FROM [Drafts] AS [d]
    WHERE [d].[IsDeleted] = CAST(0 AS bit) AND [d].[UserId] = @__request_UserId_0 AND [d].[IsDeleted] = CAST(0 AS bit)
    ORDER BY [d].[LastAutoSavedAt] DESC
    OFFSET @__p_1 ROWS FETCH NEXT @__p_2 ROWS ONLY
) AS [d0]
INNER JOIN (
    SELECT [g].[Id], [g].[Name], [g].[ThumbnailUrl]
    FROM [GreetingCards] AS [g]
    WHERE [g].[IsDeleted] = CAST(0 AS bit)
) AS [g0] ON [d0].[CardId] = [g0].[Id]
ORDER BY [d0].[LastAutoSavedAt] DESC
2026-05-06 22:24:34.082 +07:00 [INF] [CQRS] Handled GetDraftsQuery successfully
2026-05-06 22:24:34.083 +07:00 [INF] HTTP GET /api/me/drafts responded 200 in 10.8001 ms
2026-05-06 22:24:38.474 +07:00 [INF] [CQRS] Handling GetCategoriesQuery
2026-05-06 22:24:38.474 +07:00 [INF] [CQRS] Handling GetCardsQuery
2026-05-06 22:24:38.482 +07:00 [INF] Executed DbCommand (7ms) [Parameters=[], CommandType='"Text"', CommandTimeout='30']
SELECT COUNT(*)
FROM [GreetingCards] AS [g]
INNER JOIN (
    SELECT [c].[Id], [c].[IsDeleted], [c].[Status]
    FROM [Categories] AS [c]
    WHERE [c].[IsDeleted] = CAST(0 AS bit)
) AS [c0] ON [g].[CategoryId] = [c0].[Id]
WHERE [g].[IsDeleted] = CAST(0 AS bit) AND [g].[Status] = N'Active' AND [g].[IsDeleted] = CAST(0 AS bit) AND [c0].[Status] = N'Active' AND [c0].[IsDeleted] = CAST(0 AS bit)
2026-05-06 22:24:38.492 +07:00 [INF] Executed DbCommand (9ms) [Parameters=[@__p_0='?' (DbType = Int32), @__p_1='?' (DbType = Int32)], CommandType='"Text"', CommandTimeout='30']
SELECT [g].[Id], [g].[Name], [g].[Slug], [g].[ThumbnailUrl], [g].[Description], [g].[IsFeatured], [g].[IsPremium], [c0].[Name], [c0].[Slug], CAST([g].[Status] AS nvarchar(max))
FROM [GreetingCards] AS [g]
INNER JOIN (
    SELECT [c].[Id], [c].[IsDeleted], [c].[Name], [c].[Slug], [c].[Status]
    FROM [Categories] AS [c]
    WHERE [c].[IsDeleted] = CAST(0 AS bit)
) AS [c0] ON [g].[CategoryId] = [c0].[Id]
WHERE [g].[IsDeleted] = CAST(0 AS bit) AND [g].[Status] = N'Active' AND [g].[IsDeleted] = CAST(0 AS bit) AND [c0].[Status] = N'Active' AND [c0].[IsDeleted] = CAST(0 AS bit)
ORDER BY [g].[CreatedAt] DESC
OFFSET @__p_0 ROWS FETCH NEXT @__p_1 ROWS ONLY
2026-05-06 22:24:38.492 +07:00 [INF] Executed DbCommand (17ms) [Parameters=[], CommandType='"Text"', CommandTimeout='30']
SELECT [c].[Id], [c].[Name], [c].[Slug], [c].[Description], [c].[IconUrl], [c].[Color], (
    SELECT COUNT(*)
    FROM [GreetingCards] AS [g]
    WHERE [g].[IsDeleted] = CAST(0 AS bit) AND [c].[Id] = [g].[CategoryId] AND [g].[Status] = N'Active' AND [g].[IsDeleted] = CAST(0 AS bit))
FROM [Categories] AS [c]
WHERE [c].[IsDeleted] = CAST(0 AS bit) AND [c].[Status] = N'Active' AND [c].[IsDeleted] = CAST(0 AS bit)
ORDER BY [c].[DisplayOrder]
2026-05-06 22:24:38.493 +07:00 [INF] [CQRS] Handled GetCardsQuery successfully
2026-05-06 22:24:38.493 +07:00 [INF] HTTP GET /api/cards responded 200 in 20.2231 ms
2026-05-06 22:24:38.493 +07:00 [INF] [CQRS] Handled GetCategoriesQuery successfully
2026-05-06 22:24:38.494 +07:00 [INF] HTTP GET /api/categories responded 200 in 21.5578 ms
2026-05-06 22:25:04.020 +07:00 [INF] [CQRS] Handling GetAdminUsersQuery
2026-05-06 22:25:04.097 +07:00 [INF] Executed DbCommand (66ms) [Parameters=[], CommandType='"Text"', CommandTimeout='30']
SELECT COUNT(*)
FROM [Users] AS [u]
WHERE [u].[IsDeleted] = CAST(0 AS bit) AND [u].[Role] = N'User' AND [u].[IsDeleted] = CAST(0 AS bit)
2026-05-06 22:25:04.124 +07:00 [INF] Executed DbCommand (8ms) [Parameters=[@__p_0='?' (DbType = Int32), @__p_1='?' (DbType = Int32)], CommandType='"Text"', CommandTimeout='30']
SELECT [u].[Id], [u].[CreatedAt], [u].[DeletedAt], [u].[Email], [u].[EmailVerificationToken], [u].[EmailVerificationTokenExpiry], [u].[FailedLoginCount], [u].[FullName], [u].[IsDeleted], [u].[LastLoginAt], [u].[LockReason], [u].[LockoutEndTime], [u].[PasswordHash], [u].[PasswordResetToken], [u].[PasswordResetTokenExpiry], [u].[PasswordResetTokenUsed], [u].[RefreshTokenExpiry], [u].[RefreshTokenHash], [u].[Role], [u].[SocialProvider], [u].[SocialProviderId], [u].[Status], [u].[UpdatedAt]
FROM [Users] AS [u]
WHERE [u].[IsDeleted] = CAST(0 AS bit) AND [u].[Role] = N'User' AND [u].[IsDeleted] = CAST(0 AS bit)
ORDER BY [u].[CreatedAt] DESC
OFFSET @__p_0 ROWS FETCH NEXT @__p_1 ROWS ONLY
2026-05-06 22:25:04.138 +07:00 [INF] Executed DbCommand (9ms) [Parameters=[@__u_Id_0='?' (DbType = Guid)], CommandType='"Text"', CommandTimeout='30']
SELECT TOP(1) [s].[Id], [s].[CreatedAt], [s].[DisabledReason], [s].[ExpiryDate], [s].[PaymentMethod], [s].[StartDate], [s].[Status], [s].[UpdatedAt], [s].[UserId]
FROM [Subscriptions] AS [s]
WHERE [s].[UserId] = @__u_Id_0
ORDER BY [s].[CreatedAt] DESC
2026-05-06 22:25:04.146 +07:00 [INF] Executed DbCommand (5ms) [Parameters=[@__u_Id_0='?' (DbType = Guid)], CommandType='"Text"', CommandTimeout='30']
SELECT COUNT(*)
FROM [GreetingTransactions] AS [g]
WHERE [g].[SenderId] = @__u_Id_0
2026-05-06 22:25:04.149 +07:00 [INF] Executed DbCommand (2ms) [Parameters=[@__u_Id_0='?' (DbType = Guid)], CommandType='"Text"', CommandTimeout='30']
SELECT TOP(1) [s].[Id], [s].[CreatedAt], [s].[DisabledReason], [s].[ExpiryDate], [s].[PaymentMethod], [s].[StartDate], [s].[Status], [s].[UpdatedAt], [s].[UserId]
FROM [Subscriptions] AS [s]
WHERE [s].[UserId] = @__u_Id_0
ORDER BY [s].[CreatedAt] DESC
2026-05-06 22:25:04.150 +07:00 [INF] Executed DbCommand (1ms) [Parameters=[@__u_Id_0='?' (DbType = Guid)], CommandType='"Text"', CommandTimeout='30']
SELECT COUNT(*)
FROM [GreetingTransactions] AS [g]
WHERE [g].[SenderId] = @__u_Id_0
2026-05-06 22:25:04.151 +07:00 [INF] [CQRS] Handled GetAdminUsersQuery successfully
2026-05-06 22:25:04.155 +07:00 [INF] HTTP GET /api/admin/users responded 200 in 150.1468 ms
2026-05-06 22:25:09.372 +07:00 [INF] [CQRS] Handling GetAdminSubscriptionsQuery
2026-05-06 22:25:09.385 +07:00 [INF] Executed DbCommand (8ms) [Parameters=[], CommandType='"Text"', CommandTimeout='30']
SELECT COUNT(*)
FROM [Subscriptions] AS [s]
2026-05-06 22:25:09.402 +07:00 [INF] Executed DbCommand (11ms) [Parameters=[@__p_0='?' (DbType = Int32), @__p_1='?' (DbType = Int32)], CommandType='"Text"', CommandTimeout='30']
SELECT [s0].[Id], [s0].[UserId], [u0].[Email], [u0].[FullName], CAST([s0].[PaymentMethod] AS nvarchar(max)), CAST([s0].[Status] AS nvarchar(max)), [s0].[CreatedAt], [s0].[StartDate], [s0].[ExpiryDate], [s0].[DisabledReason]
FROM (
    SELECT [s].[Id], [s].[CreatedAt], [s].[DisabledReason], [s].[ExpiryDate], [s].[PaymentMethod], [s].[StartDate], [s].[Status], [s].[UserId]
    FROM [Subscriptions] AS [s]
    ORDER BY [s].[CreatedAt] DESC
    OFFSET @__p_0 ROWS FETCH NEXT @__p_1 ROWS ONLY
) AS [s0]
INNER JOIN (
    SELECT [u].[Id], [u].[Email], [u].[FullName]
    FROM [Users] AS [u]
    WHERE [u].[IsDeleted] = CAST(0 AS bit)
) AS [u0] ON [s0].[UserId] = [u0].[Id]
ORDER BY [s0].[CreatedAt] DESC
2026-05-06 22:25:09.402 +07:00 [INF] [CQRS] Handled GetAdminSubscriptionsQuery successfully
2026-05-06 22:25:09.404 +07:00 [INF] HTTP GET /api/admin/subscriptions responded 200 in 37.1422 ms
2026-05-06 22:25:10.165 +07:00 [INF] [CQRS] Handling GetFeedbacksQuery
2026-05-06 22:25:10.176 +07:00 [INF] Executed DbCommand (7ms) [Parameters=[], CommandType='"Text"', CommandTimeout='30']
SELECT COUNT(*)
FROM [Feedbacks] AS [f]
2026-05-06 22:25:10.190 +07:00 [INF] Executed DbCommand (9ms) [Parameters=[@__p_0='?' (DbType = Int32), @__p_1='?' (DbType = Int32)], CommandType='"Text"', CommandTimeout='30']
SELECT [f0].[Id], [u0].[Email], [u0].[FullName], [f0].[Title], [f0].[Content], [f0].[StarRating], CAST([f0].[Status] AS nvarchar(max)), [f0].[CreatedAt]
FROM (
    SELECT [f].[Id], [f].[Content], [f].[CreatedAt], [f].[StarRating], [f].[Status], [f].[Title], [f].[UserId]
    FROM [Feedbacks] AS [f]
    ORDER BY [f].[CreatedAt] DESC
    OFFSET @__p_0 ROWS FETCH NEXT @__p_1 ROWS ONLY
) AS [f0]
INNER JOIN (
    SELECT [u].[Id], [u].[Email], [u].[FullName]
    FROM [Users] AS [u]
    WHERE [u].[IsDeleted] = CAST(0 AS bit)
) AS [u0] ON [f0].[UserId] = [u0].[Id]
ORDER BY [f0].[CreatedAt] DESC
2026-05-06 22:25:10.190 +07:00 [INF] [CQRS] Handled GetFeedbacksQuery successfully
2026-05-06 22:25:10.193 +07:00 [INF] HTTP GET /api/admin/feedbacks responded 200 in 34.6450 ms
2026-05-06 22:25:11.112 +07:00 [INF] [CQRS] Handling GetAdminSubscriptionsQuery
2026-05-06 22:25:11.122 +07:00 [INF] Executed DbCommand (9ms) [Parameters=[], CommandType='"Text"', CommandTimeout='30']
SELECT COUNT(*)
FROM [Subscriptions] AS [s]
2026-05-06 22:25:11.133 +07:00 [INF] Executed DbCommand (8ms) [Parameters=[@__p_0='?' (DbType = Int32), @__p_1='?' (DbType = Int32)], CommandType='"Text"', CommandTimeout='30']
SELECT [s0].[Id], [s0].[UserId], [u0].[Email], [u0].[FullName], CAST([s0].[PaymentMethod] AS nvarchar(max)), CAST([s0].[Status] AS nvarchar(max)), [s0].[CreatedAt], [s0].[StartDate], [s0].[ExpiryDate], [s0].[DisabledReason]
FROM (
    SELECT [s].[Id], [s].[CreatedAt], [s].[DisabledReason], [s].[ExpiryDate], [s].[PaymentMethod], [s].[StartDate], [s].[Status], [s].[UserId]
    FROM [Subscriptions] AS [s]
    ORDER BY [s].[CreatedAt] DESC
    OFFSET @__p_0 ROWS FETCH NEXT @__p_1 ROWS ONLY
) AS [s0]
INNER JOIN (
    SELECT [u].[Id], [u].[Email], [u].[FullName]
    FROM [Users] AS [u]
    WHERE [u].[IsDeleted] = CAST(0 AS bit)
) AS [u0] ON [s0].[UserId] = [u0].[Id]
ORDER BY [s0].[CreatedAt] DESC
2026-05-06 22:25:11.133 +07:00 [INF] [CQRS] Handled GetAdminSubscriptionsQuery successfully
2026-05-06 22:25:11.134 +07:00 [INF] HTTP GET /api/admin/subscriptions responded 200 in 23.2445 ms
2026-05-06 22:25:11.830 +07:00 [INF] [CQRS] Handling GetFeedbacksQuery
2026-05-06 22:25:11.836 +07:00 [INF] Executed DbCommand (4ms) [Parameters=[], CommandType='"Text"', CommandTimeout='30']
SELECT COUNT(*)
FROM [Feedbacks] AS [f]
2026-05-06 22:25:11.842 +07:00 [INF] Executed DbCommand (6ms) [Parameters=[@__p_0='?' (DbType = Int32), @__p_1='?' (DbType = Int32)], CommandType='"Text"', CommandTimeout='30']
SELECT [f0].[Id], [u0].[Email], [u0].[FullName], [f0].[Title], [f0].[Content], [f0].[StarRating], CAST([f0].[Status] AS nvarchar(max)), [f0].[CreatedAt]
FROM (
    SELECT [f].[Id], [f].[Content], [f].[CreatedAt], [f].[StarRating], [f].[Status], [f].[Title], [f].[UserId]
    FROM [Feedbacks] AS [f]
    ORDER BY [f].[CreatedAt] DESC
    OFFSET @__p_0 ROWS FETCH NEXT @__p_1 ROWS ONLY
) AS [f0]
INNER JOIN (
    SELECT [u].[Id], [u].[Email], [u].[FullName]
    FROM [Users] AS [u]
    WHERE [u].[IsDeleted] = CAST(0 AS bit)
) AS [u0] ON [f0].[UserId] = [u0].[Id]
ORDER BY [f0].[CreatedAt] DESC
2026-05-06 22:25:11.843 +07:00 [INF] [CQRS] Handled GetFeedbacksQuery successfully
2026-05-06 22:25:11.843 +07:00 [INF] HTTP GET /api/admin/feedbacks responded 200 in 15.1572 ms
2026-05-06 22:25:12.947 +07:00 [INF] [CQRS] Handling GetSystemLogsQuery
2026-05-06 22:25:12.960 +07:00 [INF] Executed DbCommand (8ms) [Parameters=[], CommandType='"Text"', CommandTimeout='30']
SELECT COUNT(*)
FROM [SystemLogs] AS [s]
2026-05-06 22:25:12.978 +07:00 [INF] Executed DbCommand (10ms) [Parameters=[@__p_0='?' (DbType = Int32), @__p_1='?' (DbType = Int32)], CommandType='"Text"', CommandTimeout='30']
SELECT [s].[Id], [s].[Timestamp], CASE
    WHEN [s].[ActorId] IS NOT NULL THEN CONVERT(varchar(36), [s].[ActorId])
END, CAST([s].[ActorType] AS nvarchar(max)), CAST([s].[EventType] AS nvarchar(max)), [s].[Description], CAST([s].[Status] AS nvarchar(max)), [s].[IpAddress]
FROM [SystemLogs] AS [s]
ORDER BY [s].[Timestamp] DESC
OFFSET @__p_0 ROWS FETCH NEXT @__p_1 ROWS ONLY
2026-05-06 22:25:12.980 +07:00 [INF] [CQRS] Handled GetSystemLogsQuery successfully
2026-05-06 22:25:12.982 +07:00 [INF] HTTP GET /api/admin/logs responded 200 in 40.1516 ms
2026-05-06 22:25:14.365 +07:00 [INF] Executed DbCommand (2ms) [Parameters=[@__now_0='?' (DbType = DateTime2)], CommandType='"Text"', CommandTimeout='30']
SELECT [e].[Id], [e].[CreatedAt], [e].[GreetingTransactionId], [e].[LastError], [e].[NextRetryAt], [e].[RetryCount], [e].[Status], [e].[UpdatedAt], [g].[Id], [g].[CardId], [g].[CreatedAt], [g].[PersonalMessage], [g].[RecipientEmail], [g].[RetryCount], [g].[ScheduledSendAt], [g].[SenderId], [g].[SentAt], [g].[Status], [g].[Subject], [g].[SubscriptionId], [u0].[Id], [u0].[CreatedAt], [u0].[DeletedAt], [u0].[Email], [u0].[EmailVerificationToken], [u0].[EmailVerificationTokenExpiry], [u0].[FailedLoginCount], [u0].[FullName], [u0].[IsDeleted], [u0].[LastLoginAt], [u0].[LockReason], [u0].[LockoutEndTime], [u0].[PasswordHash], [u0].[PasswordResetToken], [u0].[PasswordResetTokenExpiry], [u0].[PasswordResetTokenUsed], [u0].[RefreshTokenExpiry], [u0].[RefreshTokenHash], [u0].[Role], [u0].[SocialProvider], [u0].[SocialProviderId], [u0].[Status], [u0].[UpdatedAt], [g1].[Id], [g1].[CategoryId], [g1].[CreatedAt], [g1].[CustomJsonContent], [g1].[DeletedAt], [g1].[Description], [g1].[FileUrl], [g1].[IsDeleted], [g1].[IsFeatured], [g1].[IsPremium], [g1].[Name], [g1].[Slug], [g1].[Status], [g1].[Tags], [g1].[ThumbnailUrl], [g1].[UpdatedAt]
FROM [EmailRetryQueues] AS [e]
INNER JOIN [GreetingTransactions] AS [g] ON [e].[GreetingTransactionId] = [g].[Id]
INNER JOIN (
    SELECT [u].[Id], [u].[CreatedAt], [u].[DeletedAt], [u].[Email], [u].[EmailVerificationToken], [u].[EmailVerificationTokenExpiry], [u].[FailedLoginCount], [u].[FullName], [u].[IsDeleted], [u].[LastLoginAt], [u].[LockReason], [u].[LockoutEndTime], [u].[PasswordHash], [u].[PasswordResetToken], [u].[PasswordResetTokenExpiry], [u].[PasswordResetTokenUsed], [u].[RefreshTokenExpiry], [u].[RefreshTokenHash], [u].[Role], [u].[SocialProvider], [u].[SocialProviderId], [u].[Status], [u].[UpdatedAt]
    FROM [Users] AS [u]
    WHERE [u].[IsDeleted] = CAST(0 AS bit)
) AS [u0] ON [g].[SenderId] = [u0].[Id]
INNER JOIN (
    SELECT [g0].[Id], [g0].[CategoryId], [g0].[CreatedAt], [g0].[CustomJsonContent], [g0].[DeletedAt], [g0].[Description], [g0].[FileUrl], [g0].[IsDeleted], [g0].[IsFeatured], [g0].[IsPremium], [g0].[Name], [g0].[Slug], [g0].[Status], [g0].[Tags], [g0].[ThumbnailUrl], [g0].[UpdatedAt]
    FROM [GreetingCards] AS [g0]
    WHERE [g0].[IsDeleted] = CAST(0 AS bit)
) AS [g1] ON [g].[CardId] = [g1].[Id]
WHERE [e].[Status] = N'PendingRetry' AND [e].[NextRetryAt] <= @__now_0
2026-05-06 22:25:18.465 +07:00 [INF] [CQRS] Handling GetSystemLogsQuery
2026-05-06 22:25:18.471 +07:00 [INF] Executed DbCommand (4ms) [Parameters=[], CommandType='"Text"', CommandTimeout='30']
SELECT COUNT(*)
FROM [SystemLogs] AS [s]
2026-05-06 22:25:18.474 +07:00 [INF] Executed DbCommand (2ms) [Parameters=[@__p_0='?' (DbType = Int32), @__p_1='?' (DbType = Int32)], CommandType='"Text"', CommandTimeout='30']
SELECT [s].[Id], [s].[Timestamp], CASE
    WHEN [s].[ActorId] IS NOT NULL THEN CONVERT(varchar(36), [s].[ActorId])
END, CAST([s].[ActorType] AS nvarchar(max)), CAST([s].[EventType] AS nvarchar(max)), [s].[Description], CAST([s].[Status] AS nvarchar(max)), [s].[IpAddress]
FROM [SystemLogs] AS [s]
ORDER BY [s].[Timestamp] DESC
OFFSET @__p_0 ROWS FETCH NEXT @__p_1 ROWS ONLY
2026-05-06 22:25:18.475 +07:00 [INF] [CQRS] Handled GetSystemLogsQuery successfully
2026-05-06 22:25:18.475 +07:00 [INF] HTTP GET /api/admin/logs responded 200 in 11.6501 ms
2026-05-06 22:30:14.820 +07:00 [INF] Executed DbCommand (3ms) [Parameters=[@__now_0='?' (DbType = DateTime2)], CommandType='"Text"', CommandTimeout='30']
SELECT [e].[Id], [e].[CreatedAt], [e].[GreetingTransactionId], [e].[LastError], [e].[NextRetryAt], [e].[RetryCount], [e].[Status], [e].[UpdatedAt], [g].[Id], [g].[CardId], [g].[CreatedAt], [g].[PersonalMessage], [g].[RecipientEmail], [g].[RetryCount], [g].[ScheduledSendAt], [g].[SenderId], [g].[SentAt], [g].[Status], [g].[Subject], [g].[SubscriptionId], [u0].[Id], [u0].[CreatedAt], [u0].[DeletedAt], [u0].[Email], [u0].[EmailVerificationToken], [u0].[EmailVerificationTokenExpiry], [u0].[FailedLoginCount], [u0].[FullName], [u0].[IsDeleted], [u0].[LastLoginAt], [u0].[LockReason], [u0].[LockoutEndTime], [u0].[PasswordHash], [u0].[PasswordResetToken], [u0].[PasswordResetTokenExpiry], [u0].[PasswordResetTokenUsed], [u0].[RefreshTokenExpiry], [u0].[RefreshTokenHash], [u0].[Role], [u0].[SocialProvider], [u0].[SocialProviderId], [u0].[Status], [u0].[UpdatedAt], [g1].[Id], [g1].[CategoryId], [g1].[CreatedAt], [g1].[CustomJsonContent], [g1].[DeletedAt], [g1].[Description], [g1].[FileUrl], [g1].[IsDeleted], [g1].[IsFeatured], [g1].[IsPremium], [g1].[Name], [g1].[Slug], [g1].[Status], [g1].[Tags], [g1].[ThumbnailUrl], [g1].[UpdatedAt]
FROM [EmailRetryQueues] AS [e]
INNER JOIN [GreetingTransactions] AS [g] ON [e].[GreetingTransactionId] = [g].[Id]
INNER JOIN (
    SELECT [u].[Id], [u].[CreatedAt], [u].[DeletedAt], [u].[Email], [u].[EmailVerificationToken], [u].[EmailVerificationTokenExpiry], [u].[FailedLoginCount], [u].[FullName], [u].[IsDeleted], [u].[LastLoginAt], [u].[LockReason], [u].[LockoutEndTime], [u].[PasswordHash], [u].[PasswordResetToken], [u].[PasswordResetTokenExpiry], [u].[PasswordResetTokenUsed], [u].[RefreshTokenExpiry], [u].[RefreshTokenHash], [u].[Role], [u].[SocialProvider], [u].[SocialProviderId], [u].[Status], [u].[UpdatedAt]
    FROM [Users] AS [u]
    WHERE [u].[IsDeleted] = CAST(0 AS bit)
) AS [u0] ON [g].[SenderId] = [u0].[Id]
INNER JOIN (
    SELECT [g0].[Id], [g0].[CategoryId], [g0].[CreatedAt], [g0].[CustomJsonContent], [g0].[DeletedAt], [g0].[Description], [g0].[FileUrl], [g0].[IsDeleted], [g0].[IsFeatured], [g0].[IsPremium], [g0].[Name], [g0].[Slug], [g0].[Status], [g0].[Tags], [g0].[ThumbnailUrl], [g0].[UpdatedAt]
    FROM [GreetingCards] AS [g0]
    WHERE [g0].[IsDeleted] = CAST(0 AS bit)
) AS [g1] ON [g].[CardId] = [g1].[Id]
WHERE [e].[Status] = N'PendingRetry' AND [e].[NextRetryAt] <= @__now_0
2026-05-06 22:35:00.205 +07:00 [INF] Executed DbCommand (3ms) [Parameters=[@__now_0='?' (DbType = DateTime2)], CommandType='"Text"', CommandTimeout='30']
SELECT [e].[Id], [e].[CreatedAt], [e].[GreetingTransactionId], [e].[LastError], [e].[NextRetryAt], [e].[RetryCount], [e].[Status], [e].[UpdatedAt], [g].[Id], [g].[CardId], [g].[CreatedAt], [g].[PersonalMessage], [g].[RecipientEmail], [g].[RetryCount], [g].[ScheduledSendAt], [g].[SenderId], [g].[SentAt], [g].[Status], [g].[Subject], [g].[SubscriptionId], [u0].[Id], [u0].[CreatedAt], [u0].[DeletedAt], [u0].[Email], [u0].[EmailVerificationToken], [u0].[EmailVerificationTokenExpiry], [u0].[FailedLoginCount], [u0].[FullName], [u0].[IsDeleted], [u0].[LastLoginAt], [u0].[LockReason], [u0].[LockoutEndTime], [u0].[PasswordHash], [u0].[PasswordResetToken], [u0].[PasswordResetTokenExpiry], [u0].[PasswordResetTokenUsed], [u0].[RefreshTokenExpiry], [u0].[RefreshTokenHash], [u0].[Role], [u0].[SocialProvider], [u0].[SocialProviderId], [u0].[Status], [u0].[UpdatedAt], [g1].[Id], [g1].[CategoryId], [g1].[CreatedAt], [g1].[CustomJsonContent], [g1].[DeletedAt], [g1].[Description], [g1].[FileUrl], [g1].[IsDeleted], [g1].[IsFeatured], [g1].[IsPremium], [g1].[Name], [g1].[Slug], [g1].[Status], [g1].[Tags], [g1].[ThumbnailUrl], [g1].[UpdatedAt]
FROM [EmailRetryQueues] AS [e]
INNER JOIN [GreetingTransactions] AS [g] ON [e].[GreetingTransactionId] = [g].[Id]
INNER JOIN (
    SELECT [u].[Id], [u].[CreatedAt], [u].[DeletedAt], [u].[Email], [u].[EmailVerificationToken], [u].[EmailVerificationTokenExpiry], [u].[FailedLoginCount], [u].[FullName], [u].[IsDeleted], [u].[LastLoginAt], [u].[LockReason], [u].[LockoutEndTime], [u].[PasswordHash], [u].[PasswordResetToken], [u].[PasswordResetTokenExpiry], [u].[PasswordResetTokenUsed], [u].[RefreshTokenExpiry], [u].[RefreshTokenHash], [u].[Role], [u].[SocialProvider], [u].[SocialProviderId], [u].[Status], [u].[UpdatedAt]
    FROM [Users] AS [u]
    WHERE [u].[IsDeleted] = CAST(0 AS bit)
) AS [u0] ON [g].[SenderId] = [u0].[Id]
INNER JOIN (
    SELECT [g0].[Id], [g0].[CategoryId], [g0].[CreatedAt], [g0].[CustomJsonContent], [g0].[DeletedAt], [g0].[Description], [g0].[FileUrl], [g0].[IsDeleted], [g0].[IsFeatured], [g0].[IsPremium], [g0].[Name], [g0].[Slug], [g0].[Status], [g0].[Tags], [g0].[ThumbnailUrl], [g0].[UpdatedAt]
    FROM [GreetingCards] AS [g0]
    WHERE [g0].[IsDeleted] = CAST(0 AS bit)
) AS [g1] ON [g].[CardId] = [g1].[Id]
WHERE [e].[Status] = N'PendingRetry' AND [e].[NextRetryAt] <= @__now_0
2026-05-06 22:40:00.588 +07:00 [INF] Executed DbCommand (2ms) [Parameters=[@__now_0='?' (DbType = DateTime2)], CommandType='"Text"', CommandTimeout='30']
SELECT [e].[Id], [e].[CreatedAt], [e].[GreetingTransactionId], [e].[LastError], [e].[NextRetryAt], [e].[RetryCount], [e].[Status], [e].[UpdatedAt], [g].[Id], [g].[CardId], [g].[CreatedAt], [g].[PersonalMessage], [g].[RecipientEmail], [g].[RetryCount], [g].[ScheduledSendAt], [g].[SenderId], [g].[SentAt], [g].[Status], [g].[Subject], [g].[SubscriptionId], [u0].[Id], [u0].[CreatedAt], [u0].[DeletedAt], [u0].[Email], [u0].[EmailVerificationToken], [u0].[EmailVerificationTokenExpiry], [u0].[FailedLoginCount], [u0].[FullName], [u0].[IsDeleted], [u0].[LastLoginAt], [u0].[LockReason], [u0].[LockoutEndTime], [u0].[PasswordHash], [u0].[PasswordResetToken], [u0].[PasswordResetTokenExpiry], [u0].[PasswordResetTokenUsed], [u0].[RefreshTokenExpiry], [u0].[RefreshTokenHash], [u0].[Role], [u0].[SocialProvider], [u0].[SocialProviderId], [u0].[Status], [u0].[UpdatedAt], [g1].[Id], [g1].[CategoryId], [g1].[CreatedAt], [g1].[CustomJsonContent], [g1].[DeletedAt], [g1].[Description], [g1].[FileUrl], [g1].[IsDeleted], [g1].[IsFeatured], [g1].[IsPremium], [g1].[Name], [g1].[Slug], [g1].[Status], [g1].[Tags], [g1].[ThumbnailUrl], [g1].[UpdatedAt]
FROM [EmailRetryQueues] AS [e]
INNER JOIN [GreetingTransactions] AS [g] ON [e].[GreetingTransactionId] = [g].[Id]
INNER JOIN (
    SELECT [u].[Id], [u].[CreatedAt], [u].[DeletedAt], [u].[Email], [u].[EmailVerificationToken], [u].[EmailVerificationTokenExpiry], [u].[FailedLoginCount], [u].[FullName], [u].[IsDeleted], [u].[LastLoginAt], [u].[LockReason], [u].[LockoutEndTime], [u].[PasswordHash], [u].[PasswordResetToken], [u].[PasswordResetTokenExpiry], [u].[PasswordResetTokenUsed], [u].[RefreshTokenExpiry], [u].[RefreshTokenHash], [u].[Role], [u].[SocialProvider], [u].[SocialProviderId], [u].[Status], [u].[UpdatedAt]
    FROM [Users] AS [u]
    WHERE [u].[IsDeleted] = CAST(0 AS bit)
) AS [u0] ON [g].[SenderId] = [u0].[Id]
INNER JOIN (
    SELECT [g0].[Id], [g0].[CategoryId], [g0].[CreatedAt], [g0].[CustomJsonContent], [g0].[DeletedAt], [g0].[Description], [g0].[FileUrl], [g0].[IsDeleted], [g0].[IsFeatured], [g0].[IsPremium], [g0].[Name], [g0].[Slug], [g0].[Status], [g0].[Tags], [g0].[ThumbnailUrl], [g0].[UpdatedAt]
    FROM [GreetingCards] AS [g0]
    WHERE [g0].[IsDeleted] = CAST(0 AS bit)
) AS [g1] ON [g].[CardId] = [g1].[Id]
WHERE [e].[Status] = N'PendingRetry' AND [e].[NextRetryAt] <= @__now_0
2026-05-06 22:45:00.929 +07:00 [INF] Executed DbCommand (3ms) [Parameters=[@__now_0='?' (DbType = DateTime2)], CommandType='"Text"', CommandTimeout='30']
SELECT [e].[Id], [e].[CreatedAt], [e].[GreetingTransactionId], [e].[LastError], [e].[NextRetryAt], [e].[RetryCount], [e].[Status], [e].[UpdatedAt], [g].[Id], [g].[CardId], [g].[CreatedAt], [g].[PersonalMessage], [g].[RecipientEmail], [g].[RetryCount], [g].[ScheduledSendAt], [g].[SenderId], [g].[SentAt], [g].[Status], [g].[Subject], [g].[SubscriptionId], [u0].[Id], [u0].[CreatedAt], [u0].[DeletedAt], [u0].[Email], [u0].[EmailVerificationToken], [u0].[EmailVerificationTokenExpiry], [u0].[FailedLoginCount], [u0].[FullName], [u0].[IsDeleted], [u0].[LastLoginAt], [u0].[LockReason], [u0].[LockoutEndTime], [u0].[PasswordHash], [u0].[PasswordResetToken], [u0].[PasswordResetTokenExpiry], [u0].[PasswordResetTokenUsed], [u0].[RefreshTokenExpiry], [u0].[RefreshTokenHash], [u0].[Role], [u0].[SocialProvider], [u0].[SocialProviderId], [u0].[Status], [u0].[UpdatedAt], [g1].[Id], [g1].[CategoryId], [g1].[CreatedAt], [g1].[CustomJsonContent], [g1].[DeletedAt], [g1].[Description], [g1].[FileUrl], [g1].[IsDeleted], [g1].[IsFeatured], [g1].[IsPremium], [g1].[Name], [g1].[Slug], [g1].[Status], [g1].[Tags], [g1].[ThumbnailUrl], [g1].[UpdatedAt]
FROM [EmailRetryQueues] AS [e]
INNER JOIN [GreetingTransactions] AS [g] ON [e].[GreetingTransactionId] = [g].[Id]
INNER JOIN (
    SELECT [u].[Id], [u].[CreatedAt], [u].[DeletedAt], [u].[Email], [u].[EmailVerificationToken], [u].[EmailVerificationTokenExpiry], [u].[FailedLoginCount], [u].[FullName], [u].[IsDeleted], [u].[LastLoginAt], [u].[LockReason], [u].[LockoutEndTime], [u].[PasswordHash], [u].[PasswordResetToken], [u].[PasswordResetTokenExpiry], [u].[PasswordResetTokenUsed], [u].[RefreshTokenExpiry], [u].[RefreshTokenHash], [u].[Role], [u].[SocialProvider], [u].[SocialProviderId], [u].[Status], [u].[UpdatedAt]
    FROM [Users] AS [u]
    WHERE [u].[IsDeleted] = CAST(0 AS bit)
) AS [u0] ON [g].[SenderId] = [u0].[Id]
INNER JOIN (
    SELECT [g0].[Id], [g0].[CategoryId], [g0].[CreatedAt], [g0].[CustomJsonContent], [g0].[DeletedAt], [g0].[Description], [g0].[FileUrl], [g0].[IsDeleted], [g0].[IsFeatured], [g0].[IsPremium], [g0].[Name], [g0].[Slug], [g0].[Status], [g0].[Tags], [g0].[ThumbnailUrl], [g0].[UpdatedAt]
    FROM [GreetingCards] AS [g0]
    WHERE [g0].[IsDeleted] = CAST(0 AS bit)
) AS [g1] ON [g].[CardId] = [g1].[Id]
WHERE [e].[Status] = N'PendingRetry' AND [e].[NextRetryAt] <= @__now_0
2026-05-06 22:50:01.339 +07:00 [INF] Executed DbCommand (3ms) [Parameters=[@__now_0='?' (DbType = DateTime2)], CommandType='"Text"', CommandTimeout='30']
SELECT [e].[Id], [e].[CreatedAt], [e].[GreetingTransactionId], [e].[LastError], [e].[NextRetryAt], [e].[RetryCount], [e].[Status], [e].[UpdatedAt], [g].[Id], [g].[CardId], [g].[CreatedAt], [g].[PersonalMessage], [g].[RecipientEmail], [g].[RetryCount], [g].[ScheduledSendAt], [g].[SenderId], [g].[SentAt], [g].[Status], [g].[Subject], [g].[SubscriptionId], [u0].[Id], [u0].[CreatedAt], [u0].[DeletedAt], [u0].[Email], [u0].[EmailVerificationToken], [u0].[EmailVerificationTokenExpiry], [u0].[FailedLoginCount], [u0].[FullName], [u0].[IsDeleted], [u0].[LastLoginAt], [u0].[LockReason], [u0].[LockoutEndTime], [u0].[PasswordHash], [u0].[PasswordResetToken], [u0].[PasswordResetTokenExpiry], [u0].[PasswordResetTokenUsed], [u0].[RefreshTokenExpiry], [u0].[RefreshTokenHash], [u0].[Role], [u0].[SocialProvider], [u0].[SocialProviderId], [u0].[Status], [u0].[UpdatedAt], [g1].[Id], [g1].[CategoryId], [g1].[CreatedAt], [g1].[CustomJsonContent], [g1].[DeletedAt], [g1].[Description], [g1].[FileUrl], [g1].[IsDeleted], [g1].[IsFeatured], [g1].[IsPremium], [g1].[Name], [g1].[Slug], [g1].[Status], [g1].[Tags], [g1].[ThumbnailUrl], [g1].[UpdatedAt]
FROM [EmailRetryQueues] AS [e]
INNER JOIN [GreetingTransactions] AS [g] ON [e].[GreetingTransactionId] = [g].[Id]
INNER JOIN (
    SELECT [u].[Id], [u].[CreatedAt], [u].[DeletedAt], [u].[Email], [u].[EmailVerificationToken], [u].[EmailVerificationTokenExpiry], [u].[FailedLoginCount], [u].[FullName], [u].[IsDeleted], [u].[LastLoginAt], [u].[LockReason], [u].[LockoutEndTime], [u].[PasswordHash], [u].[PasswordResetToken], [u].[PasswordResetTokenExpiry], [u].[PasswordResetTokenUsed], [u].[RefreshTokenExpiry], [u].[RefreshTokenHash], [u].[Role], [u].[SocialProvider], [u].[SocialProviderId], [u].[Status], [u].[UpdatedAt]
    FROM [Users] AS [u]
    WHERE [u].[IsDeleted] = CAST(0 AS bit)
) AS [u0] ON [g].[SenderId] = [u0].[Id]
INNER JOIN (
    SELECT [g0].[Id], [g0].[CategoryId], [g0].[CreatedAt], [g0].[CustomJsonContent], [g0].[DeletedAt], [g0].[Description], [g0].[FileUrl], [g0].[IsDeleted], [g0].[IsFeatured], [g0].[IsPremium], [g0].[Name], [g0].[Slug], [g0].[Status], [g0].[Tags], [g0].[ThumbnailUrl], [g0].[UpdatedAt]
    FROM [GreetingCards] AS [g0]
    WHERE [g0].[IsDeleted] = CAST(0 AS bit)
) AS [g1] ON [g].[CardId] = [g1].[Id]
WHERE [e].[Status] = N'PendingRetry' AND [e].[NextRetryAt] <= @__now_0
2026-05-06 22:55:01.744 +07:00 [INF] Executed DbCommand (3ms) [Parameters=[@__now_0='?' (DbType = DateTime2)], CommandType='"Text"', CommandTimeout='30']
SELECT [e].[Id], [e].[CreatedAt], [e].[GreetingTransactionId], [e].[LastError], [e].[NextRetryAt], [e].[RetryCount], [e].[Status], [e].[UpdatedAt], [g].[Id], [g].[CardId], [g].[CreatedAt], [g].[PersonalMessage], [g].[RecipientEmail], [g].[RetryCount], [g].[ScheduledSendAt], [g].[SenderId], [g].[SentAt], [g].[Status], [g].[Subject], [g].[SubscriptionId], [u0].[Id], [u0].[CreatedAt], [u0].[DeletedAt], [u0].[Email], [u0].[EmailVerificationToken], [u0].[EmailVerificationTokenExpiry], [u0].[FailedLoginCount], [u0].[FullName], [u0].[IsDeleted], [u0].[LastLoginAt], [u0].[LockReason], [u0].[LockoutEndTime], [u0].[PasswordHash], [u0].[PasswordResetToken], [u0].[PasswordResetTokenExpiry], [u0].[PasswordResetTokenUsed], [u0].[RefreshTokenExpiry], [u0].[RefreshTokenHash], [u0].[Role], [u0].[SocialProvider], [u0].[SocialProviderId], [u0].[Status], [u0].[UpdatedAt], [g1].[Id], [g1].[CategoryId], [g1].[CreatedAt], [g1].[CustomJsonContent], [g1].[DeletedAt], [g1].[Description], [g1].[FileUrl], [g1].[IsDeleted], [g1].[IsFeatured], [g1].[IsPremium], [g1].[Name], [g1].[Slug], [g1].[Status], [g1].[Tags], [g1].[ThumbnailUrl], [g1].[UpdatedAt]
FROM [EmailRetryQueues] AS [e]
INNER JOIN [GreetingTransactions] AS [g] ON [e].[GreetingTransactionId] = [g].[Id]
INNER JOIN (
    SELECT [u].[Id], [u].[CreatedAt], [u].[DeletedAt], [u].[Email], [u].[EmailVerificationToken], [u].[EmailVerificationTokenExpiry], [u].[FailedLoginCount], [u].[FullName], [u].[IsDeleted], [u].[LastLoginAt], [u].[LockReason], [u].[LockoutEndTime], [u].[PasswordHash], [u].[PasswordResetToken], [u].[PasswordResetTokenExpiry], [u].[PasswordResetTokenUsed], [u].[RefreshTokenExpiry], [u].[RefreshTokenHash], [u].[Role], [u].[SocialProvider], [u].[SocialProviderId], [u].[Status], [u].[UpdatedAt]
    FROM [Users] AS [u]
    WHERE [u].[IsDeleted] = CAST(0 AS bit)
) AS [u0] ON [g].[SenderId] = [u0].[Id]
INNER JOIN (
    SELECT [g0].[Id], [g0].[CategoryId], [g0].[CreatedAt], [g0].[CustomJsonContent], [g0].[DeletedAt], [g0].[Description], [g0].[FileUrl], [g0].[IsDeleted], [g0].[IsFeatured], [g0].[IsPremium], [g0].[Name], [g0].[Slug], [g0].[Status], [g0].[Tags], [g0].[ThumbnailUrl], [g0].[UpdatedAt]
    FROM [GreetingCards] AS [g0]
    WHERE [g0].[IsDeleted] = CAST(0 AS bit)
) AS [g1] ON [g].[CardId] = [g1].[Id]
WHERE [e].[Status] = N'PendingRetry' AND [e].[NextRetryAt] <= @__now_0
2026-05-06 23:00:02.104 +07:00 [INF] Executed DbCommand (3ms) [Parameters=[@__now_0='?' (DbType = DateTime2)], CommandType='"Text"', CommandTimeout='30']
SELECT [e].[Id], [e].[CreatedAt], [e].[GreetingTransactionId], [e].[LastError], [e].[NextRetryAt], [e].[RetryCount], [e].[Status], [e].[UpdatedAt], [g].[Id], [g].[CardId], [g].[CreatedAt], [g].[PersonalMessage], [g].[RecipientEmail], [g].[RetryCount], [g].[ScheduledSendAt], [g].[SenderId], [g].[SentAt], [g].[Status], [g].[Subject], [g].[SubscriptionId], [u0].[Id], [u0].[CreatedAt], [u0].[DeletedAt], [u0].[Email], [u0].[EmailVerificationToken], [u0].[EmailVerificationTokenExpiry], [u0].[FailedLoginCount], [u0].[FullName], [u0].[IsDeleted], [u0].[LastLoginAt], [u0].[LockReason], [u0].[LockoutEndTime], [u0].[PasswordHash], [u0].[PasswordResetToken], [u0].[PasswordResetTokenExpiry], [u0].[PasswordResetTokenUsed], [u0].[RefreshTokenExpiry], [u0].[RefreshTokenHash], [u0].[Role], [u0].[SocialProvider], [u0].[SocialProviderId], [u0].[Status], [u0].[UpdatedAt], [g1].[Id], [g1].[CategoryId], [g1].[CreatedAt], [g1].[CustomJsonContent], [g1].[DeletedAt], [g1].[Description], [g1].[FileUrl], [g1].[IsDeleted], [g1].[IsFeatured], [g1].[IsPremium], [g1].[Name], [g1].[Slug], [g1].[Status], [g1].[Tags], [g1].[ThumbnailUrl], [g1].[UpdatedAt]
FROM [EmailRetryQueues] AS [e]
INNER JOIN [GreetingTransactions] AS [g] ON [e].[GreetingTransactionId] = [g].[Id]
INNER JOIN (
    SELECT [u].[Id], [u].[CreatedAt], [u].[DeletedAt], [u].[Email], [u].[EmailVerificationToken], [u].[EmailVerificationTokenExpiry], [u].[FailedLoginCount], [u].[FullName], [u].[IsDeleted], [u].[LastLoginAt], [u].[LockReason], [u].[LockoutEndTime], [u].[PasswordHash], [u].[PasswordResetToken], [u].[PasswordResetTokenExpiry], [u].[PasswordResetTokenUsed], [u].[RefreshTokenExpiry], [u].[RefreshTokenHash], [u].[Role], [u].[SocialProvider], [u].[SocialProviderId], [u].[Status], [u].[UpdatedAt]
    FROM [Users] AS [u]
    WHERE [u].[IsDeleted] = CAST(0 AS bit)
) AS [u0] ON [g].[SenderId] = [u0].[Id]
INNER JOIN (
    SELECT [g0].[Id], [g0].[CategoryId], [g0].[CreatedAt], [g0].[CustomJsonContent], [g0].[DeletedAt], [g0].[Description], [g0].[FileUrl], [g0].[IsDeleted], [g0].[IsFeatured], [g0].[IsPremium], [g0].[Name], [g0].[Slug], [g0].[Status], [g0].[Tags], [g0].[ThumbnailUrl], [g0].[UpdatedAt]
    FROM [GreetingCards] AS [g0]
    WHERE [g0].[IsDeleted] = CAST(0 AS bit)
) AS [g1] ON [g].[CardId] = [g1].[Id]
WHERE [e].[Status] = N'PendingRetry' AND [e].[NextRetryAt] <= @__now_0
2026-05-06 23:05:02.558 +07:00 [INF] Executed DbCommand (3ms) [Parameters=[@__now_0='?' (DbType = DateTime2)], CommandType='"Text"', CommandTimeout='30']
SELECT [e].[Id], [e].[CreatedAt], [e].[GreetingTransactionId], [e].[LastError], [e].[NextRetryAt], [e].[RetryCount], [e].[Status], [e].[UpdatedAt], [g].[Id], [g].[CardId], [g].[CreatedAt], [g].[PersonalMessage], [g].[RecipientEmail], [g].[RetryCount], [g].[ScheduledSendAt], [g].[SenderId], [g].[SentAt], [g].[Status], [g].[Subject], [g].[SubscriptionId], [u0].[Id], [u0].[CreatedAt], [u0].[DeletedAt], [u0].[Email], [u0].[EmailVerificationToken], [u0].[EmailVerificationTokenExpiry], [u0].[FailedLoginCount], [u0].[FullName], [u0].[IsDeleted], [u0].[LastLoginAt], [u0].[LockReason], [u0].[LockoutEndTime], [u0].[PasswordHash], [u0].[PasswordResetToken], [u0].[PasswordResetTokenExpiry], [u0].[PasswordResetTokenUsed], [u0].[RefreshTokenExpiry], [u0].[RefreshTokenHash], [u0].[Role], [u0].[SocialProvider], [u0].[SocialProviderId], [u0].[Status], [u0].[UpdatedAt], [g1].[Id], [g1].[CategoryId], [g1].[CreatedAt], [g1].[CustomJsonContent], [g1].[DeletedAt], [g1].[Description], [g1].[FileUrl], [g1].[IsDeleted], [g1].[IsFeatured], [g1].[IsPremium], [g1].[Name], [g1].[Slug], [g1].[Status], [g1].[Tags], [g1].[ThumbnailUrl], [g1].[UpdatedAt]
FROM [EmailRetryQueues] AS [e]
INNER JOIN [GreetingTransactions] AS [g] ON [e].[GreetingTransactionId] = [g].[Id]
INNER JOIN (
    SELECT [u].[Id], [u].[CreatedAt], [u].[DeletedAt], [u].[Email], [u].[EmailVerificationToken], [u].[EmailVerificationTokenExpiry], [u].[FailedLoginCount], [u].[FullName], [u].[IsDeleted], [u].[LastLoginAt], [u].[LockReason], [u].[LockoutEndTime], [u].[PasswordHash], [u].[PasswordResetToken], [u].[PasswordResetTokenExpiry], [u].[PasswordResetTokenUsed], [u].[RefreshTokenExpiry], [u].[RefreshTokenHash], [u].[Role], [u].[SocialProvider], [u].[SocialProviderId], [u].[Status], [u].[UpdatedAt]
    FROM [Users] AS [u]
    WHERE [u].[IsDeleted] = CAST(0 AS bit)
) AS [u0] ON [g].[SenderId] = [u0].[Id]
INNER JOIN (
    SELECT [g0].[Id], [g0].[CategoryId], [g0].[CreatedAt], [g0].[CustomJsonContent], [g0].[DeletedAt], [g0].[Description], [g0].[FileUrl], [g0].[IsDeleted], [g0].[IsFeatured], [g0].[IsPremium], [g0].[Name], [g0].[Slug], [g0].[Status], [g0].[Tags], [g0].[ThumbnailUrl], [g0].[UpdatedAt]
    FROM [GreetingCards] AS [g0]
    WHERE [g0].[IsDeleted] = CAST(0 AS bit)
) AS [g1] ON [g].[CardId] = [g1].[Id]
WHERE [e].[Status] = N'PendingRetry' AND [e].[NextRetryAt] <= @__now_0
2026-05-06 23:10:02.990 +07:00 [INF] Executed DbCommand (4ms) [Parameters=[@__now_0='?' (DbType = DateTime2)], CommandType='"Text"', CommandTimeout='30']
SELECT [e].[Id], [e].[CreatedAt], [e].[GreetingTransactionId], [e].[LastError], [e].[NextRetryAt], [e].[RetryCount], [e].[Status], [e].[UpdatedAt], [g].[Id], [g].[CardId], [g].[CreatedAt], [g].[PersonalMessage], [g].[RecipientEmail], [g].[RetryCount], [g].[ScheduledSendAt], [g].[SenderId], [g].[SentAt], [g].[Status], [g].[Subject], [g].[SubscriptionId], [u0].[Id], [u0].[CreatedAt], [u0].[DeletedAt], [u0].[Email], [u0].[EmailVerificationToken], [u0].[EmailVerificationTokenExpiry], [u0].[FailedLoginCount], [u0].[FullName], [u0].[IsDeleted], [u0].[LastLoginAt], [u0].[LockReason], [u0].[LockoutEndTime], [u0].[PasswordHash], [u0].[PasswordResetToken], [u0].[PasswordResetTokenExpiry], [u0].[PasswordResetTokenUsed], [u0].[RefreshTokenExpiry], [u0].[RefreshTokenHash], [u0].[Role], [u0].[SocialProvider], [u0].[SocialProviderId], [u0].[Status], [u0].[UpdatedAt], [g1].[Id], [g1].[CategoryId], [g1].[CreatedAt], [g1].[CustomJsonContent], [g1].[DeletedAt], [g1].[Description], [g1].[FileUrl], [g1].[IsDeleted], [g1].[IsFeatured], [g1].[IsPremium], [g1].[Name], [g1].[Slug], [g1].[Status], [g1].[Tags], [g1].[ThumbnailUrl], [g1].[UpdatedAt]
FROM [EmailRetryQueues] AS [e]
INNER JOIN [GreetingTransactions] AS [g] ON [e].[GreetingTransactionId] = [g].[Id]
INNER JOIN (
    SELECT [u].[Id], [u].[CreatedAt], [u].[DeletedAt], [u].[Email], [u].[EmailVerificationToken], [u].[EmailVerificationTokenExpiry], [u].[FailedLoginCount], [u].[FullName], [u].[IsDeleted], [u].[LastLoginAt], [u].[LockReason], [u].[LockoutEndTime], [u].[PasswordHash], [u].[PasswordResetToken], [u].[PasswordResetTokenExpiry], [u].[PasswordResetTokenUsed], [u].[RefreshTokenExpiry], [u].[RefreshTokenHash], [u].[Role], [u].[SocialProvider], [u].[SocialProviderId], [u].[Status], [u].[UpdatedAt]
    FROM [Users] AS [u]
    WHERE [u].[IsDeleted] = CAST(0 AS bit)
) AS [u0] ON [g].[SenderId] = [u0].[Id]
INNER JOIN (
    SELECT [g0].[Id], [g0].[CategoryId], [g0].[CreatedAt], [g0].[CustomJsonContent], [g0].[DeletedAt], [g0].[Description], [g0].[FileUrl], [g0].[IsDeleted], [g0].[IsFeatured], [g0].[IsPremium], [g0].[Name], [g0].[Slug], [g0].[Status], [g0].[Tags], [g0].[ThumbnailUrl], [g0].[UpdatedAt]
    FROM [GreetingCards] AS [g0]
    WHERE [g0].[IsDeleted] = CAST(0 AS bit)
) AS [g1] ON [g].[CardId] = [g1].[Id]
WHERE [e].[Status] = N'PendingRetry' AND [e].[NextRetryAt] <= @__now_0
2026-05-06 23:15:03.411 +07:00 [INF] Executed DbCommand (2ms) [Parameters=[@__now_0='?' (DbType = DateTime2)], CommandType='"Text"', CommandTimeout='30']
SELECT [e].[Id], [e].[CreatedAt], [e].[GreetingTransactionId], [e].[LastError], [e].[NextRetryAt], [e].[RetryCount], [e].[Status], [e].[UpdatedAt], [g].[Id], [g].[CardId], [g].[CreatedAt], [g].[PersonalMessage], [g].[RecipientEmail], [g].[RetryCount], [g].[ScheduledSendAt], [g].[SenderId], [g].[SentAt], [g].[Status], [g].[Subject], [g].[SubscriptionId], [u0].[Id], [u0].[CreatedAt], [u0].[DeletedAt], [u0].[Email], [u0].[EmailVerificationToken], [u0].[EmailVerificationTokenExpiry], [u0].[FailedLoginCount], [u0].[FullName], [u0].[IsDeleted], [u0].[LastLoginAt], [u0].[LockReason], [u0].[LockoutEndTime], [u0].[PasswordHash], [u0].[PasswordResetToken], [u0].[PasswordResetTokenExpiry], [u0].[PasswordResetTokenUsed], [u0].[RefreshTokenExpiry], [u0].[RefreshTokenHash], [u0].[Role], [u0].[SocialProvider], [u0].[SocialProviderId], [u0].[Status], [u0].[UpdatedAt], [g1].[Id], [g1].[CategoryId], [g1].[CreatedAt], [g1].[CustomJsonContent], [g1].[DeletedAt], [g1].[Description], [g1].[FileUrl], [g1].[IsDeleted], [g1].[IsFeatured], [g1].[IsPremium], [g1].[Name], [g1].[Slug], [g1].[Status], [g1].[Tags], [g1].[ThumbnailUrl], [g1].[UpdatedAt]
FROM [EmailRetryQueues] AS [e]
INNER JOIN [GreetingTransactions] AS [g] ON [e].[GreetingTransactionId] = [g].[Id]
INNER JOIN (
    SELECT [u].[Id], [u].[CreatedAt], [u].[DeletedAt], [u].[Email], [u].[EmailVerificationToken], [u].[EmailVerificationTokenExpiry], [u].[FailedLoginCount], [u].[FullName], [u].[IsDeleted], [u].[LastLoginAt], [u].[LockReason], [u].[LockoutEndTime], [u].[PasswordHash], [u].[PasswordResetToken], [u].[PasswordResetTokenExpiry], [u].[PasswordResetTokenUsed], [u].[RefreshTokenExpiry], [u].[RefreshTokenHash], [u].[Role], [u].[SocialProvider], [u].[SocialProviderId], [u].[Status], [u].[UpdatedAt]
    FROM [Users] AS [u]
    WHERE [u].[IsDeleted] = CAST(0 AS bit)
) AS [u0] ON [g].[SenderId] = [u0].[Id]
INNER JOIN (
    SELECT [g0].[Id], [g0].[CategoryId], [g0].[CreatedAt], [g0].[CustomJsonContent], [g0].[DeletedAt], [g0].[Description], [g0].[FileUrl], [g0].[IsDeleted], [g0].[IsFeatured], [g0].[IsPremium], [g0].[Name], [g0].[Slug], [g0].[Status], [g0].[Tags], [g0].[ThumbnailUrl], [g0].[UpdatedAt]
    FROM [GreetingCards] AS [g0]
    WHERE [g0].[IsDeleted] = CAST(0 AS bit)
) AS [g1] ON [g].[CardId] = [g1].[Id]
WHERE [e].[Status] = N'PendingRetry' AND [e].[NextRetryAt] <= @__now_0
2026-05-06 23:20:03.707 +07:00 [INF] Executed DbCommand (2ms) [Parameters=[@__now_0='?' (DbType = DateTime2)], CommandType='"Text"', CommandTimeout='30']
SELECT [e].[Id], [e].[CreatedAt], [e].[GreetingTransactionId], [e].[LastError], [e].[NextRetryAt], [e].[RetryCount], [e].[Status], [e].[UpdatedAt], [g].[Id], [g].[CardId], [g].[CreatedAt], [g].[PersonalMessage], [g].[RecipientEmail], [g].[RetryCount], [g].[ScheduledSendAt], [g].[SenderId], [g].[SentAt], [g].[Status], [g].[Subject], [g].[SubscriptionId], [u0].[Id], [u0].[CreatedAt], [u0].[DeletedAt], [u0].[Email], [u0].[EmailVerificationToken], [u0].[EmailVerificationTokenExpiry], [u0].[FailedLoginCount], [u0].[FullName], [u0].[IsDeleted], [u0].[LastLoginAt], [u0].[LockReason], [u0].[LockoutEndTime], [u0].[PasswordHash], [u0].[PasswordResetToken], [u0].[PasswordResetTokenExpiry], [u0].[PasswordResetTokenUsed], [u0].[RefreshTokenExpiry], [u0].[RefreshTokenHash], [u0].[Role], [u0].[SocialProvider], [u0].[SocialProviderId], [u0].[Status], [u0].[UpdatedAt], [g1].[Id], [g1].[CategoryId], [g1].[CreatedAt], [g1].[CustomJsonContent], [g1].[DeletedAt], [g1].[Description], [g1].[FileUrl], [g1].[IsDeleted], [g1].[IsFeatured], [g1].[IsPremium], [g1].[Name], [g1].[Slug], [g1].[Status], [g1].[Tags], [g1].[ThumbnailUrl], [g1].[UpdatedAt]
FROM [EmailRetryQueues] AS [e]
INNER JOIN [GreetingTransactions] AS [g] ON [e].[GreetingTransactionId] = [g].[Id]
INNER JOIN (
    SELECT [u].[Id], [u].[CreatedAt], [u].[DeletedAt], [u].[Email], [u].[EmailVerificationToken], [u].[EmailVerificationTokenExpiry], [u].[FailedLoginCount], [u].[FullName], [u].[IsDeleted], [u].[LastLoginAt], [u].[LockReason], [u].[LockoutEndTime], [u].[PasswordHash], [u].[PasswordResetToken], [u].[PasswordResetTokenExpiry], [u].[PasswordResetTokenUsed], [u].[RefreshTokenExpiry], [u].[RefreshTokenHash], [u].[Role], [u].[SocialProvider], [u].[SocialProviderId], [u].[Status], [u].[UpdatedAt]
    FROM [Users] AS [u]
    WHERE [u].[IsDeleted] = CAST(0 AS bit)
) AS [u0] ON [g].[SenderId] = [u0].[Id]
INNER JOIN (
    SELECT [g0].[Id], [g0].[CategoryId], [g0].[CreatedAt], [g0].[CustomJsonContent], [g0].[DeletedAt], [g0].[Description], [g0].[FileUrl], [g0].[IsDeleted], [g0].[IsFeatured], [g0].[IsPremium], [g0].[Name], [g0].[Slug], [g0].[Status], [g0].[Tags], [g0].[ThumbnailUrl], [g0].[UpdatedAt]
    FROM [GreetingCards] AS [g0]
    WHERE [g0].[IsDeleted] = CAST(0 AS bit)
) AS [g1] ON [g].[CardId] = [g1].[Id]
WHERE [e].[Status] = N'PendingRetry' AND [e].[NextRetryAt] <= @__now_0
2026-05-06 23:25:04.180 +07:00 [INF] Executed DbCommand (5ms) [Parameters=[@__now_0='?' (DbType = DateTime2)], CommandType='"Text"', CommandTimeout='30']
SELECT [e].[Id], [e].[CreatedAt], [e].[GreetingTransactionId], [e].[LastError], [e].[NextRetryAt], [e].[RetryCount], [e].[Status], [e].[UpdatedAt], [g].[Id], [g].[CardId], [g].[CreatedAt], [g].[PersonalMessage], [g].[RecipientEmail], [g].[RetryCount], [g].[ScheduledSendAt], [g].[SenderId], [g].[SentAt], [g].[Status], [g].[Subject], [g].[SubscriptionId], [u0].[Id], [u0].[CreatedAt], [u0].[DeletedAt], [u0].[Email], [u0].[EmailVerificationToken], [u0].[EmailVerificationTokenExpiry], [u0].[FailedLoginCount], [u0].[FullName], [u0].[IsDeleted], [u0].[LastLoginAt], [u0].[LockReason], [u0].[LockoutEndTime], [u0].[PasswordHash], [u0].[PasswordResetToken], [u0].[PasswordResetTokenExpiry], [u0].[PasswordResetTokenUsed], [u0].[RefreshTokenExpiry], [u0].[RefreshTokenHash], [u0].[Role], [u0].[SocialProvider], [u0].[SocialProviderId], [u0].[Status], [u0].[UpdatedAt], [g1].[Id], [g1].[CategoryId], [g1].[CreatedAt], [g1].[CustomJsonContent], [g1].[DeletedAt], [g1].[Description], [g1].[FileUrl], [g1].[IsDeleted], [g1].[IsFeatured], [g1].[IsPremium], [g1].[Name], [g1].[Slug], [g1].[Status], [g1].[Tags], [g1].[ThumbnailUrl], [g1].[UpdatedAt]
FROM [EmailRetryQueues] AS [e]
INNER JOIN [GreetingTransactions] AS [g] ON [e].[GreetingTransactionId] = [g].[Id]
INNER JOIN (
    SELECT [u].[Id], [u].[CreatedAt], [u].[DeletedAt], [u].[Email], [u].[EmailVerificationToken], [u].[EmailVerificationTokenExpiry], [u].[FailedLoginCount], [u].[FullName], [u].[IsDeleted], [u].[LastLoginAt], [u].[LockReason], [u].[LockoutEndTime], [u].[PasswordHash], [u].[PasswordResetToken], [u].[PasswordResetTokenExpiry], [u].[PasswordResetTokenUsed], [u].[RefreshTokenExpiry], [u].[RefreshTokenHash], [u].[Role], [u].[SocialProvider], [u].[SocialProviderId], [u].[Status], [u].[UpdatedAt]
    FROM [Users] AS [u]
    WHERE [u].[IsDeleted] = CAST(0 AS bit)
) AS [u0] ON [g].[SenderId] = [u0].[Id]
INNER JOIN (
    SELECT [g0].[Id], [g0].[CategoryId], [g0].[CreatedAt], [g0].[CustomJsonContent], [g0].[DeletedAt], [g0].[Description], [g0].[FileUrl], [g0].[IsDeleted], [g0].[IsFeatured], [g0].[IsPremium], [g0].[Name], [g0].[Slug], [g0].[Status], [g0].[Tags], [g0].[ThumbnailUrl], [g0].[UpdatedAt]
    FROM [GreetingCards] AS [g0]
    WHERE [g0].[IsDeleted] = CAST(0 AS bit)
) AS [g1] ON [g].[CardId] = [g1].[Id]
WHERE [e].[Status] = N'PendingRetry' AND [e].[NextRetryAt] <= @__now_0
2026-05-06 23:30:04.565 +07:00 [INF] Executed DbCommand (2ms) [Parameters=[@__now_0='?' (DbType = DateTime2)], CommandType='"Text"', CommandTimeout='30']
SELECT [e].[Id], [e].[CreatedAt], [e].[GreetingTransactionId], [e].[LastError], [e].[NextRetryAt], [e].[RetryCount], [e].[Status], [e].[UpdatedAt], [g].[Id], [g].[CardId], [g].[CreatedAt], [g].[PersonalMessage], [g].[RecipientEmail], [g].[RetryCount], [g].[ScheduledSendAt], [g].[SenderId], [g].[SentAt], [g].[Status], [g].[Subject], [g].[SubscriptionId], [u0].[Id], [u0].[CreatedAt], [u0].[DeletedAt], [u0].[Email], [u0].[EmailVerificationToken], [u0].[EmailVerificationTokenExpiry], [u0].[FailedLoginCount], [u0].[FullName], [u0].[IsDeleted], [u0].[LastLoginAt], [u0].[LockReason], [u0].[LockoutEndTime], [u0].[PasswordHash], [u0].[PasswordResetToken], [u0].[PasswordResetTokenExpiry], [u0].[PasswordResetTokenUsed], [u0].[RefreshTokenExpiry], [u0].[RefreshTokenHash], [u0].[Role], [u0].[SocialProvider], [u0].[SocialProviderId], [u0].[Status], [u0].[UpdatedAt], [g1].[Id], [g1].[CategoryId], [g1].[CreatedAt], [g1].[CustomJsonContent], [g1].[DeletedAt], [g1].[Description], [g1].[FileUrl], [g1].[IsDeleted], [g1].[IsFeatured], [g1].[IsPremium], [g1].[Name], [g1].[Slug], [g1].[Status], [g1].[Tags], [g1].[ThumbnailUrl], [g1].[UpdatedAt]
FROM [EmailRetryQueues] AS [e]
INNER JOIN [GreetingTransactions] AS [g] ON [e].[GreetingTransactionId] = [g].[Id]
INNER JOIN (
    SELECT [u].[Id], [u].[CreatedAt], [u].[DeletedAt], [u].[Email], [u].[EmailVerificationToken], [u].[EmailVerificationTokenExpiry], [u].[FailedLoginCount], [u].[FullName], [u].[IsDeleted], [u].[LastLoginAt], [u].[LockReason], [u].[LockoutEndTime], [u].[PasswordHash], [u].[PasswordResetToken], [u].[PasswordResetTokenExpiry], [u].[PasswordResetTokenUsed], [u].[RefreshTokenExpiry], [u].[RefreshTokenHash], [u].[Role], [u].[SocialProvider], [u].[SocialProviderId], [u].[Status], [u].[UpdatedAt]
    FROM [Users] AS [u]
    WHERE [u].[IsDeleted] = CAST(0 AS bit)
) AS [u0] ON [g].[SenderId] = [u0].[Id]
INNER JOIN (
    SELECT [g0].[Id], [g0].[CategoryId], [g0].[CreatedAt], [g0].[CustomJsonContent], [g0].[DeletedAt], [g0].[Description], [g0].[FileUrl], [g0].[IsDeleted], [g0].[IsFeatured], [g0].[IsPremium], [g0].[Name], [g0].[Slug], [g0].[Status], [g0].[Tags], [g0].[ThumbnailUrl], [g0].[UpdatedAt]
    FROM [GreetingCards] AS [g0]
    WHERE [g0].[IsDeleted] = CAST(0 AS bit)
) AS [g1] ON [g].[CardId] = [g1].[Id]
WHERE [e].[Status] = N'PendingRetry' AND [e].[NextRetryAt] <= @__now_0
2026-05-06 23:35:04.915 +07:00 [INF] Executed DbCommand (2ms) [Parameters=[@__now_0='?' (DbType = DateTime2)], CommandType='"Text"', CommandTimeout='30']
SELECT [e].[Id], [e].[CreatedAt], [e].[GreetingTransactionId], [e].[LastError], [e].[NextRetryAt], [e].[RetryCount], [e].[Status], [e].[UpdatedAt], [g].[Id], [g].[CardId], [g].[CreatedAt], [g].[PersonalMessage], [g].[RecipientEmail], [g].[RetryCount], [g].[ScheduledSendAt], [g].[SenderId], [g].[SentAt], [g].[Status], [g].[Subject], [g].[SubscriptionId], [u0].[Id], [u0].[CreatedAt], [u0].[DeletedAt], [u0].[Email], [u0].[EmailVerificationToken], [u0].[EmailVerificationTokenExpiry], [u0].[FailedLoginCount], [u0].[FullName], [u0].[IsDeleted], [u0].[LastLoginAt], [u0].[LockReason], [u0].[LockoutEndTime], [u0].[PasswordHash], [u0].[PasswordResetToken], [u0].[PasswordResetTokenExpiry], [u0].[PasswordResetTokenUsed], [u0].[RefreshTokenExpiry], [u0].[RefreshTokenHash], [u0].[Role], [u0].[SocialProvider], [u0].[SocialProviderId], [u0].[Status], [u0].[UpdatedAt], [g1].[Id], [g1].[CategoryId], [g1].[CreatedAt], [g1].[CustomJsonContent], [g1].[DeletedAt], [g1].[Description], [g1].[FileUrl], [g1].[IsDeleted], [g1].[IsFeatured], [g1].[IsPremium], [g1].[Name], [g1].[Slug], [g1].[Status], [g1].[Tags], [g1].[ThumbnailUrl], [g1].[UpdatedAt]
FROM [EmailRetryQueues] AS [e]
INNER JOIN [GreetingTransactions] AS [g] ON [e].[GreetingTransactionId] = [g].[Id]
INNER JOIN (
    SELECT [u].[Id], [u].[CreatedAt], [u].[DeletedAt], [u].[Email], [u].[EmailVerificationToken], [u].[EmailVerificationTokenExpiry], [u].[FailedLoginCount], [u].[FullName], [u].[IsDeleted], [u].[LastLoginAt], [u].[LockReason], [u].[LockoutEndTime], [u].[PasswordHash], [u].[PasswordResetToken], [u].[PasswordResetTokenExpiry], [u].[PasswordResetTokenUsed], [u].[RefreshTokenExpiry], [u].[RefreshTokenHash], [u].[Role], [u].[SocialProvider], [u].[SocialProviderId], [u].[Status], [u].[UpdatedAt]
    FROM [Users] AS [u]
    WHERE [u].[IsDeleted] = CAST(0 AS bit)
) AS [u0] ON [g].[SenderId] = [u0].[Id]
INNER JOIN (
    SELECT [g0].[Id], [g0].[CategoryId], [g0].[CreatedAt], [g0].[CustomJsonContent], [g0].[DeletedAt], [g0].[Description], [g0].[FileUrl], [g0].[IsDeleted], [g0].[IsFeatured], [g0].[IsPremium], [g0].[Name], [g0].[Slug], [g0].[Status], [g0].[Tags], [g0].[ThumbnailUrl], [g0].[UpdatedAt]
    FROM [GreetingCards] AS [g0]
    WHERE [g0].[IsDeleted] = CAST(0 AS bit)
) AS [g1] ON [g].[CardId] = [g1].[Id]
WHERE [e].[Status] = N'PendingRetry' AND [e].[NextRetryAt] <= @__now_0
2026-05-06 23:40:05.381 +07:00 [INF] Executed DbCommand (2ms) [Parameters=[@__now_0='?' (DbType = DateTime2)], CommandType='"Text"', CommandTimeout='30']
SELECT [e].[Id], [e].[CreatedAt], [e].[GreetingTransactionId], [e].[LastError], [e].[NextRetryAt], [e].[RetryCount], [e].[Status], [e].[UpdatedAt], [g].[Id], [g].[CardId], [g].[CreatedAt], [g].[PersonalMessage], [g].[RecipientEmail], [g].[RetryCount], [g].[ScheduledSendAt], [g].[SenderId], [g].[SentAt], [g].[Status], [g].[Subject], [g].[SubscriptionId], [u0].[Id], [u0].[CreatedAt], [u0].[DeletedAt], [u0].[Email], [u0].[EmailVerificationToken], [u0].[EmailVerificationTokenExpiry], [u0].[FailedLoginCount], [u0].[FullName], [u0].[IsDeleted], [u0].[LastLoginAt], [u0].[LockReason], [u0].[LockoutEndTime], [u0].[PasswordHash], [u0].[PasswordResetToken], [u0].[PasswordResetTokenExpiry], [u0].[PasswordResetTokenUsed], [u0].[RefreshTokenExpiry], [u0].[RefreshTokenHash], [u0].[Role], [u0].[SocialProvider], [u0].[SocialProviderId], [u0].[Status], [u0].[UpdatedAt], [g1].[Id], [g1].[CategoryId], [g1].[CreatedAt], [g1].[CustomJsonContent], [g1].[DeletedAt], [g1].[Description], [g1].[FileUrl], [g1].[IsDeleted], [g1].[IsFeatured], [g1].[IsPremium], [g1].[Name], [g1].[Slug], [g1].[Status], [g1].[Tags], [g1].[ThumbnailUrl], [g1].[UpdatedAt]
FROM [EmailRetryQueues] AS [e]
INNER JOIN [GreetingTransactions] AS [g] ON [e].[GreetingTransactionId] = [g].[Id]
INNER JOIN (
    SELECT [u].[Id], [u].[CreatedAt], [u].[DeletedAt], [u].[Email], [u].[EmailVerificationToken], [u].[EmailVerificationTokenExpiry], [u].[FailedLoginCount], [u].[FullName], [u].[IsDeleted], [u].[LastLoginAt], [u].[LockReason], [u].[LockoutEndTime], [u].[PasswordHash], [u].[PasswordResetToken], [u].[PasswordResetTokenExpiry], [u].[PasswordResetTokenUsed], [u].[RefreshTokenExpiry], [u].[RefreshTokenHash], [u].[Role], [u].[SocialProvider], [u].[SocialProviderId], [u].[Status], [u].[UpdatedAt]
    FROM [Users] AS [u]
    WHERE [u].[IsDeleted] = CAST(0 AS bit)
) AS [u0] ON [g].[SenderId] = [u0].[Id]
INNER JOIN (
    SELECT [g0].[Id], [g0].[CategoryId], [g0].[CreatedAt], [g0].[CustomJsonContent], [g0].[DeletedAt], [g0].[Description], [g0].[FileUrl], [g0].[IsDeleted], [g0].[IsFeatured], [g0].[IsPremium], [g0].[Name], [g0].[Slug], [g0].[Status], [g0].[Tags], [g0].[ThumbnailUrl], [g0].[UpdatedAt]
    FROM [GreetingCards] AS [g0]
    WHERE [g0].[IsDeleted] = CAST(0 AS bit)
) AS [g1] ON [g].[CardId] = [g1].[Id]
WHERE [e].[Status] = N'PendingRetry' AND [e].[NextRetryAt] <= @__now_0
2026-05-06 23:45:05.688 +07:00 [INF] Executed DbCommand (1ms) [Parameters=[@__now_0='?' (DbType = DateTime2)], CommandType='"Text"', CommandTimeout='30']
SELECT [e].[Id], [e].[CreatedAt], [e].[GreetingTransactionId], [e].[LastError], [e].[NextRetryAt], [e].[RetryCount], [e].[Status], [e].[UpdatedAt], [g].[Id], [g].[CardId], [g].[CreatedAt], [g].[PersonalMessage], [g].[RecipientEmail], [g].[RetryCount], [g].[ScheduledSendAt], [g].[SenderId], [g].[SentAt], [g].[Status], [g].[Subject], [g].[SubscriptionId], [u0].[Id], [u0].[CreatedAt], [u0].[DeletedAt], [u0].[Email], [u0].[EmailVerificationToken], [u0].[EmailVerificationTokenExpiry], [u0].[FailedLoginCount], [u0].[FullName], [u0].[IsDeleted], [u0].[LastLoginAt], [u0].[LockReason], [u0].[LockoutEndTime], [u0].[PasswordHash], [u0].[PasswordResetToken], [u0].[PasswordResetTokenExpiry], [u0].[PasswordResetTokenUsed], [u0].[RefreshTokenExpiry], [u0].[RefreshTokenHash], [u0].[Role], [u0].[SocialProvider], [u0].[SocialProviderId], [u0].[Status], [u0].[UpdatedAt], [g1].[Id], [g1].[CategoryId], [g1].[CreatedAt], [g1].[CustomJsonContent], [g1].[DeletedAt], [g1].[Description], [g1].[FileUrl], [g1].[IsDeleted], [g1].[IsFeatured], [g1].[IsPremium], [g1].[Name], [g1].[Slug], [g1].[Status], [g1].[Tags], [g1].[ThumbnailUrl], [g1].[UpdatedAt]
FROM [EmailRetryQueues] AS [e]
INNER JOIN [GreetingTransactions] AS [g] ON [e].[GreetingTransactionId] = [g].[Id]
INNER JOIN (
    SELECT [u].[Id], [u].[CreatedAt], [u].[DeletedAt], [u].[Email], [u].[EmailVerificationToken], [u].[EmailVerificationTokenExpiry], [u].[FailedLoginCount], [u].[FullName], [u].[IsDeleted], [u].[LastLoginAt], [u].[LockReason], [u].[LockoutEndTime], [u].[PasswordHash], [u].[PasswordResetToken], [u].[PasswordResetTokenExpiry], [u].[PasswordResetTokenUsed], [u].[RefreshTokenExpiry], [u].[RefreshTokenHash], [u].[Role], [u].[SocialProvider], [u].[SocialProviderId], [u].[Status], [u].[UpdatedAt]
    FROM [Users] AS [u]
    WHERE [u].[IsDeleted] = CAST(0 AS bit)
) AS [u0] ON [g].[SenderId] = [u0].[Id]
INNER JOIN (
    SELECT [g0].[Id], [g0].[CategoryId], [g0].[CreatedAt], [g0].[CustomJsonContent], [g0].[DeletedAt], [g0].[Description], [g0].[FileUrl], [g0].[IsDeleted], [g0].[IsFeatured], [g0].[IsPremium], [g0].[Name], [g0].[Slug], [g0].[Status], [g0].[Tags], [g0].[ThumbnailUrl], [g0].[UpdatedAt]
    FROM [GreetingCards] AS [g0]
    WHERE [g0].[IsDeleted] = CAST(0 AS bit)
) AS [g1] ON [g].[CardId] = [g1].[Id]
WHERE [e].[Status] = N'PendingRetry' AND [e].[NextRetryAt] <= @__now_0
2026-05-06 23:50:06.104 +07:00 [INF] Executed DbCommand (3ms) [Parameters=[@__now_0='?' (DbType = DateTime2)], CommandType='"Text"', CommandTimeout='30']
SELECT [e].[Id], [e].[CreatedAt], [e].[GreetingTransactionId], [e].[LastError], [e].[NextRetryAt], [e].[RetryCount], [e].[Status], [e].[UpdatedAt], [g].[Id], [g].[CardId], [g].[CreatedAt], [g].[PersonalMessage], [g].[RecipientEmail], [g].[RetryCount], [g].[ScheduledSendAt], [g].[SenderId], [g].[SentAt], [g].[Status], [g].[Subject], [g].[SubscriptionId], [u0].[Id], [u0].[CreatedAt], [u0].[DeletedAt], [u0].[Email], [u0].[EmailVerificationToken], [u0].[EmailVerificationTokenExpiry], [u0].[FailedLoginCount], [u0].[FullName], [u0].[IsDeleted], [u0].[LastLoginAt], [u0].[LockReason], [u0].[LockoutEndTime], [u0].[PasswordHash], [u0].[PasswordResetToken], [u0].[PasswordResetTokenExpiry], [u0].[PasswordResetTokenUsed], [u0].[RefreshTokenExpiry], [u0].[RefreshTokenHash], [u0].[Role], [u0].[SocialProvider], [u0].[SocialProviderId], [u0].[Status], [u0].[UpdatedAt], [g1].[Id], [g1].[CategoryId], [g1].[CreatedAt], [g1].[CustomJsonContent], [g1].[DeletedAt], [g1].[Description], [g1].[FileUrl], [g1].[IsDeleted], [g1].[IsFeatured], [g1].[IsPremium], [g1].[Name], [g1].[Slug], [g1].[Status], [g1].[Tags], [g1].[ThumbnailUrl], [g1].[UpdatedAt]
FROM [EmailRetryQueues] AS [e]
INNER JOIN [GreetingTransactions] AS [g] ON [e].[GreetingTransactionId] = [g].[Id]
INNER JOIN (
    SELECT [u].[Id], [u].[CreatedAt], [u].[DeletedAt], [u].[Email], [u].[EmailVerificationToken], [u].[EmailVerificationTokenExpiry], [u].[FailedLoginCount], [u].[FullName], [u].[IsDeleted], [u].[LastLoginAt], [u].[LockReason], [u].[LockoutEndTime], [u].[PasswordHash], [u].[PasswordResetToken], [u].[PasswordResetTokenExpiry], [u].[PasswordResetTokenUsed], [u].[RefreshTokenExpiry], [u].[RefreshTokenHash], [u].[Role], [u].[SocialProvider], [u].[SocialProviderId], [u].[Status], [u].[UpdatedAt]
    FROM [Users] AS [u]
    WHERE [u].[IsDeleted] = CAST(0 AS bit)
) AS [u0] ON [g].[SenderId] = [u0].[Id]
INNER JOIN (
    SELECT [g0].[Id], [g0].[CategoryId], [g0].[CreatedAt], [g0].[CustomJsonContent], [g0].[DeletedAt], [g0].[Description], [g0].[FileUrl], [g0].[IsDeleted], [g0].[IsFeatured], [g0].[IsPremium], [g0].[Name], [g0].[Slug], [g0].[Status], [g0].[Tags], [g0].[ThumbnailUrl], [g0].[UpdatedAt]
    FROM [GreetingCards] AS [g0]
    WHERE [g0].[IsDeleted] = CAST(0 AS bit)
) AS [g1] ON [g].[CardId] = [g1].[Id]
WHERE [e].[Status] = N'PendingRetry' AND [e].[NextRetryAt] <= @__now_0
2026-05-06 23:55:06.407 +07:00 [INF] Executed DbCommand (2ms) [Parameters=[@__now_0='?' (DbType = DateTime2)], CommandType='"Text"', CommandTimeout='30']
SELECT [e].[Id], [e].[CreatedAt], [e].[GreetingTransactionId], [e].[LastError], [e].[NextRetryAt], [e].[RetryCount], [e].[Status], [e].[UpdatedAt], [g].[Id], [g].[CardId], [g].[CreatedAt], [g].[PersonalMessage], [g].[RecipientEmail], [g].[RetryCount], [g].[ScheduledSendAt], [g].[SenderId], [g].[SentAt], [g].[Status], [g].[Subject], [g].[SubscriptionId], [u0].[Id], [u0].[CreatedAt], [u0].[DeletedAt], [u0].[Email], [u0].[EmailVerificationToken], [u0].[EmailVerificationTokenExpiry], [u0].[FailedLoginCount], [u0].[FullName], [u0].[IsDeleted], [u0].[LastLoginAt], [u0].[LockReason], [u0].[LockoutEndTime], [u0].[PasswordHash], [u0].[PasswordResetToken], [u0].[PasswordResetTokenExpiry], [u0].[PasswordResetTokenUsed], [u0].[RefreshTokenExpiry], [u0].[RefreshTokenHash], [u0].[Role], [u0].[SocialProvider], [u0].[SocialProviderId], [u0].[Status], [u0].[UpdatedAt], [g1].[Id], [g1].[CategoryId], [g1].[CreatedAt], [g1].[CustomJsonContent], [g1].[DeletedAt], [g1].[Description], [g1].[FileUrl], [g1].[IsDeleted], [g1].[IsFeatured], [g1].[IsPremium], [g1].[Name], [g1].[Slug], [g1].[Status], [g1].[Tags], [g1].[ThumbnailUrl], [g1].[UpdatedAt]
FROM [EmailRetryQueues] AS [e]
INNER JOIN [GreetingTransactions] AS [g] ON [e].[GreetingTransactionId] = [g].[Id]
INNER JOIN (
    SELECT [u].[Id], [u].[CreatedAt], [u].[DeletedAt], [u].[Email], [u].[EmailVerificationToken], [u].[EmailVerificationTokenExpiry], [u].[FailedLoginCount], [u].[FullName], [u].[IsDeleted], [u].[LastLoginAt], [u].[LockReason], [u].[LockoutEndTime], [u].[PasswordHash], [u].[PasswordResetToken], [u].[PasswordResetTokenExpiry], [u].[PasswordResetTokenUsed], [u].[RefreshTokenExpiry], [u].[RefreshTokenHash], [u].[Role], [u].[SocialProvider], [u].[SocialProviderId], [u].[Status], [u].[UpdatedAt]
    FROM [Users] AS [u]
    WHERE [u].[IsDeleted] = CAST(0 AS bit)
) AS [u0] ON [g].[SenderId] = [u0].[Id]
INNER JOIN (
    SELECT [g0].[Id], [g0].[CategoryId], [g0].[CreatedAt], [g0].[CustomJsonContent], [g0].[DeletedAt], [g0].[Description], [g0].[FileUrl], [g0].[IsDeleted], [g0].[IsFeatured], [g0].[IsPremium], [g0].[Name], [g0].[Slug], [g0].[Status], [g0].[Tags], [g0].[ThumbnailUrl], [g0].[UpdatedAt]
    FROM [GreetingCards] AS [g0]
    WHERE [g0].[IsDeleted] = CAST(0 AS bit)
) AS [g1] ON [g].[CardId] = [g1].[Id]
WHERE [e].[Status] = N'PendingRetry' AND [e].[NextRetryAt] <= @__now_0
