2026-05-07 00:00:06.725 +07:00 [INF] Executed DbCommand (3ms) [Parameters=[@__now_0='?' (DbType = DateTime2)], CommandType='"Text"', CommandTimeout='30']
SELECT [e].[Id], [e].[CreatedAt], [e].[GreetingTransactionId], [e].[LastError], [e].[NextRetryAt], [e].[RetryCount], [e].[Status], [e].[UpdatedAt], [g].[Id], [g].[CardId], [g].[CreatedAt], [g].[PersonalMessage], [g].[RecipientEmail], [g].[RetryCount], [g].[ScheduledSendAt], [g].[SenderId], [g].[SentAt], [g].[Status], [g].[Subject], [g].[SubscriptionId], [u0].[Id], [u0].[CreatedAt], [u0].[DeletedAt], [u0].[Email], [u0].[EmailVerificationToken], [u0].[EmailVerificationTokenExpiry], [u0].[FailedLoginCount], [u0].[FullName], [u0].[IsDeleted], [u0].[LastLoginAt], [u0].[LockReason], [u0].[LockoutEndTime], [u0].[PasswordHash], [u0].[PasswordResetToken], [u0].[PasswordResetTokenExpiry], [u0].[PasswordResetTokenUsed], [u0].[RefreshTokenExpiry], [u0].[RefreshTokenHash], [u0].[Role], [u0].[SocialProvider], [u0].[SocialProviderId], [u0].[Status], [u0].[UpdatedAt], [g1].[Id], [g1].[CategoryId], [g1].[CreatedAt], [g1].[CustomJsonContent], [g1].[DeletedAt], [g1].[Description], [g1].[FileUrl], [g1].[IsDeleted], [g1].[IsFeatured], [g1].[IsPremium], [g1].[Name], [g1].[Slug], [g1].[Status], [g1].[Tags], [g1].[ThumbnailUrl], [g1].[UpdatedAt]
FROM [EmailRetryQueues] AS [e]
INNER JOIN [GreetingTransactions] AS [g] ON [e].[GreetingTransactionId] = [g].[Id]
INNER JOIN (
    SELECT [u].[Id], [u].[CreatedAt], [u].[DeletedAt], [u].[Email], [u].[EmailVerificationToken], [u].[EmailVerificationTokenExpiry], [u].[FailedLoginCount], [u].[FullName], [u].[IsDeleted], [u].[LastLoginAt], [u].[LockReason], [u].[LockoutEndTime], [u].[PasswordHash], [u].[PasswordResetToken], [u].[PasswordResetTokenExpiry], [u].[PasswordResetTokenUsed], [u].[RefreshTokenExpiry], [u].[RefreshTokenHash], [u].[Role], [u].[SocialProvider], [u].[SocialProviderId], [u].[Status], [u].[UpdatedAt]
    FROM [Users] AS [u]
    WHERE [u].[IsDeleted] = CAST(0 AS bit)
) AS [u0] ON [g].[SenderId] = [u0].[Id]
INNER JOIN (
    SELECT [g0].[Id], [g0].[CategoryId], [g0].[CreatedAt], [g0].[CustomJsonContent], [g0].[DeletedAt], [g0].[Description], [g0].[FileUrl], [g0].[IsDeleted], [g0].[IsFeatured], [g0].[IsPremium], [g0].[Name], [g0].[Slug], [g0].[Status], [g0].[Tags], [g0].[ThumbnailUrl], [g0].[UpdatedAt]
    FROM [GreetingCards] AS [g0]
    WHERE [g0].[IsDeleted] = CAST(0 AS bit)
) AS [g1] ON [g].[CardId] = [g1].[Id]
WHERE [e].[Status] = N'PendingRetry' AND [e].[NextRetryAt] <= @__now_0
2026-05-07 00:05:07.163 +07:00 [INF] Executed DbCommand (3ms) [Parameters=[@__now_0='?' (DbType = DateTime2)], CommandType='"Text"', CommandTimeout='30']
SELECT [e].[Id], [e].[CreatedAt], [e].[GreetingTransactionId], [e].[LastError], [e].[NextRetryAt], [e].[RetryCount], [e].[Status], [e].[UpdatedAt], [g].[Id], [g].[CardId], [g].[CreatedAt], [g].[PersonalMessage], [g].[RecipientEmail], [g].[RetryCount], [g].[ScheduledSendAt], [g].[SenderId], [g].[SentAt], [g].[Status], [g].[Subject], [g].[SubscriptionId], [u0].[Id], [u0].[CreatedAt], [u0].[DeletedAt], [u0].[Email], [u0].[EmailVerificationToken], [u0].[EmailVerificationTokenExpiry], [u0].[FailedLoginCount], [u0].[FullName], [u0].[IsDeleted], [u0].[LastLoginAt], [u0].[LockReason], [u0].[LockoutEndTime], [u0].[PasswordHash], [u0].[PasswordResetToken], [u0].[PasswordResetTokenExpiry], [u0].[PasswordResetTokenUsed], [u0].[RefreshTokenExpiry], [u0].[RefreshTokenHash], [u0].[Role], [u0].[SocialProvider], [u0].[SocialProviderId], [u0].[Status], [u0].[UpdatedAt], [g1].[Id], [g1].[CategoryId], [g1].[CreatedAt], [g1].[CustomJsonContent], [g1].[DeletedAt], [g1].[Description], [g1].[FileUrl], [g1].[IsDeleted], [g1].[IsFeatured], [g1].[IsPremium], [g1].[Name], [g1].[Slug], [g1].[Status], [g1].[Tags], [g1].[ThumbnailUrl], [g1].[UpdatedAt]
FROM [EmailRetryQueues] AS [e]
INNER JOIN [GreetingTransactions] AS [g] ON [e].[GreetingTransactionId] = [g].[Id]
INNER JOIN (
    SELECT [u].[Id], [u].[CreatedAt], [u].[DeletedAt], [u].[Email], [u].[EmailVerificationToken], [u].[EmailVerificationTokenExpiry], [u].[FailedLoginCount], [u].[FullName], [u].[IsDeleted], [u].[LastLoginAt], [u].[LockReason], [u].[LockoutEndTime], [u].[PasswordHash], [u].[PasswordResetToken], [u].[PasswordResetTokenExpiry], [u].[PasswordResetTokenUsed], [u].[RefreshTokenExpiry], [u].[RefreshTokenHash], [u].[Role], [u].[SocialProvider], [u].[SocialProviderId], [u].[Status], [u].[UpdatedAt]
    FROM [Users] AS [u]
    WHERE [u].[IsDeleted] = CAST(0 AS bit)
) AS [u0] ON [g].[SenderId] = [u0].[Id]
INNER JOIN (
    SELECT [g0].[Id], [g0].[CategoryId], [g0].[CreatedAt], [g0].[CustomJsonContent], [g0].[DeletedAt], [g0].[Description], [g0].[FileUrl], [g0].[IsDeleted], [g0].[IsFeatured], [g0].[IsPremium], [g0].[Name], [g0].[Slug], [g0].[Status], [g0].[Tags], [g0].[ThumbnailUrl], [g0].[UpdatedAt]
    FROM [GreetingCards] AS [g0]
    WHERE [g0].[IsDeleted] = CAST(0 AS bit)
) AS [g1] ON [g].[CardId] = [g1].[Id]
WHERE [e].[Status] = N'PendingRetry' AND [e].[NextRetryAt] <= @__now_0
2026-05-07 00:10:07.519 +07:00 [INF] Executed DbCommand (3ms) [Parameters=[@__now_0='?' (DbType = DateTime2)], CommandType='"Text"', CommandTimeout='30']
SELECT [e].[Id], [e].[CreatedAt], [e].[GreetingTransactionId], [e].[LastError], [e].[NextRetryAt], [e].[RetryCount], [e].[Status], [e].[UpdatedAt], [g].[Id], [g].[CardId], [g].[CreatedAt], [g].[PersonalMessage], [g].[RecipientEmail], [g].[RetryCount], [g].[ScheduledSendAt], [g].[SenderId], [g].[SentAt], [g].[Status], [g].[Subject], [g].[SubscriptionId], [u0].[Id], [u0].[CreatedAt], [u0].[DeletedAt], [u0].[Email], [u0].[EmailVerificationToken], [u0].[EmailVerificationTokenExpiry], [u0].[FailedLoginCount], [u0].[FullName], [u0].[IsDeleted], [u0].[LastLoginAt], [u0].[LockReason], [u0].[LockoutEndTime], [u0].[PasswordHash], [u0].[PasswordResetToken], [u0].[PasswordResetTokenExpiry], [u0].[PasswordResetTokenUsed], [u0].[RefreshTokenExpiry], [u0].[RefreshTokenHash], [u0].[Role], [u0].[SocialProvider], [u0].[SocialProviderId], [u0].[Status], [u0].[UpdatedAt], [g1].[Id], [g1].[CategoryId], [g1].[CreatedAt], [g1].[CustomJsonContent], [g1].[DeletedAt], [g1].[Description], [g1].[FileUrl], [g1].[IsDeleted], [g1].[IsFeatured], [g1].[IsPremium], [g1].[Name], [g1].[Slug], [g1].[Status], [g1].[Tags], [g1].[ThumbnailUrl], [g1].[UpdatedAt]
FROM [EmailRetryQueues] AS [e]
INNER JOIN [GreetingTransactions] AS [g] ON [e].[GreetingTransactionId] = [g].[Id]
INNER JOIN (
    SELECT [u].[Id], [u].[CreatedAt], [u].[DeletedAt], [u].[Email], [u].[EmailVerificationToken], [u].[EmailVerificationTokenExpiry], [u].[FailedLoginCount], [u].[FullName], [u].[IsDeleted], [u].[LastLoginAt], [u].[LockReason], [u].[LockoutEndTime], [u].[PasswordHash], [u].[PasswordResetToken], [u].[PasswordResetTokenExpiry], [u].[PasswordResetTokenUsed], [u].[RefreshTokenExpiry], [u].[RefreshTokenHash], [u].[Role], [u].[SocialProvider], [u].[SocialProviderId], [u].[Status], [u].[UpdatedAt]
    FROM [Users] AS [u]
    WHERE [u].[IsDeleted] = CAST(0 AS bit)
) AS [u0] ON [g].[SenderId] = [u0].[Id]
INNER JOIN (
    SELECT [g0].[Id], [g0].[CategoryId], [g0].[CreatedAt], [g0].[CustomJsonContent], [g0].[DeletedAt], [g0].[Description], [g0].[FileUrl], [g0].[IsDeleted], [g0].[IsFeatured], [g0].[IsPremium], [g0].[Name], [g0].[Slug], [g0].[Status], [g0].[Tags], [g0].[ThumbnailUrl], [g0].[UpdatedAt]
    FROM [GreetingCards] AS [g0]
    WHERE [g0].[IsDeleted] = CAST(0 AS bit)
) AS [g1] ON [g].[CardId] = [g1].[Id]
WHERE [e].[Status] = N'PendingRetry' AND [e].[NextRetryAt] <= @__now_0
2026-05-07 00:15:07.929 +07:00 [INF] Executed DbCommand (3ms) [Parameters=[@__now_0='?' (DbType = DateTime2)], CommandType='"Text"', CommandTimeout='30']
SELECT [e].[Id], [e].[CreatedAt], [e].[GreetingTransactionId], [e].[LastError], [e].[NextRetryAt], [e].[RetryCount], [e].[Status], [e].[UpdatedAt], [g].[Id], [g].[CardId], [g].[CreatedAt], [g].[PersonalMessage], [g].[RecipientEmail], [g].[RetryCount], [g].[ScheduledSendAt], [g].[SenderId], [g].[SentAt], [g].[Status], [g].[Subject], [g].[SubscriptionId], [u0].[Id], [u0].[CreatedAt], [u0].[DeletedAt], [u0].[Email], [u0].[EmailVerificationToken], [u0].[EmailVerificationTokenExpiry], [u0].[FailedLoginCount], [u0].[FullName], [u0].[IsDeleted], [u0].[LastLoginAt], [u0].[LockReason], [u0].[LockoutEndTime], [u0].[PasswordHash], [u0].[PasswordResetToken], [u0].[PasswordResetTokenExpiry], [u0].[PasswordResetTokenUsed], [u0].[RefreshTokenExpiry], [u0].[RefreshTokenHash], [u0].[Role], [u0].[SocialProvider], [u0].[SocialProviderId], [u0].[Status], [u0].[UpdatedAt], [g1].[Id], [g1].[CategoryId], [g1].[CreatedAt], [g1].[CustomJsonContent], [g1].[DeletedAt], [g1].[Description], [g1].[FileUrl], [g1].[IsDeleted], [g1].[IsFeatured], [g1].[IsPremium], [g1].[Name], [g1].[Slug], [g1].[Status], [g1].[Tags], [g1].[ThumbnailUrl], [g1].[UpdatedAt]
FROM [EmailRetryQueues] AS [e]
INNER JOIN [GreetingTransactions] AS [g] ON [e].[GreetingTransactionId] = [g].[Id]
INNER JOIN (
    SELECT [u].[Id], [u].[CreatedAt], [u].[DeletedAt], [u].[Email], [u].[EmailVerificationToken], [u].[EmailVerificationTokenExpiry], [u].[FailedLoginCount], [u].[FullName], [u].[IsDeleted], [u].[LastLoginAt], [u].[LockReason], [u].[LockoutEndTime], [u].[PasswordHash], [u].[PasswordResetToken], [u].[PasswordResetTokenExpiry], [u].[PasswordResetTokenUsed], [u].[RefreshTokenExpiry], [u].[RefreshTokenHash], [u].[Role], [u].[SocialProvider], [u].[SocialProviderId], [u].[Status], [u].[UpdatedAt]
    FROM [Users] AS [u]
    WHERE [u].[IsDeleted] = CAST(0 AS bit)
) AS [u0] ON [g].[SenderId] = [u0].[Id]
INNER JOIN (
    SELECT [g0].[Id], [g0].[CategoryId], [g0].[CreatedAt], [g0].[CustomJsonContent], [g0].[DeletedAt], [g0].[Description], [g0].[FileUrl], [g0].[IsDeleted], [g0].[IsFeatured], [g0].[IsPremium], [g0].[Name], [g0].[Slug], [g0].[Status], [g0].[Tags], [g0].[ThumbnailUrl], [g0].[UpdatedAt]
    FROM [GreetingCards] AS [g0]
    WHERE [g0].[IsDeleted] = CAST(0 AS bit)
) AS [g1] ON [g].[CardId] = [g1].[Id]
WHERE [e].[Status] = N'PendingRetry' AND [e].[NextRetryAt] <= @__now_0
2026-05-07 00:20:08.323 +07:00 [INF] Executed DbCommand (4ms) [Parameters=[@__now_0='?' (DbType = DateTime2)], CommandType='"Text"', CommandTimeout='30']
SELECT [e].[Id], [e].[CreatedAt], [e].[GreetingTransactionId], [e].[LastError], [e].[NextRetryAt], [e].[RetryCount], [e].[Status], [e].[UpdatedAt], [g].[Id], [g].[CardId], [g].[CreatedAt], [g].[PersonalMessage], [g].[RecipientEmail], [g].[RetryCount], [g].[ScheduledSendAt], [g].[SenderId], [g].[SentAt], [g].[Status], [g].[Subject], [g].[SubscriptionId], [u0].[Id], [u0].[CreatedAt], [u0].[DeletedAt], [u0].[Email], [u0].[EmailVerificationToken], [u0].[EmailVerificationTokenExpiry], [u0].[FailedLoginCount], [u0].[FullName], [u0].[IsDeleted], [u0].[LastLoginAt], [u0].[LockReason], [u0].[LockoutEndTime], [u0].[PasswordHash], [u0].[PasswordResetToken], [u0].[PasswordResetTokenExpiry], [u0].[PasswordResetTokenUsed], [u0].[RefreshTokenExpiry], [u0].[RefreshTokenHash], [u0].[Role], [u0].[SocialProvider], [u0].[SocialProviderId], [u0].[Status], [u0].[UpdatedAt], [g1].[Id], [g1].[CategoryId], [g1].[CreatedAt], [g1].[CustomJsonContent], [g1].[DeletedAt], [g1].[Description], [g1].[FileUrl], [g1].[IsDeleted], [g1].[IsFeatured], [g1].[IsPremium], [g1].[Name], [g1].[Slug], [g1].[Status], [g1].[Tags], [g1].[ThumbnailUrl], [g1].[UpdatedAt]
FROM [EmailRetryQueues] AS [e]
INNER JOIN [GreetingTransactions] AS [g] ON [e].[GreetingTransactionId] = [g].[Id]
INNER JOIN (
    SELECT [u].[Id], [u].[CreatedAt], [u].[DeletedAt], [u].[Email], [u].[EmailVerificationToken], [u].[EmailVerificationTokenExpiry], [u].[FailedLoginCount], [u].[FullName], [u].[IsDeleted], [u].[LastLoginAt], [u].[LockReason], [u].[LockoutEndTime], [u].[PasswordHash], [u].[PasswordResetToken], [u].[PasswordResetTokenExpiry], [u].[PasswordResetTokenUsed], [u].[RefreshTokenExpiry], [u].[RefreshTokenHash], [u].[Role], [u].[SocialProvider], [u].[SocialProviderId], [u].[Status], [u].[UpdatedAt]
    FROM [Users] AS [u]
    WHERE [u].[IsDeleted] = CAST(0 AS bit)
) AS [u0] ON [g].[SenderId] = [u0].[Id]
INNER JOIN (
    SELECT [g0].[Id], [g0].[CategoryId], [g0].[CreatedAt], [g0].[CustomJsonContent], [g0].[DeletedAt], [g0].[Description], [g0].[FileUrl], [g0].[IsDeleted], [g0].[IsFeatured], [g0].[IsPremium], [g0].[Name], [g0].[Slug], [g0].[Status], [g0].[Tags], [g0].[ThumbnailUrl], [g0].[UpdatedAt]
    FROM [GreetingCards] AS [g0]
    WHERE [g0].[IsDeleted] = CAST(0 AS bit)
) AS [g1] ON [g].[CardId] = [g1].[Id]
WHERE [e].[Status] = N'PendingRetry' AND [e].[NextRetryAt] <= @__now_0
2026-05-07 00:25:08.779 +07:00 [INF] Executed DbCommand (2ms) [Parameters=[@__now_0='?' (DbType = DateTime2)], CommandType='"Text"', CommandTimeout='30']
SELECT [e].[Id], [e].[CreatedAt], [e].[GreetingTransactionId], [e].[LastError], [e].[NextRetryAt], [e].[RetryCount], [e].[Status], [e].[UpdatedAt], [g].[Id], [g].[CardId], [g].[CreatedAt], [g].[PersonalMessage], [g].[RecipientEmail], [g].[RetryCount], [g].[ScheduledSendAt], [g].[SenderId], [g].[SentAt], [g].[Status], [g].[Subject], [g].[SubscriptionId], [u0].[Id], [u0].[CreatedAt], [u0].[DeletedAt], [u0].[Email], [u0].[EmailVerificationToken], [u0].[EmailVerificationTokenExpiry], [u0].[FailedLoginCount], [u0].[FullName], [u0].[IsDeleted], [u0].[LastLoginAt], [u0].[LockReason], [u0].[LockoutEndTime], [u0].[PasswordHash], [u0].[PasswordResetToken], [u0].[PasswordResetTokenExpiry], [u0].[PasswordResetTokenUsed], [u0].[RefreshTokenExpiry], [u0].[RefreshTokenHash], [u0].[Role], [u0].[SocialProvider], [u0].[SocialProviderId], [u0].[Status], [u0].[UpdatedAt], [g1].[Id], [g1].[CategoryId], [g1].[CreatedAt], [g1].[CustomJsonContent], [g1].[DeletedAt], [g1].[Description], [g1].[FileUrl], [g1].[IsDeleted], [g1].[IsFeatured], [g1].[IsPremium], [g1].[Name], [g1].[Slug], [g1].[Status], [g1].[Tags], [g1].[ThumbnailUrl], [g1].[UpdatedAt]
FROM [EmailRetryQueues] AS [e]
INNER JOIN [GreetingTransactions] AS [g] ON [e].[GreetingTransactionId] = [g].[Id]
INNER JOIN (
    SELECT [u].[Id], [u].[CreatedAt], [u].[DeletedAt], [u].[Email], [u].[EmailVerificationToken], [u].[EmailVerificationTokenExpiry], [u].[FailedLoginCount], [u].[FullName], [u].[IsDeleted], [u].[LastLoginAt], [u].[LockReason], [u].[LockoutEndTime], [u].[PasswordHash], [u].[PasswordResetToken], [u].[PasswordResetTokenExpiry], [u].[PasswordResetTokenUsed], [u].[RefreshTokenExpiry], [u].[RefreshTokenHash], [u].[Role], [u].[SocialProvider], [u].[SocialProviderId], [u].[Status], [u].[UpdatedAt]
    FROM [Users] AS [u]
    WHERE [u].[IsDeleted] = CAST(0 AS bit)
) AS [u0] ON [g].[SenderId] = [u0].[Id]
INNER JOIN (
    SELECT [g0].[Id], [g0].[CategoryId], [g0].[CreatedAt], [g0].[CustomJsonContent], [g0].[DeletedAt], [g0].[Description], [g0].[FileUrl], [g0].[IsDeleted], [g0].[IsFeatured], [g0].[IsPremium], [g0].[Name], [g0].[Slug], [g0].[Status], [g0].[Tags], [g0].[ThumbnailUrl], [g0].[UpdatedAt]
    FROM [GreetingCards] AS [g0]
    WHERE [g0].[IsDeleted] = CAST(0 AS bit)
) AS [g1] ON [g].[CardId] = [g1].[Id]
WHERE [e].[Status] = N'PendingRetry' AND [e].[NextRetryAt] <= @__now_0
2026-05-07 00:30:09.208 +07:00 [INF] Executed DbCommand (3ms) [Parameters=[@__now_0='?' (DbType = DateTime2)], CommandType='"Text"', CommandTimeout='30']
SELECT [e].[Id], [e].[CreatedAt], [e].[GreetingTransactionId], [e].[LastError], [e].[NextRetryAt], [e].[RetryCount], [e].[Status], [e].[UpdatedAt], [g].[Id], [g].[CardId], [g].[CreatedAt], [g].[PersonalMessage], [g].[RecipientEmail], [g].[RetryCount], [g].[ScheduledSendAt], [g].[SenderId], [g].[SentAt], [g].[Status], [g].[Subject], [g].[SubscriptionId], [u0].[Id], [u0].[CreatedAt], [u0].[DeletedAt], [u0].[Email], [u0].[EmailVerificationToken], [u0].[EmailVerificationTokenExpiry], [u0].[FailedLoginCount], [u0].[FullName], [u0].[IsDeleted], [u0].[LastLoginAt], [u0].[LockReason], [u0].[LockoutEndTime], [u0].[PasswordHash], [u0].[PasswordResetToken], [u0].[PasswordResetTokenExpiry], [u0].[PasswordResetTokenUsed], [u0].[RefreshTokenExpiry], [u0].[RefreshTokenHash], [u0].[Role], [u0].[SocialProvider], [u0].[SocialProviderId], [u0].[Status], [u0].[UpdatedAt], [g1].[Id], [g1].[CategoryId], [g1].[CreatedAt], [g1].[CustomJsonContent], [g1].[DeletedAt], [g1].[Description], [g1].[FileUrl], [g1].[IsDeleted], [g1].[IsFeatured], [g1].[IsPremium], [g1].[Name], [g1].[Slug], [g1].[Status], [g1].[Tags], [g1].[ThumbnailUrl], [g1].[UpdatedAt]
FROM [EmailRetryQueues] AS [e]
INNER JOIN [GreetingTransactions] AS [g] ON [e].[GreetingTransactionId] = [g].[Id]
INNER JOIN (
    SELECT [u].[Id], [u].[CreatedAt], [u].[DeletedAt], [u].[Email], [u].[EmailVerificationToken], [u].[EmailVerificationTokenExpiry], [u].[FailedLoginCount], [u].[FullName], [u].[IsDeleted], [u].[LastLoginAt], [u].[LockReason], [u].[LockoutEndTime], [u].[PasswordHash], [u].[PasswordResetToken], [u].[PasswordResetTokenExpiry], [u].[PasswordResetTokenUsed], [u].[RefreshTokenExpiry], [u].[RefreshTokenHash], [u].[Role], [u].[SocialProvider], [u].[SocialProviderId], [u].[Status], [u].[UpdatedAt]
    FROM [Users] AS [u]
    WHERE [u].[IsDeleted] = CAST(0 AS bit)
) AS [u0] ON [g].[SenderId] = [u0].[Id]
INNER JOIN (
    SELECT [g0].[Id], [g0].[CategoryId], [g0].[CreatedAt], [g0].[CustomJsonContent], [g0].[DeletedAt], [g0].[Description], [g0].[FileUrl], [g0].[IsDeleted], [g0].[IsFeatured], [g0].[IsPremium], [g0].[Name], [g0].[Slug], [g0].[Status], [g0].[Tags], [g0].[ThumbnailUrl], [g0].[UpdatedAt]
    FROM [GreetingCards] AS [g0]
    WHERE [g0].[IsDeleted] = CAST(0 AS bit)
) AS [g1] ON [g].[CardId] = [g1].[Id]
WHERE [e].[Status] = N'PendingRetry' AND [e].[NextRetryAt] <= @__now_0
2026-05-07 00:35:09.581 +07:00 [INF] Executed DbCommand (3ms) [Parameters=[@__now_0='?' (DbType = DateTime2)], CommandType='"Text"', CommandTimeout='30']
SELECT [e].[Id], [e].[CreatedAt], [e].[GreetingTransactionId], [e].[LastError], [e].[NextRetryAt], [e].[RetryCount], [e].[Status], [e].[UpdatedAt], [g].[Id], [g].[CardId], [g].[CreatedAt], [g].[PersonalMessage], [g].[RecipientEmail], [g].[RetryCount], [g].[ScheduledSendAt], [g].[SenderId], [g].[SentAt], [g].[Status], [g].[Subject], [g].[SubscriptionId], [u0].[Id], [u0].[CreatedAt], [u0].[DeletedAt], [u0].[Email], [u0].[EmailVerificationToken], [u0].[EmailVerificationTokenExpiry], [u0].[FailedLoginCount], [u0].[FullName], [u0].[IsDeleted], [u0].[LastLoginAt], [u0].[LockReason], [u0].[LockoutEndTime], [u0].[PasswordHash], [u0].[PasswordResetToken], [u0].[PasswordResetTokenExpiry], [u0].[PasswordResetTokenUsed], [u0].[RefreshTokenExpiry], [u0].[RefreshTokenHash], [u0].[Role], [u0].[SocialProvider], [u0].[SocialProviderId], [u0].[Status], [u0].[UpdatedAt], [g1].[Id], [g1].[CategoryId], [g1].[CreatedAt], [g1].[CustomJsonContent], [g1].[DeletedAt], [g1].[Description], [g1].[FileUrl], [g1].[IsDeleted], [g1].[IsFeatured], [g1].[IsPremium], [g1].[Name], [g1].[Slug], [g1].[Status], [g1].[Tags], [g1].[ThumbnailUrl], [g1].[UpdatedAt]
FROM [EmailRetryQueues] AS [e]
INNER JOIN [GreetingTransactions] AS [g] ON [e].[GreetingTransactionId] = [g].[Id]
INNER JOIN (
    SELECT [u].[Id], [u].[CreatedAt], [u].[DeletedAt], [u].[Email], [u].[EmailVerificationToken], [u].[EmailVerificationTokenExpiry], [u].[FailedLoginCount], [u].[FullName], [u].[IsDeleted], [u].[LastLoginAt], [u].[LockReason], [u].[LockoutEndTime], [u].[PasswordHash], [u].[PasswordResetToken], [u].[PasswordResetTokenExpiry], [u].[PasswordResetTokenUsed], [u].[RefreshTokenExpiry], [u].[RefreshTokenHash], [u].[Role], [u].[SocialProvider], [u].[SocialProviderId], [u].[Status], [u].[UpdatedAt]
    FROM [Users] AS [u]
    WHERE [u].[IsDeleted] = CAST(0 AS bit)
) AS [u0] ON [g].[SenderId] = [u0].[Id]
INNER JOIN (
    SELECT [g0].[Id], [g0].[CategoryId], [g0].[CreatedAt], [g0].[CustomJsonContent], [g0].[DeletedAt], [g0].[Description], [g0].[FileUrl], [g0].[IsDeleted], [g0].[IsFeatured], [g0].[IsPremium], [g0].[Name], [g0].[Slug], [g0].[Status], [g0].[Tags], [g0].[ThumbnailUrl], [g0].[UpdatedAt]
    FROM [GreetingCards] AS [g0]
    WHERE [g0].[IsDeleted] = CAST(0 AS bit)
) AS [g1] ON [g].[CardId] = [g1].[Id]
WHERE [e].[Status] = N'PendingRetry' AND [e].[NextRetryAt] <= @__now_0
2026-05-07 00:40:09.949 +07:00 [INF] Executed DbCommand (2ms) [Parameters=[@__now_0='?' (DbType = DateTime2)], CommandType='"Text"', CommandTimeout='30']
SELECT [e].[Id], [e].[CreatedAt], [e].[GreetingTransactionId], [e].[LastError], [e].[NextRetryAt], [e].[RetryCount], [e].[Status], [e].[UpdatedAt], [g].[Id], [g].[CardId], [g].[CreatedAt], [g].[PersonalMessage], [g].[RecipientEmail], [g].[RetryCount], [g].[ScheduledSendAt], [g].[SenderId], [g].[SentAt], [g].[Status], [g].[Subject], [g].[SubscriptionId], [u0].[Id], [u0].[CreatedAt], [u0].[DeletedAt], [u0].[Email], [u0].[EmailVerificationToken], [u0].[EmailVerificationTokenExpiry], [u0].[FailedLoginCount], [u0].[FullName], [u0].[IsDeleted], [u0].[LastLoginAt], [u0].[LockReason], [u0].[LockoutEndTime], [u0].[PasswordHash], [u0].[PasswordResetToken], [u0].[PasswordResetTokenExpiry], [u0].[PasswordResetTokenUsed], [u0].[RefreshTokenExpiry], [u0].[RefreshTokenHash], [u0].[Role], [u0].[SocialProvider], [u0].[SocialProviderId], [u0].[Status], [u0].[UpdatedAt], [g1].[Id], [g1].[CategoryId], [g1].[CreatedAt], [g1].[CustomJsonContent], [g1].[DeletedAt], [g1].[Description], [g1].[FileUrl], [g1].[IsDeleted], [g1].[IsFeatured], [g1].[IsPremium], [g1].[Name], [g1].[Slug], [g1].[Status], [g1].[Tags], [g1].[ThumbnailUrl], [g1].[UpdatedAt]
FROM [EmailRetryQueues] AS [e]
INNER JOIN [GreetingTransactions] AS [g] ON [e].[GreetingTransactionId] = [g].[Id]
INNER JOIN (
    SELECT [u].[Id], [u].[CreatedAt], [u].[DeletedAt], [u].[Email], [u].[EmailVerificationToken], [u].[EmailVerificationTokenExpiry], [u].[FailedLoginCount], [u].[FullName], [u].[IsDeleted], [u].[LastLoginAt], [u].[LockReason], [u].[LockoutEndTime], [u].[PasswordHash], [u].[PasswordResetToken], [u].[PasswordResetTokenExpiry], [u].[PasswordResetTokenUsed], [u].[RefreshTokenExpiry], [u].[RefreshTokenHash], [u].[Role], [u].[SocialProvider], [u].[SocialProviderId], [u].[Status], [u].[UpdatedAt]
    FROM [Users] AS [u]
    WHERE [u].[IsDeleted] = CAST(0 AS bit)
) AS [u0] ON [g].[SenderId] = [u0].[Id]
INNER JOIN (
    SELECT [g0].[Id], [g0].[CategoryId], [g0].[CreatedAt], [g0].[CustomJsonContent], [g0].[DeletedAt], [g0].[Description], [g0].[FileUrl], [g0].[IsDeleted], [g0].[IsFeatured], [g0].[IsPremium], [g0].[Name], [g0].[Slug], [g0].[Status], [g0].[Tags], [g0].[ThumbnailUrl], [g0].[UpdatedAt]
    FROM [GreetingCards] AS [g0]
    WHERE [g0].[IsDeleted] = CAST(0 AS bit)
) AS [g1] ON [g].[CardId] = [g1].[Id]
WHERE [e].[Status] = N'PendingRetry' AND [e].[NextRetryAt] <= @__now_0
2026-05-07 00:45:10.417 +07:00 [INF] Executed DbCommand (2ms) [Parameters=[@__now_0='?' (DbType = DateTime2)], CommandType='"Text"', CommandTimeout='30']
SELECT [e].[Id], [e].[CreatedAt], [e].[GreetingTransactionId], [e].[LastError], [e].[NextRetryAt], [e].[RetryCount], [e].[Status], [e].[UpdatedAt], [g].[Id], [g].[CardId], [g].[CreatedAt], [g].[PersonalMessage], [g].[RecipientEmail], [g].[RetryCount], [g].[ScheduledSendAt], [g].[SenderId], [g].[SentAt], [g].[Status], [g].[Subject], [g].[SubscriptionId], [u0].[Id], [u0].[CreatedAt], [u0].[DeletedAt], [u0].[Email], [u0].[EmailVerificationToken], [u0].[EmailVerificationTokenExpiry], [u0].[FailedLoginCount], [u0].[FullName], [u0].[IsDeleted], [u0].[LastLoginAt], [u0].[LockReason], [u0].[LockoutEndTime], [u0].[PasswordHash], [u0].[PasswordResetToken], [u0].[PasswordResetTokenExpiry], [u0].[PasswordResetTokenUsed], [u0].[RefreshTokenExpiry], [u0].[RefreshTokenHash], [u0].[Role], [u0].[SocialProvider], [u0].[SocialProviderId], [u0].[Status], [u0].[UpdatedAt], [g1].[Id], [g1].[CategoryId], [g1].[CreatedAt], [g1].[CustomJsonContent], [g1].[DeletedAt], [g1].[Description], [g1].[FileUrl], [g1].[IsDeleted], [g1].[IsFeatured], [g1].[IsPremium], [g1].[Name], [g1].[Slug], [g1].[Status], [g1].[Tags], [g1].[ThumbnailUrl], [g1].[UpdatedAt]
FROM [EmailRetryQueues] AS [e]
INNER JOIN [GreetingTransactions] AS [g] ON [e].[GreetingTransactionId] = [g].[Id]
INNER JOIN (
    SELECT [u].[Id], [u].[CreatedAt], [u].[DeletedAt], [u].[Email], [u].[EmailVerificationToken], [u].[EmailVerificationTokenExpiry], [u].[FailedLoginCount], [u].[FullName], [u].[IsDeleted], [u].[LastLoginAt], [u].[LockReason], [u].[LockoutEndTime], [u].[PasswordHash], [u].[PasswordResetToken], [u].[PasswordResetTokenExpiry], [u].[PasswordResetTokenUsed], [u].[RefreshTokenExpiry], [u].[RefreshTokenHash], [u].[Role], [u].[SocialProvider], [u].[SocialProviderId], [u].[Status], [u].[UpdatedAt]
    FROM [Users] AS [u]
    WHERE [u].[IsDeleted] = CAST(0 AS bit)
) AS [u0] ON [g].[SenderId] = [u0].[Id]
INNER JOIN (
    SELECT [g0].[Id], [g0].[CategoryId], [g0].[CreatedAt], [g0].[CustomJsonContent], [g0].[DeletedAt], [g0].[Description], [g0].[FileUrl], [g0].[IsDeleted], [g0].[IsFeatured], [g0].[IsPremium], [g0].[Name], [g0].[Slug], [g0].[Status], [g0].[Tags], [g0].[ThumbnailUrl], [g0].[UpdatedAt]
    FROM [GreetingCards] AS [g0]
    WHERE [g0].[IsDeleted] = CAST(0 AS bit)
) AS [g1] ON [g].[CardId] = [g1].[Id]
WHERE [e].[Status] = N'PendingRetry' AND [e].[NextRetryAt] <= @__now_0
2026-05-07 00:50:10.848 +07:00 [INF] Executed DbCommand (3ms) [Parameters=[@__now_0='?' (DbType = DateTime2)], CommandType='"Text"', CommandTimeout='30']
SELECT [e].[Id], [e].[CreatedAt], [e].[GreetingTransactionId], [e].[LastError], [e].[NextRetryAt], [e].[RetryCount], [e].[Status], [e].[UpdatedAt], [g].[Id], [g].[CardId], [g].[CreatedAt], [g].[PersonalMessage], [g].[RecipientEmail], [g].[RetryCount], [g].[ScheduledSendAt], [g].[SenderId], [g].[SentAt], [g].[Status], [g].[Subject], [g].[SubscriptionId], [u0].[Id], [u0].[CreatedAt], [u0].[DeletedAt], [u0].[Email], [u0].[EmailVerificationToken], [u0].[EmailVerificationTokenExpiry], [u0].[FailedLoginCount], [u0].[FullName], [u0].[IsDeleted], [u0].[LastLoginAt], [u0].[LockReason], [u0].[LockoutEndTime], [u0].[PasswordHash], [u0].[PasswordResetToken], [u0].[PasswordResetTokenExpiry], [u0].[PasswordResetTokenUsed], [u0].[RefreshTokenExpiry], [u0].[RefreshTokenHash], [u0].[Role], [u0].[SocialProvider], [u0].[SocialProviderId], [u0].[Status], [u0].[UpdatedAt], [g1].[Id], [g1].[CategoryId], [g1].[CreatedAt], [g1].[CustomJsonContent], [g1].[DeletedAt], [g1].[Description], [g1].[FileUrl], [g1].[IsDeleted], [g1].[IsFeatured], [g1].[IsPremium], [g1].[Name], [g1].[Slug], [g1].[Status], [g1].[Tags], [g1].[ThumbnailUrl], [g1].[UpdatedAt]
FROM [EmailRetryQueues] AS [e]
INNER JOIN [GreetingTransactions] AS [g] ON [e].[GreetingTransactionId] = [g].[Id]
INNER JOIN (
    SELECT [u].[Id], [u].[CreatedAt], [u].[DeletedAt], [u].[Email], [u].[EmailVerificationToken], [u].[EmailVerificationTokenExpiry], [u].[FailedLoginCount], [u].[FullName], [u].[IsDeleted], [u].[LastLoginAt], [u].[LockReason], [u].[LockoutEndTime], [u].[PasswordHash], [u].[PasswordResetToken], [u].[PasswordResetTokenExpiry], [u].[PasswordResetTokenUsed], [u].[RefreshTokenExpiry], [u].[RefreshTokenHash], [u].[Role], [u].[SocialProvider], [u].[SocialProviderId], [u].[Status], [u].[UpdatedAt]
    FROM [Users] AS [u]
    WHERE [u].[IsDeleted] = CAST(0 AS bit)
) AS [u0] ON [g].[SenderId] = [u0].[Id]
INNER JOIN (
    SELECT [g0].[Id], [g0].[CategoryId], [g0].[CreatedAt], [g0].[CustomJsonContent], [g0].[DeletedAt], [g0].[Description], [g0].[FileUrl], [g0].[IsDeleted], [g0].[IsFeatured], [g0].[IsPremium], [g0].[Name], [g0].[Slug], [g0].[Status], [g0].[Tags], [g0].[ThumbnailUrl], [g0].[UpdatedAt]
    FROM [GreetingCards] AS [g0]
    WHERE [g0].[IsDeleted] = CAST(0 AS bit)
) AS [g1] ON [g].[CardId] = [g1].[Id]
WHERE [e].[Status] = N'PendingRetry' AND [e].[NextRetryAt] <= @__now_0
2026-05-07 00:55:11.216 +07:00 [INF] Executed DbCommand (2ms) [Parameters=[@__now_0='?' (DbType = DateTime2)], CommandType='"Text"', CommandTimeout='30']
SELECT [e].[Id], [e].[CreatedAt], [e].[GreetingTransactionId], [e].[LastError], [e].[NextRetryAt], [e].[RetryCount], [e].[Status], [e].[UpdatedAt], [g].[Id], [g].[CardId], [g].[CreatedAt], [g].[PersonalMessage], [g].[RecipientEmail], [g].[RetryCount], [g].[ScheduledSendAt], [g].[SenderId], [g].[SentAt], [g].[Status], [g].[Subject], [g].[SubscriptionId], [u0].[Id], [u0].[CreatedAt], [u0].[DeletedAt], [u0].[Email], [u0].[EmailVerificationToken], [u0].[EmailVerificationTokenExpiry], [u0].[FailedLoginCount], [u0].[FullName], [u0].[IsDeleted], [u0].[LastLoginAt], [u0].[LockReason], [u0].[LockoutEndTime], [u0].[PasswordHash], [u0].[PasswordResetToken], [u0].[PasswordResetTokenExpiry], [u0].[PasswordResetTokenUsed], [u0].[RefreshTokenExpiry], [u0].[RefreshTokenHash], [u0].[Role], [u0].[SocialProvider], [u0].[SocialProviderId], [u0].[Status], [u0].[UpdatedAt], [g1].[Id], [g1].[CategoryId], [g1].[CreatedAt], [g1].[CustomJsonContent], [g1].[DeletedAt], [g1].[Description], [g1].[FileUrl], [g1].[IsDeleted], [g1].[IsFeatured], [g1].[IsPremium], [g1].[Name], [g1].[Slug], [g1].[Status], [g1].[Tags], [g1].[ThumbnailUrl], [g1].[UpdatedAt]
FROM [EmailRetryQueues] AS [e]
INNER JOIN [GreetingTransactions] AS [g] ON [e].[GreetingTransactionId] = [g].[Id]
INNER JOIN (
    SELECT [u].[Id], [u].[CreatedAt], [u].[DeletedAt], [u].[Email], [u].[EmailVerificationToken], [u].[EmailVerificationTokenExpiry], [u].[FailedLoginCount], [u].[FullName], [u].[IsDeleted], [u].[LastLoginAt], [u].[LockReason], [u].[LockoutEndTime], [u].[PasswordHash], [u].[PasswordResetToken], [u].[PasswordResetTokenExpiry], [u].[PasswordResetTokenUsed], [u].[RefreshTokenExpiry], [u].[RefreshTokenHash], [u].[Role], [u].[SocialProvider], [u].[SocialProviderId], [u].[Status], [u].[UpdatedAt]
    FROM [Users] AS [u]
    WHERE [u].[IsDeleted] = CAST(0 AS bit)
) AS [u0] ON [g].[SenderId] = [u0].[Id]
INNER JOIN (
    SELECT [g0].[Id], [g0].[CategoryId], [g0].[CreatedAt], [g0].[CustomJsonContent], [g0].[DeletedAt], [g0].[Description], [g0].[FileUrl], [g0].[IsDeleted], [g0].[IsFeatured], [g0].[IsPremium], [g0].[Name], [g0].[Slug], [g0].[Status], [g0].[Tags], [g0].[ThumbnailUrl], [g0].[UpdatedAt]
    FROM [GreetingCards] AS [g0]
    WHERE [g0].[IsDeleted] = CAST(0 AS bit)
) AS [g1] ON [g].[CardId] = [g1].[Id]
WHERE [e].[Status] = N'PendingRetry' AND [e].[NextRetryAt] <= @__now_0
2026-05-07 00:57:12.768 +07:00 [INF] [CQRS] Handling GetSystemLogsQuery
2026-05-07 00:57:12.780 +07:00 [INF] Executed DbCommand (6ms) [Parameters=[], CommandType='"Text"', CommandTimeout='30']
SELECT COUNT(*)
FROM [SystemLogs] AS [s]
2026-05-07 00:57:12.792 +07:00 [INF] Executed DbCommand (6ms) [Parameters=[@__p_0='?' (DbType = Int32), @__p_1='?' (DbType = Int32)], CommandType='"Text"', CommandTimeout='30']
SELECT [s].[Id], [s].[Timestamp], CASE
    WHEN [s].[ActorId] IS NOT NULL THEN CONVERT(varchar(36), [s].[ActorId])
END, CAST([s].[ActorType] AS nvarchar(max)), CAST([s].[EventType] AS nvarchar(max)), [s].[Description], CAST([s].[Status] AS nvarchar(max)), [s].[IpAddress]
FROM [SystemLogs] AS [s]
ORDER BY [s].[Timestamp] DESC
OFFSET @__p_0 ROWS FETCH NEXT @__p_1 ROWS ONLY
2026-05-07 00:57:12.793 +07:00 [INF] [CQRS] Handled GetSystemLogsQuery successfully
2026-05-07 00:57:12.795 +07:00 [INF] HTTP GET /api/admin/logs responded 200 in 45.2827 ms
2026-05-07 02:23:41.824 +07:00 [INF] Executed DbCommand (1ms) [Parameters=[@__now_0='?' (DbType = DateTime2)], CommandType='"Text"', CommandTimeout='30']
SELECT [e].[Id], [e].[CreatedAt], [e].[GreetingTransactionId], [e].[LastError], [e].[NextRetryAt], [e].[RetryCount], [e].[Status], [e].[UpdatedAt], [g].[Id], [g].[CardId], [g].[CreatedAt], [g].[PersonalMessage], [g].[RecipientEmail], [g].[RetryCount], [g].[ScheduledSendAt], [g].[SenderId], [g].[SentAt], [g].[Status], [g].[Subject], [g].[SubscriptionId], [u0].[Id], [u0].[CreatedAt], [u0].[DeletedAt], [u0].[Email], [u0].[EmailVerificationToken], [u0].[EmailVerificationTokenExpiry], [u0].[FailedLoginCount], [u0].[FullName], [u0].[IsDeleted], [u0].[LastLoginAt], [u0].[LockReason], [u0].[LockoutEndTime], [u0].[PasswordHash], [u0].[PasswordResetToken], [u0].[PasswordResetTokenExpiry], [u0].[PasswordResetTokenUsed], [u0].[RefreshTokenExpiry], [u0].[RefreshTokenHash], [u0].[Role], [u0].[SocialProvider], [u0].[SocialProviderId], [u0].[Status], [u0].[UpdatedAt], [g1].[Id], [g1].[CategoryId], [g1].[CreatedAt], [g1].[CustomJsonContent], [g1].[DeletedAt], [g1].[Description], [g1].[FileUrl], [g1].[IsDeleted], [g1].[IsFeatured], [g1].[IsPremium], [g1].[Name], [g1].[Slug], [g1].[Status], [g1].[Tags], [g1].[ThumbnailUrl], [g1].[UpdatedAt]
FROM [EmailRetryQueues] AS [e]
INNER JOIN [GreetingTransactions] AS [g] ON [e].[GreetingTransactionId] = [g].[Id]
INNER JOIN (
    SELECT [u].[Id], [u].[CreatedAt], [u].[DeletedAt], [u].[Email], [u].[EmailVerificationToken], [u].[EmailVerificationTokenExpiry], [u].[FailedLoginCount], [u].[FullName], [u].[IsDeleted], [u].[LastLoginAt], [u].[LockReason], [u].[LockoutEndTime], [u].[PasswordHash], [u].[PasswordResetToken], [u].[PasswordResetTokenExpiry], [u].[PasswordResetTokenUsed], [u].[RefreshTokenExpiry], [u].[RefreshTokenHash], [u].[Role], [u].[SocialProvider], [u].[SocialProviderId], [u].[Status], [u].[UpdatedAt]
    FROM [Users] AS [u]
    WHERE [u].[IsDeleted] = CAST(0 AS bit)
) AS [u0] ON [g].[SenderId] = [u0].[Id]
INNER JOIN (
    SELECT [g0].[Id], [g0].[CategoryId], [g0].[CreatedAt], [g0].[CustomJsonContent], [g0].[DeletedAt], [g0].[Description], [g0].[FileUrl], [g0].[IsDeleted], [g0].[IsFeatured], [g0].[IsPremium], [g0].[Name], [g0].[Slug], [g0].[Status], [g0].[Tags], [g0].[ThumbnailUrl], [g0].[UpdatedAt]
    FROM [GreetingCards] AS [g0]
    WHERE [g0].[IsDeleted] = CAST(0 AS bit)
) AS [g1] ON [g].[CardId] = [g1].[Id]
WHERE [e].[Status] = N'PendingRetry' AND [e].[NextRetryAt] <= @__now_0
2026-05-07 03:30:39.010 +07:00 [INF] Executed DbCommand (1ms) [Parameters=[@__now_0='?' (DbType = DateTime2)], CommandType='"Text"', CommandTimeout='30']
SELECT [e].[Id], [e].[CreatedAt], [e].[GreetingTransactionId], [e].[LastError], [e].[NextRetryAt], [e].[RetryCount], [e].[Status], [e].[UpdatedAt], [g].[Id], [g].[CardId], [g].[CreatedAt], [g].[PersonalMessage], [g].[RecipientEmail], [g].[RetryCount], [g].[ScheduledSendAt], [g].[SenderId], [g].[SentAt], [g].[Status], [g].[Subject], [g].[SubscriptionId], [u0].[Id], [u0].[CreatedAt], [u0].[DeletedAt], [u0].[Email], [u0].[EmailVerificationToken], [u0].[EmailVerificationTokenExpiry], [u0].[FailedLoginCount], [u0].[FullName], [u0].[IsDeleted], [u0].[LastLoginAt], [u0].[LockReason], [u0].[LockoutEndTime], [u0].[PasswordHash], [u0].[PasswordResetToken], [u0].[PasswordResetTokenExpiry], [u0].[PasswordResetTokenUsed], [u0].[RefreshTokenExpiry], [u0].[RefreshTokenHash], [u0].[Role], [u0].[SocialProvider], [u0].[SocialProviderId], [u0].[Status], [u0].[UpdatedAt], [g1].[Id], [g1].[CategoryId], [g1].[CreatedAt], [g1].[CustomJsonContent], [g1].[DeletedAt], [g1].[Description], [g1].[FileUrl], [g1].[IsDeleted], [g1].[IsFeatured], [g1].[IsPremium], [g1].[Name], [g1].[Slug], [g1].[Status], [g1].[Tags], [g1].[ThumbnailUrl], [g1].[UpdatedAt]
FROM [EmailRetryQueues] AS [e]
INNER JOIN [GreetingTransactions] AS [g] ON [e].[GreetingTransactionId] = [g].[Id]
INNER JOIN (
    SELECT [u].[Id], [u].[CreatedAt], [u].[DeletedAt], [u].[Email], [u].[EmailVerificationToken], [u].[EmailVerificationTokenExpiry], [u].[FailedLoginCount], [u].[FullName], [u].[IsDeleted], [u].[LastLoginAt], [u].[LockReason], [u].[LockoutEndTime], [u].[PasswordHash], [u].[PasswordResetToken], [u].[PasswordResetTokenExpiry], [u].[PasswordResetTokenUsed], [u].[RefreshTokenExpiry], [u].[RefreshTokenHash], [u].[Role], [u].[SocialProvider], [u].[SocialProviderId], [u].[Status], [u].[UpdatedAt]
    FROM [Users] AS [u]
    WHERE [u].[IsDeleted] = CAST(0 AS bit)
) AS [u0] ON [g].[SenderId] = [u0].[Id]
INNER JOIN (
    SELECT [g0].[Id], [g0].[CategoryId], [g0].[CreatedAt], [g0].[CustomJsonContent], [g0].[DeletedAt], [g0].[Description], [g0].[FileUrl], [g0].[IsDeleted], [g0].[IsFeatured], [g0].[IsPremium], [g0].[Name], [g0].[Slug], [g0].[Status], [g0].[Tags], [g0].[ThumbnailUrl], [g0].[UpdatedAt]
    FROM [GreetingCards] AS [g0]
    WHERE [g0].[IsDeleted] = CAST(0 AS bit)
) AS [g1] ON [g].[CardId] = [g1].[Id]
WHERE [e].[Status] = N'PendingRetry' AND [e].[NextRetryAt] <= @__now_0
2026-05-07 04:29:25.658 +07:00 [INF] Executed DbCommand (1ms) [Parameters=[@__now_0='?' (DbType = DateTime2)], CommandType='"Text"', CommandTimeout='30']
SELECT [e].[Id], [e].[CreatedAt], [e].[GreetingTransactionId], [e].[LastError], [e].[NextRetryAt], [e].[RetryCount], [e].[Status], [e].[UpdatedAt], [g].[Id], [g].[CardId], [g].[CreatedAt], [g].[PersonalMessage], [g].[RecipientEmail], [g].[RetryCount], [g].[ScheduledSendAt], [g].[SenderId], [g].[SentAt], [g].[Status], [g].[Subject], [g].[SubscriptionId], [u0].[Id], [u0].[CreatedAt], [u0].[DeletedAt], [u0].[Email], [u0].[EmailVerificationToken], [u0].[EmailVerificationTokenExpiry], [u0].[FailedLoginCount], [u0].[FullName], [u0].[IsDeleted], [u0].[LastLoginAt], [u0].[LockReason], [u0].[LockoutEndTime], [u0].[PasswordHash], [u0].[PasswordResetToken], [u0].[PasswordResetTokenExpiry], [u0].[PasswordResetTokenUsed], [u0].[RefreshTokenExpiry], [u0].[RefreshTokenHash], [u0].[Role], [u0].[SocialProvider], [u0].[SocialProviderId], [u0].[Status], [u0].[UpdatedAt], [g1].[Id], [g1].[CategoryId], [g1].[CreatedAt], [g1].[CustomJsonContent], [g1].[DeletedAt], [g1].[Description], [g1].[FileUrl], [g1].[IsDeleted], [g1].[IsFeatured], [g1].[IsPremium], [g1].[Name], [g1].[Slug], [g1].[Status], [g1].[Tags], [g1].[ThumbnailUrl], [g1].[UpdatedAt]
FROM [EmailRetryQueues] AS [e]
INNER JOIN [GreetingTransactions] AS [g] ON [e].[GreetingTransactionId] = [g].[Id]
INNER JOIN (
    SELECT [u].[Id], [u].[CreatedAt], [u].[DeletedAt], [u].[Email], [u].[EmailVerificationToken], [u].[EmailVerificationTokenExpiry], [u].[FailedLoginCount], [u].[FullName], [u].[IsDeleted], [u].[LastLoginAt], [u].[LockReason], [u].[LockoutEndTime], [u].[PasswordHash], [u].[PasswordResetToken], [u].[PasswordResetTokenExpiry], [u].[PasswordResetTokenUsed], [u].[RefreshTokenExpiry], [u].[RefreshTokenHash], [u].[Role], [u].[SocialProvider], [u].[SocialProviderId], [u].[Status], [u].[UpdatedAt]
    FROM [Users] AS [u]
    WHERE [u].[IsDeleted] = CAST(0 AS bit)
) AS [u0] ON [g].[SenderId] = [u0].[Id]
INNER JOIN (
    SELECT [g0].[Id], [g0].[CategoryId], [g0].[CreatedAt], [g0].[CustomJsonContent], [g0].[DeletedAt], [g0].[Description], [g0].[FileUrl], [g0].[IsDeleted], [g0].[IsFeatured], [g0].[IsPremium], [g0].[Name], [g0].[Slug], [g0].[Status], [g0].[Tags], [g0].[ThumbnailUrl], [g0].[UpdatedAt]
    FROM [GreetingCards] AS [g0]
    WHERE [g0].[IsDeleted] = CAST(0 AS bit)
) AS [g1] ON [g].[CardId] = [g1].[Id]
WHERE [e].[Status] = N'PendingRetry' AND [e].[NextRetryAt] <= @__now_0
2026-05-07 06:01:15.577 +07:00 [INF] Executed DbCommand (2ms) [Parameters=[@__now_0='?' (DbType = DateTime2)], CommandType='"Text"', CommandTimeout='30']
SELECT [e].[Id], [e].[CreatedAt], [e].[GreetingTransactionId], [e].[LastError], [e].[NextRetryAt], [e].[RetryCount], [e].[Status], [e].[UpdatedAt], [g].[Id], [g].[CardId], [g].[CreatedAt], [g].[PersonalMessage], [g].[RecipientEmail], [g].[RetryCount], [g].[ScheduledSendAt], [g].[SenderId], [g].[SentAt], [g].[Status], [g].[Subject], [g].[SubscriptionId], [u0].[Id], [u0].[CreatedAt], [u0].[DeletedAt], [u0].[Email], [u0].[EmailVerificationToken], [u0].[EmailVerificationTokenExpiry], [u0].[FailedLoginCount], [u0].[FullName], [u0].[IsDeleted], [u0].[LastLoginAt], [u0].[LockReason], [u0].[LockoutEndTime], [u0].[PasswordHash], [u0].[PasswordResetToken], [u0].[PasswordResetTokenExpiry], [u0].[PasswordResetTokenUsed], [u0].[RefreshTokenExpiry], [u0].[RefreshTokenHash], [u0].[Role], [u0].[SocialProvider], [u0].[SocialProviderId], [u0].[Status], [u0].[UpdatedAt], [g1].[Id], [g1].[CategoryId], [g1].[CreatedAt], [g1].[CustomJsonContent], [g1].[DeletedAt], [g1].[Description], [g1].[FileUrl], [g1].[IsDeleted], [g1].[IsFeatured], [g1].[IsPremium], [g1].[Name], [g1].[Slug], [g1].[Status], [g1].[Tags], [g1].[ThumbnailUrl], [g1].[UpdatedAt]
FROM [EmailRetryQueues] AS [e]
INNER JOIN [GreetingTransactions] AS [g] ON [e].[GreetingTransactionId] = [g].[Id]
INNER JOIN (
    SELECT [u].[Id], [u].[CreatedAt], [u].[DeletedAt], [u].[Email], [u].[EmailVerificationToken], [u].[EmailVerificationTokenExpiry], [u].[FailedLoginCount], [u].[FullName], [u].[IsDeleted], [u].[LastLoginAt], [u].[LockReason], [u].[LockoutEndTime], [u].[PasswordHash], [u].[PasswordResetToken], [u].[PasswordResetTokenExpiry], [u].[PasswordResetTokenUsed], [u].[RefreshTokenExpiry], [u].[RefreshTokenHash], [u].[Role], [u].[SocialProvider], [u].[SocialProviderId], [u].[Status], [u].[UpdatedAt]
    FROM [Users] AS [u]
    WHERE [u].[IsDeleted] = CAST(0 AS bit)
) AS [u0] ON [g].[SenderId] = [u0].[Id]
INNER JOIN (
    SELECT [g0].[Id], [g0].[CategoryId], [g0].[CreatedAt], [g0].[CustomJsonContent], [g0].[DeletedAt], [g0].[Description], [g0].[FileUrl], [g0].[IsDeleted], [g0].[IsFeatured], [g0].[IsPremium], [g0].[Name], [g0].[Slug], [g0].[Status], [g0].[Tags], [g0].[ThumbnailUrl], [g0].[UpdatedAt]
    FROM [GreetingCards] AS [g0]
    WHERE [g0].[IsDeleted] = CAST(0 AS bit)
) AS [g1] ON [g].[CardId] = [g1].[Id]
WHERE [e].[Status] = N'PendingRetry' AND [e].[NextRetryAt] <= @__now_0
2026-05-07 07:02:19.296 +07:00 [INF] Executed DbCommand (1ms) [Parameters=[@__now_0='?' (DbType = DateTime2)], CommandType='"Text"', CommandTimeout='30']
SELECT [e].[Id], [e].[CreatedAt], [e].[GreetingTransactionId], [e].[LastError], [e].[NextRetryAt], [e].[RetryCount], [e].[Status], [e].[UpdatedAt], [g].[Id], [g].[CardId], [g].[CreatedAt], [g].[PersonalMessage], [g].[RecipientEmail], [g].[RetryCount], [g].[ScheduledSendAt], [g].[SenderId], [g].[SentAt], [g].[Status], [g].[Subject], [g].[SubscriptionId], [u0].[Id], [u0].[CreatedAt], [u0].[DeletedAt], [u0].[Email], [u0].[EmailVerificationToken], [u0].[EmailVerificationTokenExpiry], [u0].[FailedLoginCount], [u0].[FullName], [u0].[IsDeleted], [u0].[LastLoginAt], [u0].[LockReason], [u0].[LockoutEndTime], [u0].[PasswordHash], [u0].[PasswordResetToken], [u0].[PasswordResetTokenExpiry], [u0].[PasswordResetTokenUsed], [u0].[RefreshTokenExpiry], [u0].[RefreshTokenHash], [u0].[Role], [u0].[SocialProvider], [u0].[SocialProviderId], [u0].[Status], [u0].[UpdatedAt], [g1].[Id], [g1].[CategoryId], [g1].[CreatedAt], [g1].[CustomJsonContent], [g1].[DeletedAt], [g1].[Description], [g1].[FileUrl], [g1].[IsDeleted], [g1].[IsFeatured], [g1].[IsPremium], [g1].[Name], [g1].[Slug], [g1].[Status], [g1].[Tags], [g1].[ThumbnailUrl], [g1].[UpdatedAt]
FROM [EmailRetryQueues] AS [e]
INNER JOIN [GreetingTransactions] AS [g] ON [e].[GreetingTransactionId] = [g].[Id]
INNER JOIN (
    SELECT [u].[Id], [u].[CreatedAt], [u].[DeletedAt], [u].[Email], [u].[EmailVerificationToken], [u].[EmailVerificationTokenExpiry], [u].[FailedLoginCount], [u].[FullName], [u].[IsDeleted], [u].[LastLoginAt], [u].[LockReason], [u].[LockoutEndTime], [u].[PasswordHash], [u].[PasswordResetToken], [u].[PasswordResetTokenExpiry], [u].[PasswordResetTokenUsed], [u].[RefreshTokenExpiry], [u].[RefreshTokenHash], [u].[Role], [u].[SocialProvider], [u].[SocialProviderId], [u].[Status], [u].[UpdatedAt]
    FROM [Users] AS [u]
    WHERE [u].[IsDeleted] = CAST(0 AS bit)
) AS [u0] ON [g].[SenderId] = [u0].[Id]
INNER JOIN (
    SELECT [g0].[Id], [g0].[CategoryId], [g0].[CreatedAt], [g0].[CustomJsonContent], [g0].[DeletedAt], [g0].[Description], [g0].[FileUrl], [g0].[IsDeleted], [g0].[IsFeatured], [g0].[IsPremium], [g0].[Name], [g0].[Slug], [g0].[Status], [g0].[Tags], [g0].[ThumbnailUrl], [g0].[UpdatedAt]
    FROM [GreetingCards] AS [g0]
    WHERE [g0].[IsDeleted] = CAST(0 AS bit)
) AS [g1] ON [g].[CardId] = [g1].[Id]
WHERE [e].[Status] = N'PendingRetry' AND [e].[NextRetryAt] <= @__now_0
2026-05-07 07:02:21.912 +07:00 [INF] 1 servers were removed due to timeout
2026-05-07 07:19:26.628 +07:00 [WRN] Server macbookpro:84598:84143c7e was considered dead by other servers, restarting...
2026-05-07 07:19:26.628 +07:00 [INF] Server macbookpro:84598:84143c7e caught restart signal...
2026-05-07 07:19:26.670 +07:00 [WRN] Server macbookpro:84598:84143c7e stopped non-gracefully due to ServerWatchdog, ServerJobCancellationWatcher, SqlServerHeartbeatProcess, ExpirationManager, CountersAggregator, Worker, DelayedJobScheduler, RecurringJobScheduler. Outstanding work on those dispatchers could be aborted, and there can be delays in background processing. This server instance will be incorrectly shown as active for a while. To avoid non-graceful shutdowns, investigate what prevents from stopping gracefully and add CancellationToken support for those methods.
2026-05-07 07:19:26.676 +07:00 [INF] Server macbookpro:84598:84143c7e successfully reported itself as stopped in 4,4321 ms
2026-05-07 07:19:26.676 +07:00 [INF] Server macbookpro:84598:84143c7e has been stopped in total 46,1987 ms
2026-05-07 07:19:26.680 +07:00 [INF] Server macbook-pro-cua-alan:84598:c289896d successfully announced in 4,2726 ms
2026-05-07 07:19:26.681 +07:00 [INF] Server macbook-pro-cua-alan:84598:c289896d is starting the registered dispatchers: ServerWatchdog, ServerJobCancellationWatcher, SqlServerHeartbeatProcess, ExpirationManager, CountersAggregator, Worker, DelayedJobScheduler, RecurringJobScheduler...
2026-05-07 07:19:26.683 +07:00 [INF] Server macbook-pro-cua-alan:84598:c289896d all the dispatchers started
2026-05-07 07:45:09.606 +07:00 [INF] [CQRS] Handling GetSystemLogsQuery
2026-05-07 07:45:09.611 +07:00 [INF] Executed DbCommand (5ms) [Parameters=[], CommandType='"Text"', CommandTimeout='30']
SELECT COUNT(*)
FROM [SystemLogs] AS [s]
2026-05-07 07:45:09.616 +07:00 [INF] Executed DbCommand (3ms) [Parameters=[@__p_0='?' (DbType = Int32), @__p_1='?' (DbType = Int32)], CommandType='"Text"', CommandTimeout='30']
SELECT [s].[Id], [s].[Timestamp], CASE
    WHEN [s].[ActorId] IS NOT NULL THEN CONVERT(varchar(36), [s].[ActorId])
END, CAST([s].[ActorType] AS nvarchar(max)), CAST([s].[EventType] AS nvarchar(max)), [s].[Description], CAST([s].[Status] AS nvarchar(max)), [s].[IpAddress]
FROM [SystemLogs] AS [s]
ORDER BY [s].[Timestamp] DESC
OFFSET @__p_0 ROWS FETCH NEXT @__p_1 ROWS ONLY
2026-05-07 07:45:09.617 +07:00 [INF] [CQRS] Handled GetSystemLogsQuery successfully
2026-05-07 07:45:09.617 +07:00 [INF] HTTP GET /api/admin/logs responded 200 in 14.1451 ms
2026-05-07 08:35:59.854 +07:00 [INF] Executed DbCommand (2ms) [Parameters=[@__now_0='?' (DbType = DateTime2)], CommandType='"Text"', CommandTimeout='30']
SELECT [e].[Id], [e].[CreatedAt], [e].[GreetingTransactionId], [e].[LastError], [e].[NextRetryAt], [e].[RetryCount], [e].[Status], [e].[UpdatedAt], [g].[Id], [g].[CardId], [g].[CreatedAt], [g].[PersonalMessage], [g].[RecipientEmail], [g].[RetryCount], [g].[ScheduledSendAt], [g].[SenderId], [g].[SentAt], [g].[Status], [g].[Subject], [g].[SubscriptionId], [u0].[Id], [u0].[CreatedAt], [u0].[DeletedAt], [u0].[Email], [u0].[EmailVerificationToken], [u0].[EmailVerificationTokenExpiry], [u0].[FailedLoginCount], [u0].[FullName], [u0].[IsDeleted], [u0].[LastLoginAt], [u0].[LockReason], [u0].[LockoutEndTime], [u0].[PasswordHash], [u0].[PasswordResetToken], [u0].[PasswordResetTokenExpiry], [u0].[PasswordResetTokenUsed], [u0].[RefreshTokenExpiry], [u0].[RefreshTokenHash], [u0].[Role], [u0].[SocialProvider], [u0].[SocialProviderId], [u0].[Status], [u0].[UpdatedAt], [g1].[Id], [g1].[CategoryId], [g1].[CreatedAt], [g1].[CustomJsonContent], [g1].[DeletedAt], [g1].[Description], [g1].[FileUrl], [g1].[IsDeleted], [g1].[IsFeatured], [g1].[IsPremium], [g1].[Name], [g1].[Slug], [g1].[Status], [g1].[Tags], [g1].[ThumbnailUrl], [g1].[UpdatedAt]
FROM [EmailRetryQueues] AS [e]
INNER JOIN [GreetingTransactions] AS [g] ON [e].[GreetingTransactionId] = [g].[Id]
INNER JOIN (
    SELECT [u].[Id], [u].[CreatedAt], [u].[DeletedAt], [u].[Email], [u].[EmailVerificationToken], [u].[EmailVerificationTokenExpiry], [u].[FailedLoginCount], [u].[FullName], [u].[IsDeleted], [u].[LastLoginAt], [u].[LockReason], [u].[LockoutEndTime], [u].[PasswordHash], [u].[PasswordResetToken], [u].[PasswordResetTokenExpiry], [u].[PasswordResetTokenUsed], [u].[RefreshTokenExpiry], [u].[RefreshTokenHash], [u].[Role], [u].[SocialProvider], [u].[SocialProviderId], [u].[Status], [u].[UpdatedAt]
    FROM [Users] AS [u]
    WHERE [u].[IsDeleted] = CAST(0 AS bit)
) AS [u0] ON [g].[SenderId] = [u0].[Id]
INNER JOIN (
    SELECT [g0].[Id], [g0].[CategoryId], [g0].[CreatedAt], [g0].[CustomJsonContent], [g0].[DeletedAt], [g0].[Description], [g0].[FileUrl], [g0].[IsDeleted], [g0].[IsFeatured], [g0].[IsPremium], [g0].[Name], [g0].[Slug], [g0].[Status], [g0].[Tags], [g0].[ThumbnailUrl], [g0].[UpdatedAt]
    FROM [GreetingCards] AS [g0]
    WHERE [g0].[IsDeleted] = CAST(0 AS bit)
) AS [g1] ON [g].[CardId] = [g1].[Id]
WHERE [e].[Status] = N'PendingRetry' AND [e].[NextRetryAt] <= @__now_0
2026-05-07 08:35:59.874 +07:00 [INF] [UC15] AutoDisableExpiredSubscriptions started at "2026-05-07T01:35:59.8745100Z"
2026-05-07 08:35:59.888 +07:00 [INF] Executed DbCommand (2ms) [Parameters=[@__now_0='?' (DbType = DateTime2)], CommandType='"Text"', CommandTimeout='30']
SELECT [s].[Id], [s].[CreatedAt], [s].[DisabledReason], [s].[ExpiryDate], [s].[PaymentMethod], [s].[StartDate], [s].[Status], [s].[UpdatedAt], [s].[UserId], [u0].[Id], [u0].[CreatedAt], [u0].[DeletedAt], [u0].[Email], [u0].[EmailVerificationToken], [u0].[EmailVerificationTokenExpiry], [u0].[FailedLoginCount], [u0].[FullName], [u0].[IsDeleted], [u0].[LastLoginAt], [u0].[LockReason], [u0].[LockoutEndTime], [u0].[PasswordHash], [u0].[PasswordResetToken], [u0].[PasswordResetTokenExpiry], [u0].[PasswordResetTokenUsed], [u0].[RefreshTokenExpiry], [u0].[RefreshTokenHash], [u0].[Role], [u0].[SocialProvider], [u0].[SocialProviderId], [u0].[Status], [u0].[UpdatedAt]
FROM [Subscriptions] AS [s]
INNER JOIN (
    SELECT [u].[Id], [u].[CreatedAt], [u].[DeletedAt], [u].[Email], [u].[EmailVerificationToken], [u].[EmailVerificationTokenExpiry], [u].[FailedLoginCount], [u].[FullName], [u].[IsDeleted], [u].[LastLoginAt], [u].[LockReason], [u].[LockoutEndTime], [u].[PasswordHash], [u].[PasswordResetToken], [u].[PasswordResetTokenExpiry], [u].[PasswordResetTokenUsed], [u].[RefreshTokenExpiry], [u].[RefreshTokenHash], [u].[Role], [u].[SocialProvider], [u].[SocialProviderId], [u].[Status], [u].[UpdatedAt]
    FROM [Users] AS [u]
    WHERE [u].[IsDeleted] = CAST(0 AS bit)
) AS [u0] ON [s].[UserId] = [u0].[Id]
WHERE [s].[Status] = N'Active' AND [s].[ExpiryDate] <= @__now_0
2026-05-07 08:35:59.892 +07:00 [INF] Executed DbCommand (2ms) [Parameters=[@p0='?' (DbType = Guid), @p1='?' (DbType = Guid), @p2='?' (Size = 20), @p3='?' (Size = 2000), @p4='?' (DbType = DateTime2), @p5='?' (Size = 1000), @p6='?' (Size = 30), @p7='?' (Size = 50), @p8='?' (Size = 20), @p9='?' (DbType = DateTime2)], CommandType='"Text"', CommandTimeout='30']
SET IMPLICIT_TRANSACTIONS OFF;
SET NOCOUNT ON;
INSERT INTO [SystemLogs] ([Id], [ActorId], [ActorType], [AdditionalData], [CreatedAt], [Description], [EventType], [IpAddress], [Status], [Timestamp])
VALUES (@p0, @p1, @p2, @p3, @p4, @p5, @p6, @p7, @p8, @p9);
2026-05-07 08:35:59.900 +07:00 [INF] Executed DbCommand (2ms) [Parameters=[@__reminderDate_0='?' (DbType = DateTime2)], CommandType='"Text"', CommandTimeout='30']
SELECT [s].[Id], [s].[CreatedAt], [s].[DisabledReason], [s].[ExpiryDate], [s].[PaymentMethod], [s].[StartDate], [s].[Status], [s].[UpdatedAt], [s].[UserId], [u0].[Id], [u0].[CreatedAt], [u0].[DeletedAt], [u0].[Email], [u0].[EmailVerificationToken], [u0].[EmailVerificationTokenExpiry], [u0].[FailedLoginCount], [u0].[FullName], [u0].[IsDeleted], [u0].[LastLoginAt], [u0].[LockReason], [u0].[LockoutEndTime], [u0].[PasswordHash], [u0].[PasswordResetToken], [u0].[PasswordResetTokenExpiry], [u0].[PasswordResetTokenUsed], [u0].[RefreshTokenExpiry], [u0].[RefreshTokenHash], [u0].[Role], [u0].[SocialProvider], [u0].[SocialProviderId], [u0].[Status], [u0].[UpdatedAt]
FROM [Subscriptions] AS [s]
INNER JOIN (
    SELECT [u].[Id], [u].[CreatedAt], [u].[DeletedAt], [u].[Email], [u].[EmailVerificationToken], [u].[EmailVerificationTokenExpiry], [u].[FailedLoginCount], [u].[FullName], [u].[IsDeleted], [u].[LastLoginAt], [u].[LockReason], [u].[LockoutEndTime], [u].[PasswordHash], [u].[PasswordResetToken], [u].[PasswordResetTokenExpiry], [u].[PasswordResetTokenUsed], [u].[RefreshTokenExpiry], [u].[RefreshTokenHash], [u].[Role], [u].[SocialProvider], [u].[SocialProviderId], [u].[Status], [u].[UpdatedAt]
    FROM [Users] AS [u]
    WHERE [u].[IsDeleted] = CAST(0 AS bit)
) AS [u0] ON [s].[UserId] = [u0].[Id]
WHERE [s].[Status] = N'Active' AND [s].[ExpiryDate] IS NOT NULL AND CONVERT(date, [s].[ExpiryDate]) = @__reminderDate_0
2026-05-07 08:35:59.901 +07:00 [INF] Executed DbCommand (1ms) [Parameters=[@__reminderDate_0='?' (DbType = DateTime2)], CommandType='"Text"', CommandTimeout='30']
SELECT [s].[Id], [s].[CreatedAt], [s].[DisabledReason], [s].[ExpiryDate], [s].[PaymentMethod], [s].[StartDate], [s].[Status], [s].[UpdatedAt], [s].[UserId], [u0].[Id], [u0].[CreatedAt], [u0].[DeletedAt], [u0].[Email], [u0].[EmailVerificationToken], [u0].[EmailVerificationTokenExpiry], [u0].[FailedLoginCount], [u0].[FullName], [u0].[IsDeleted], [u0].[LastLoginAt], [u0].[LockReason], [u0].[LockoutEndTime], [u0].[PasswordHash], [u0].[PasswordResetToken], [u0].[PasswordResetTokenExpiry], [u0].[PasswordResetTokenUsed], [u0].[RefreshTokenExpiry], [u0].[RefreshTokenHash], [u0].[Role], [u0].[SocialProvider], [u0].[SocialProviderId], [u0].[Status], [u0].[UpdatedAt]
FROM [Subscriptions] AS [s]
INNER JOIN (
    SELECT [u].[Id], [u].[CreatedAt], [u].[DeletedAt], [u].[Email], [u].[EmailVerificationToken], [u].[EmailVerificationTokenExpiry], [u].[FailedLoginCount], [u].[FullName], [u].[IsDeleted], [u].[LastLoginAt], [u].[LockReason], [u].[LockoutEndTime], [u].[PasswordHash], [u].[PasswordResetToken], [u].[PasswordResetTokenExpiry], [u].[PasswordResetTokenUsed], [u].[RefreshTokenExpiry], [u].[RefreshTokenHash], [u].[Role], [u].[SocialProvider], [u].[SocialProviderId], [u].[Status], [u].[UpdatedAt]
    FROM [Users] AS [u]
    WHERE [u].[IsDeleted] = CAST(0 AS bit)
) AS [u0] ON [s].[UserId] = [u0].[Id]
WHERE [s].[Status] = N'Active' AND [s].[ExpiryDate] IS NOT NULL AND CONVERT(date, [s].[ExpiryDate]) = @__reminderDate_0
2026-05-07 08:35:59.901 +07:00 [INF] [UC15] Completed. Processed=0, Errors=0
2026-05-07 09:34:19.584 +07:00 [INF] Executed DbCommand (1ms) [Parameters=[@__now_0='?' (DbType = DateTime2)], CommandType='"Text"', CommandTimeout='30']
SELECT [e].[Id], [e].[CreatedAt], [e].[GreetingTransactionId], [e].[LastError], [e].[NextRetryAt], [e].[RetryCount], [e].[Status], [e].[UpdatedAt], [g].[Id], [g].[CardId], [g].[CreatedAt], [g].[PersonalMessage], [g].[RecipientEmail], [g].[RetryCount], [g].[ScheduledSendAt], [g].[SenderId], [g].[SentAt], [g].[Status], [g].[Subject], [g].[SubscriptionId], [u0].[Id], [u0].[CreatedAt], [u0].[DeletedAt], [u0].[Email], [u0].[EmailVerificationToken], [u0].[EmailVerificationTokenExpiry], [u0].[FailedLoginCount], [u0].[FullName], [u0].[IsDeleted], [u0].[LastLoginAt], [u0].[LockReason], [u0].[LockoutEndTime], [u0].[PasswordHash], [u0].[PasswordResetToken], [u0].[PasswordResetTokenExpiry], [u0].[PasswordResetTokenUsed], [u0].[RefreshTokenExpiry], [u0].[RefreshTokenHash], [u0].[Role], [u0].[SocialProvider], [u0].[SocialProviderId], [u0].[Status], [u0].[UpdatedAt], [g1].[Id], [g1].[CategoryId], [g1].[CreatedAt], [g1].[CustomJsonContent], [g1].[DeletedAt], [g1].[Description], [g1].[FileUrl], [g1].[IsDeleted], [g1].[IsFeatured], [g1].[IsPremium], [g1].[Name], [g1].[Slug], [g1].[Status], [g1].[Tags], [g1].[ThumbnailUrl], [g1].[UpdatedAt]
FROM [EmailRetryQueues] AS [e]
INNER JOIN [GreetingTransactions] AS [g] ON [e].[GreetingTransactionId] = [g].[Id]
INNER JOIN (
    SELECT [u].[Id], [u].[CreatedAt], [u].[DeletedAt], [u].[Email], [u].[EmailVerificationToken], [u].[EmailVerificationTokenExpiry], [u].[FailedLoginCount], [u].[FullName], [u].[IsDeleted], [u].[LastLoginAt], [u].[LockReason], [u].[LockoutEndTime], [u].[PasswordHash], [u].[PasswordResetToken], [u].[PasswordResetTokenExpiry], [u].[PasswordResetTokenUsed], [u].[RefreshTokenExpiry], [u].[RefreshTokenHash], [u].[Role], [u].[SocialProvider], [u].[SocialProviderId], [u].[Status], [u].[UpdatedAt]
    FROM [Users] AS [u]
    WHERE [u].[IsDeleted] = CAST(0 AS bit)
) AS [u0] ON [g].[SenderId] = [u0].[Id]
INNER JOIN (
    SELECT [g0].[Id], [g0].[CategoryId], [g0].[CreatedAt], [g0].[CustomJsonContent], [g0].[DeletedAt], [g0].[Description], [g0].[FileUrl], [g0].[IsDeleted], [g0].[IsFeatured], [g0].[IsPremium], [g0].[Name], [g0].[Slug], [g0].[Status], [g0].[Tags], [g0].[ThumbnailUrl], [g0].[UpdatedAt]
    FROM [GreetingCards] AS [g0]
    WHERE [g0].[IsDeleted] = CAST(0 AS bit)
) AS [g1] ON [g].[CardId] = [g1].[Id]
WHERE [e].[Status] = N'PendingRetry' AND [e].[NextRetryAt] <= @__now_0
2026-05-07 09:34:19.647 +07:00 [INF] [UC30] CleanupOldLogsJob started, deleting logs before "2026-04-07T02:34:19.6477740Z"
2026-05-07 09:34:19.655 +07:00 [INF] Executed DbCommand (3ms) [Parameters=[@__cutoffDate_0='?' (DbType = DateTime2)], CommandType='"Text"', CommandTimeout='30']
SELECT [s].[Id], [s].[ActorId], [s].[ActorType], [s].[AdditionalData], [s].[CreatedAt], [s].[Description], [s].[EventType], [s].[IpAddress], [s].[Status], [s].[Timestamp]
FROM [SystemLogs] AS [s]
WHERE [s].[Timestamp] < @__cutoffDate_0
2026-05-07 09:40:00.101 +07:00 [INF] Executed DbCommand (5ms) [Parameters=[@__now_0='?' (DbType = DateTime2)], CommandType='"Text"', CommandTimeout='30']
SELECT [e].[Id], [e].[CreatedAt], [e].[GreetingTransactionId], [e].[LastError], [e].[NextRetryAt], [e].[RetryCount], [e].[Status], [e].[UpdatedAt], [g].[Id], [g].[CardId], [g].[CreatedAt], [g].[PersonalMessage], [g].[RecipientEmail], [g].[RetryCount], [g].[ScheduledSendAt], [g].[SenderId], [g].[SentAt], [g].[Status], [g].[Subject], [g].[SubscriptionId], [u0].[Id], [u0].[CreatedAt], [u0].[DeletedAt], [u0].[Email], [u0].[EmailVerificationToken], [u0].[EmailVerificationTokenExpiry], [u0].[FailedLoginCount], [u0].[FullName], [u0].[IsDeleted], [u0].[LastLoginAt], [u0].[LockReason], [u0].[LockoutEndTime], [u0].[PasswordHash], [u0].[PasswordResetToken], [u0].[PasswordResetTokenExpiry], [u0].[PasswordResetTokenUsed], [u0].[RefreshTokenExpiry], [u0].[RefreshTokenHash], [u0].[Role], [u0].[SocialProvider], [u0].[SocialProviderId], [u0].[Status], [u0].[UpdatedAt], [g1].[Id], [g1].[CategoryId], [g1].[CreatedAt], [g1].[CustomJsonContent], [g1].[DeletedAt], [g1].[Description], [g1].[FileUrl], [g1].[IsDeleted], [g1].[IsFeatured], [g1].[IsPremium], [g1].[Name], [g1].[Slug], [g1].[Status], [g1].[Tags], [g1].[ThumbnailUrl], [g1].[UpdatedAt]
FROM [EmailRetryQueues] AS [e]
INNER JOIN [GreetingTransactions] AS [g] ON [e].[GreetingTransactionId] = [g].[Id]
INNER JOIN (
    SELECT [u].[Id], [u].[CreatedAt], [u].[DeletedAt], [u].[Email], [u].[EmailVerificationToken], [u].[EmailVerificationTokenExpiry], [u].[FailedLoginCount], [u].[FullName], [u].[IsDeleted], [u].[LastLoginAt], [u].[LockReason], [u].[LockoutEndTime], [u].[PasswordHash], [u].[PasswordResetToken], [u].[PasswordResetTokenExpiry], [u].[PasswordResetTokenUsed], [u].[RefreshTokenExpiry], [u].[RefreshTokenHash], [u].[Role], [u].[SocialProvider], [u].[SocialProviderId], [u].[Status], [u].[UpdatedAt]
    FROM [Users] AS [u]
    WHERE [u].[IsDeleted] = CAST(0 AS bit)
) AS [u0] ON [g].[SenderId] = [u0].[Id]
INNER JOIN (
    SELECT [g0].[Id], [g0].[CategoryId], [g0].[CreatedAt], [g0].[CustomJsonContent], [g0].[DeletedAt], [g0].[Description], [g0].[FileUrl], [g0].[IsDeleted], [g0].[IsFeatured], [g0].[IsPremium], [g0].[Name], [g0].[Slug], [g0].[Status], [g0].[Tags], [g0].[ThumbnailUrl], [g0].[UpdatedAt]
    FROM [GreetingCards] AS [g0]
    WHERE [g0].[IsDeleted] = CAST(0 AS bit)
) AS [g1] ON [g].[CardId] = [g1].[Id]
WHERE [e].[Status] = N'PendingRetry' AND [e].[NextRetryAt] <= @__now_0
2026-05-07 09:40:00.134 +07:00 [INF] Executed DbCommand (2ms) [Parameters=[@__now_0='?' (DbType = DateTime2)], CommandType='"Text"', CommandTimeout='30']
SELECT [e].[Id], [e].[CreatedAt], [e].[GreetingTransactionId], [e].[LastError], [e].[NextRetryAt], [e].[RetryCount], [e].[Status], [e].[UpdatedAt], [g].[Id], [g].[CardId], [g].[CreatedAt], [g].[PersonalMessage], [g].[RecipientEmail], [g].[RetryCount], [g].[ScheduledSendAt], [g].[SenderId], [g].[SentAt], [g].[Status], [g].[Subject], [g].[SubscriptionId], [u0].[Id], [u0].[CreatedAt], [u0].[DeletedAt], [u0].[Email], [u0].[EmailVerificationToken], [u0].[EmailVerificationTokenExpiry], [u0].[FailedLoginCount], [u0].[FullName], [u0].[IsDeleted], [u0].[LastLoginAt], [u0].[LockReason], [u0].[LockoutEndTime], [u0].[PasswordHash], [u0].[PasswordResetToken], [u0].[PasswordResetTokenExpiry], [u0].[PasswordResetTokenUsed], [u0].[RefreshTokenExpiry], [u0].[RefreshTokenHash], [u0].[Role], [u0].[SocialProvider], [u0].[SocialProviderId], [u0].[Status], [u0].[UpdatedAt], [g1].[Id], [g1].[CategoryId], [g1].[CreatedAt], [g1].[CustomJsonContent], [g1].[DeletedAt], [g1].[Description], [g1].[FileUrl], [g1].[IsDeleted], [g1].[IsFeatured], [g1].[IsPremium], [g1].[Name], [g1].[Slug], [g1].[Status], [g1].[Tags], [g1].[ThumbnailUrl], [g1].[UpdatedAt]
FROM [EmailRetryQueues] AS [e]
INNER JOIN [GreetingTransactions] AS [g] ON [e].[GreetingTransactionId] = [g].[Id]
INNER JOIN (
    SELECT [u].[Id], [u].[CreatedAt], [u].[DeletedAt], [u].[Email], [u].[EmailVerificationToken], [u].[EmailVerificationTokenExpiry], [u].[FailedLoginCount], [u].[FullName], [u].[IsDeleted], [u].[LastLoginAt], [u].[LockReason], [u].[LockoutEndTime], [u].[PasswordHash], [u].[PasswordResetToken], [u].[PasswordResetTokenExpiry], [u].[PasswordResetTokenUsed], [u].[RefreshTokenExpiry], [u].[RefreshTokenHash], [u].[Role], [u].[SocialProvider], [u].[SocialProviderId], [u].[Status], [u].[UpdatedAt]
    FROM [Users] AS [u]
    WHERE [u].[IsDeleted] = CAST(0 AS bit)
) AS [u0] ON [g].[SenderId] = [u0].[Id]
INNER JOIN (
    SELECT [g0].[Id], [g0].[CategoryId], [g0].[CreatedAt], [g0].[CustomJsonContent], [g0].[DeletedAt], [g0].[Description], [g0].[FileUrl], [g0].[IsDeleted], [g0].[IsFeatured], [g0].[IsPremium], [g0].[Name], [g0].[Slug], [g0].[Status], [g0].[Tags], [g0].[ThumbnailUrl], [g0].[UpdatedAt]
    FROM [GreetingCards] AS [g0]
    WHERE [g0].[IsDeleted] = CAST(0 AS bit)
) AS [g1] ON [g].[CardId] = [g1].[Id]
WHERE [e].[Status] = N'PendingRetry' AND [e].[NextRetryAt] <= @__now_0
2026-05-07 09:40:22.050 +07:00 [INF] [CQRS] Handling GetSystemLogsQuery
2026-05-07 09:40:22.059 +07:00 [INF] Executed DbCommand (3ms) [Parameters=[], CommandType='"Text"', CommandTimeout='30']
SELECT COUNT(*)
FROM [SystemLogs] AS [s]
2026-05-07 09:40:22.078 +07:00 [INF] Executed DbCommand (16ms) [Parameters=[@__p_0='?' (DbType = Int32), @__p_1='?' (DbType = Int32)], CommandType='"Text"', CommandTimeout='30']
SELECT [s].[Id], [s].[Timestamp], CASE
    WHEN [s].[ActorId] IS NOT NULL THEN CONVERT(varchar(36), [s].[ActorId])
END, CAST([s].[ActorType] AS nvarchar(max)), CAST([s].[EventType] AS nvarchar(max)), [s].[Description], CAST([s].[Status] AS nvarchar(max)), [s].[IpAddress]
FROM [SystemLogs] AS [s]
ORDER BY [s].[Timestamp] DESC
OFFSET @__p_0 ROWS FETCH NEXT @__p_1 ROWS ONLY
2026-05-07 09:40:22.078 +07:00 [INF] [CQRS] Handled GetSystemLogsQuery successfully
2026-05-07 09:40:22.079 +07:00 [INF] HTTP GET /api/admin/logs responded 200 in 37.6218 ms
2026-05-07 09:49:09.518 +07:00 [INF] Executed DbCommand (2ms) [Parameters=[@__now_0='?' (DbType = DateTime2)], CommandType='"Text"', CommandTimeout='30']
SELECT [e].[Id], [e].[CreatedAt], [e].[GreetingTransactionId], [e].[LastError], [e].[NextRetryAt], [e].[RetryCount], [e].[Status], [e].[UpdatedAt], [g].[Id], [g].[CardId], [g].[CreatedAt], [g].[PersonalMessage], [g].[RecipientEmail], [g].[RetryCount], [g].[ScheduledSendAt], [g].[SenderId], [g].[SentAt], [g].[Status], [g].[Subject], [g].[SubscriptionId], [u0].[Id], [u0].[CreatedAt], [u0].[DeletedAt], [u0].[Email], [u0].[EmailVerificationToken], [u0].[EmailVerificationTokenExpiry], [u0].[FailedLoginCount], [u0].[FullName], [u0].[IsDeleted], [u0].[LastLoginAt], [u0].[LockReason], [u0].[LockoutEndTime], [u0].[PasswordHash], [u0].[PasswordResetToken], [u0].[PasswordResetTokenExpiry], [u0].[PasswordResetTokenUsed], [u0].[RefreshTokenExpiry], [u0].[RefreshTokenHash], [u0].[Role], [u0].[SocialProvider], [u0].[SocialProviderId], [u0].[Status], [u0].[UpdatedAt], [g1].[Id], [g1].[CategoryId], [g1].[CreatedAt], [g1].[CustomJsonContent], [g1].[DeletedAt], [g1].[Description], [g1].[FileUrl], [g1].[IsDeleted], [g1].[IsFeatured], [g1].[IsPremium], [g1].[Name], [g1].[Slug], [g1].[Status], [g1].[Tags], [g1].[ThumbnailUrl], [g1].[UpdatedAt]
FROM [EmailRetryQueues] AS [e]
INNER JOIN [GreetingTransactions] AS [g] ON [e].[GreetingTransactionId] = [g].[Id]
INNER JOIN (
    SELECT [u].[Id], [u].[CreatedAt], [u].[DeletedAt], [u].[Email], [u].[EmailVerificationToken], [u].[EmailVerificationTokenExpiry], [u].[FailedLoginCount], [u].[FullName], [u].[IsDeleted], [u].[LastLoginAt], [u].[LockReason], [u].[LockoutEndTime], [u].[PasswordHash], [u].[PasswordResetToken], [u].[PasswordResetTokenExpiry], [u].[PasswordResetTokenUsed], [u].[RefreshTokenExpiry], [u].[RefreshTokenHash], [u].[Role], [u].[SocialProvider], [u].[SocialProviderId], [u].[Status], [u].[UpdatedAt]
    FROM [Users] AS [u]
    WHERE [u].[IsDeleted] = CAST(0 AS bit)
) AS [u0] ON [g].[SenderId] = [u0].[Id]
INNER JOIN (
    SELECT [g0].[Id], [g0].[CategoryId], [g0].[CreatedAt], [g0].[CustomJsonContent], [g0].[DeletedAt], [g0].[Description], [g0].[FileUrl], [g0].[IsDeleted], [g0].[IsFeatured], [g0].[IsPremium], [g0].[Name], [g0].[Slug], [g0].[Status], [g0].[Tags], [g0].[ThumbnailUrl], [g0].[UpdatedAt]
    FROM [GreetingCards] AS [g0]
    WHERE [g0].[IsDeleted] = CAST(0 AS bit)
) AS [g1] ON [g].[CardId] = [g1].[Id]
WHERE [e].[Status] = N'PendingRetry' AND [e].[NextRetryAt] <= @__now_0
2026-05-07 09:50:09.632 +07:00 [INF] Executed DbCommand (1ms) [Parameters=[@__now_0='?' (DbType = DateTime2)], CommandType='"Text"', CommandTimeout='30']
SELECT [e].[Id], [e].[CreatedAt], [e].[GreetingTransactionId], [e].[LastError], [e].[NextRetryAt], [e].[RetryCount], [e].[Status], [e].[UpdatedAt], [g].[Id], [g].[CardId], [g].[CreatedAt], [g].[PersonalMessage], [g].[RecipientEmail], [g].[RetryCount], [g].[ScheduledSendAt], [g].[SenderId], [g].[SentAt], [g].[Status], [g].[Subject], [g].[SubscriptionId], [u0].[Id], [u0].[CreatedAt], [u0].[DeletedAt], [u0].[Email], [u0].[EmailVerificationToken], [u0].[EmailVerificationTokenExpiry], [u0].[FailedLoginCount], [u0].[FullName], [u0].[IsDeleted], [u0].[LastLoginAt], [u0].[LockReason], [u0].[LockoutEndTime], [u0].[PasswordHash], [u0].[PasswordResetToken], [u0].[PasswordResetTokenExpiry], [u0].[PasswordResetTokenUsed], [u0].[RefreshTokenExpiry], [u0].[RefreshTokenHash], [u0].[Role], [u0].[SocialProvider], [u0].[SocialProviderId], [u0].[Status], [u0].[UpdatedAt], [g1].[Id], [g1].[CategoryId], [g1].[CreatedAt], [g1].[CustomJsonContent], [g1].[DeletedAt], [g1].[Description], [g1].[FileUrl], [g1].[IsDeleted], [g1].[IsFeatured], [g1].[IsPremium], [g1].[Name], [g1].[Slug], [g1].[Status], [g1].[Tags], [g1].[ThumbnailUrl], [g1].[UpdatedAt]
FROM [EmailRetryQueues] AS [e]
INNER JOIN [GreetingTransactions] AS [g] ON [e].[GreetingTransactionId] = [g].[Id]
INNER JOIN (
    SELECT [u].[Id], [u].[CreatedAt], [u].[DeletedAt], [u].[Email], [u].[EmailVerificationToken], [u].[EmailVerificationTokenExpiry], [u].[FailedLoginCount], [u].[FullName], [u].[IsDeleted], [u].[LastLoginAt], [u].[LockReason], [u].[LockoutEndTime], [u].[PasswordHash], [u].[PasswordResetToken], [u].[PasswordResetTokenExpiry], [u].[PasswordResetTokenUsed], [u].[RefreshTokenExpiry], [u].[RefreshTokenHash], [u].[Role], [u].[SocialProvider], [u].[SocialProviderId], [u].[Status], [u].[UpdatedAt]
    FROM [Users] AS [u]
    WHERE [u].[IsDeleted] = CAST(0 AS bit)
) AS [u0] ON [g].[SenderId] = [u0].[Id]
INNER JOIN (
    SELECT [g0].[Id], [g0].[CategoryId], [g0].[CreatedAt], [g0].[CustomJsonContent], [g0].[DeletedAt], [g0].[Description], [g0].[FileUrl], [g0].[IsDeleted], [g0].[IsFeatured], [g0].[IsPremium], [g0].[Name], [g0].[Slug], [g0].[Status], [g0].[Tags], [g0].[ThumbnailUrl], [g0].[UpdatedAt]
    FROM [GreetingCards] AS [g0]
    WHERE [g0].[IsDeleted] = CAST(0 AS bit)
) AS [g1] ON [g].[CardId] = [g1].[Id]
WHERE [e].[Status] = N'PendingRetry' AND [e].[NextRetryAt] <= @__now_0
2026-05-07 09:55:09.998 +07:00 [INF] Executed DbCommand (2ms) [Parameters=[@__now_0='?' (DbType = DateTime2)], CommandType='"Text"', CommandTimeout='30']
SELECT [e].[Id], [e].[CreatedAt], [e].[GreetingTransactionId], [e].[LastError], [e].[NextRetryAt], [e].[RetryCount], [e].[Status], [e].[UpdatedAt], [g].[Id], [g].[CardId], [g].[CreatedAt], [g].[PersonalMessage], [g].[RecipientEmail], [g].[RetryCount], [g].[ScheduledSendAt], [g].[SenderId], [g].[SentAt], [g].[Status], [g].[Subject], [g].[SubscriptionId], [u0].[Id], [u0].[CreatedAt], [u0].[DeletedAt], [u0].[Email], [u0].[EmailVerificationToken], [u0].[EmailVerificationTokenExpiry], [u0].[FailedLoginCount], [u0].[FullName], [u0].[IsDeleted], [u0].[LastLoginAt], [u0].[LockReason], [u0].[LockoutEndTime], [u0].[PasswordHash], [u0].[PasswordResetToken], [u0].[PasswordResetTokenExpiry], [u0].[PasswordResetTokenUsed], [u0].[RefreshTokenExpiry], [u0].[RefreshTokenHash], [u0].[Role], [u0].[SocialProvider], [u0].[SocialProviderId], [u0].[Status], [u0].[UpdatedAt], [g1].[Id], [g1].[CategoryId], [g1].[CreatedAt], [g1].[CustomJsonContent], [g1].[DeletedAt], [g1].[Description], [g1].[FileUrl], [g1].[IsDeleted], [g1].[IsFeatured], [g1].[IsPremium], [g1].[Name], [g1].[Slug], [g1].[Status], [g1].[Tags], [g1].[ThumbnailUrl], [g1].[UpdatedAt]
FROM [EmailRetryQueues] AS [e]
INNER JOIN [GreetingTransactions] AS [g] ON [e].[GreetingTransactionId] = [g].[Id]
INNER JOIN (
    SELECT [u].[Id], [u].[CreatedAt], [u].[DeletedAt], [u].[Email], [u].[EmailVerificationToken], [u].[EmailVerificationTokenExpiry], [u].[FailedLoginCount], [u].[FullName], [u].[IsDeleted], [u].[LastLoginAt], [u].[LockReason], [u].[LockoutEndTime], [u].[PasswordHash], [u].[PasswordResetToken], [u].[PasswordResetTokenExpiry], [u].[PasswordResetTokenUsed], [u].[RefreshTokenExpiry], [u].[RefreshTokenHash], [u].[Role], [u].[SocialProvider], [u].[SocialProviderId], [u].[Status], [u].[UpdatedAt]
    FROM [Users] AS [u]
    WHERE [u].[IsDeleted] = CAST(0 AS bit)
) AS [u0] ON [g].[SenderId] = [u0].[Id]
INNER JOIN (
    SELECT [g0].[Id], [g0].[CategoryId], [g0].[CreatedAt], [g0].[CustomJsonContent], [g0].[DeletedAt], [g0].[Description], [g0].[FileUrl], [g0].[IsDeleted], [g0].[IsFeatured], [g0].[IsPremium], [g0].[Name], [g0].[Slug], [g0].[Status], [g0].[Tags], [g0].[ThumbnailUrl], [g0].[UpdatedAt]
    FROM [GreetingCards] AS [g0]
    WHERE [g0].[IsDeleted] = CAST(0 AS bit)
) AS [g1] ON [g].[CardId] = [g1].[Id]
WHERE [e].[Status] = N'PendingRetry' AND [e].[NextRetryAt] <= @__now_0
2026-05-07 10:00:10.371 +07:00 [INF] Executed DbCommand (2ms) [Parameters=[@__now_0='?' (DbType = DateTime2)], CommandType='"Text"', CommandTimeout='30']
SELECT [e].[Id], [e].[CreatedAt], [e].[GreetingTransactionId], [e].[LastError], [e].[NextRetryAt], [e].[RetryCount], [e].[Status], [e].[UpdatedAt], [g].[Id], [g].[CardId], [g].[CreatedAt], [g].[PersonalMessage], [g].[RecipientEmail], [g].[RetryCount], [g].[ScheduledSendAt], [g].[SenderId], [g].[SentAt], [g].[Status], [g].[Subject], [g].[SubscriptionId], [u0].[Id], [u0].[CreatedAt], [u0].[DeletedAt], [u0].[Email], [u0].[EmailVerificationToken], [u0].[EmailVerificationTokenExpiry], [u0].[FailedLoginCount], [u0].[FullName], [u0].[IsDeleted], [u0].[LastLoginAt], [u0].[LockReason], [u0].[LockoutEndTime], [u0].[PasswordHash], [u0].[PasswordResetToken], [u0].[PasswordResetTokenExpiry], [u0].[PasswordResetTokenUsed], [u0].[RefreshTokenExpiry], [u0].[RefreshTokenHash], [u0].[Role], [u0].[SocialProvider], [u0].[SocialProviderId], [u0].[Status], [u0].[UpdatedAt], [g1].[Id], [g1].[CategoryId], [g1].[CreatedAt], [g1].[CustomJsonContent], [g1].[DeletedAt], [g1].[Description], [g1].[FileUrl], [g1].[IsDeleted], [g1].[IsFeatured], [g1].[IsPremium], [g1].[Name], [g1].[Slug], [g1].[Status], [g1].[Tags], [g1].[ThumbnailUrl], [g1].[UpdatedAt]
FROM [EmailRetryQueues] AS [e]
INNER JOIN [GreetingTransactions] AS [g] ON [e].[GreetingTransactionId] = [g].[Id]
INNER JOIN (
    SELECT [u].[Id], [u].[CreatedAt], [u].[DeletedAt], [u].[Email], [u].[EmailVerificationToken], [u].[EmailVerificationTokenExpiry], [u].[FailedLoginCount], [u].[FullName], [u].[IsDeleted], [u].[LastLoginAt], [u].[LockReason], [u].[LockoutEndTime], [u].[PasswordHash], [u].[PasswordResetToken], [u].[PasswordResetTokenExpiry], [u].[PasswordResetTokenUsed], [u].[RefreshTokenExpiry], [u].[RefreshTokenHash], [u].[Role], [u].[SocialProvider], [u].[SocialProviderId], [u].[Status], [u].[UpdatedAt]
    FROM [Users] AS [u]
    WHERE [u].[IsDeleted] = CAST(0 AS bit)
) AS [u0] ON [g].[SenderId] = [u0].[Id]
INNER JOIN (
    SELECT [g0].[Id], [g0].[CategoryId], [g0].[CreatedAt], [g0].[CustomJsonContent], [g0].[DeletedAt], [g0].[Description], [g0].[FileUrl], [g0].[IsDeleted], [g0].[IsFeatured], [g0].[IsPremium], [g0].[Name], [g0].[Slug], [g0].[Status], [g0].[Tags], [g0].[ThumbnailUrl], [g0].[UpdatedAt]
    FROM [GreetingCards] AS [g0]
    WHERE [g0].[IsDeleted] = CAST(0 AS bit)
) AS [g1] ON [g].[CardId] = [g1].[Id]
WHERE [e].[Status] = N'PendingRetry' AND [e].[NextRetryAt] <= @__now_0
2026-05-07 10:05:10.749 +07:00 [INF] Executed DbCommand (3ms) [Parameters=[@__now_0='?' (DbType = DateTime2)], CommandType='"Text"', CommandTimeout='30']
SELECT [e].[Id], [e].[CreatedAt], [e].[GreetingTransactionId], [e].[LastError], [e].[NextRetryAt], [e].[RetryCount], [e].[Status], [e].[UpdatedAt], [g].[Id], [g].[CardId], [g].[CreatedAt], [g].[PersonalMessage], [g].[RecipientEmail], [g].[RetryCount], [g].[ScheduledSendAt], [g].[SenderId], [g].[SentAt], [g].[Status], [g].[Subject], [g].[SubscriptionId], [u0].[Id], [u0].[CreatedAt], [u0].[DeletedAt], [u0].[Email], [u0].[EmailVerificationToken], [u0].[EmailVerificationTokenExpiry], [u0].[FailedLoginCount], [u0].[FullName], [u0].[IsDeleted], [u0].[LastLoginAt], [u0].[LockReason], [u0].[LockoutEndTime], [u0].[PasswordHash], [u0].[PasswordResetToken], [u0].[PasswordResetTokenExpiry], [u0].[PasswordResetTokenUsed], [u0].[RefreshTokenExpiry], [u0].[RefreshTokenHash], [u0].[Role], [u0].[SocialProvider], [u0].[SocialProviderId], [u0].[Status], [u0].[UpdatedAt], [g1].[Id], [g1].[CategoryId], [g1].[CreatedAt], [g1].[CustomJsonContent], [g1].[DeletedAt], [g1].[Description], [g1].[FileUrl], [g1].[IsDeleted], [g1].[IsFeatured], [g1].[IsPremium], [g1].[Name], [g1].[Slug], [g1].[Status], [g1].[Tags], [g1].[ThumbnailUrl], [g1].[UpdatedAt]
FROM [EmailRetryQueues] AS [e]
INNER JOIN [GreetingTransactions] AS [g] ON [e].[GreetingTransactionId] = [g].[Id]
INNER JOIN (
    SELECT [u].[Id], [u].[CreatedAt], [u].[DeletedAt], [u].[Email], [u].[EmailVerificationToken], [u].[EmailVerificationTokenExpiry], [u].[FailedLoginCount], [u].[FullName], [u].[IsDeleted], [u].[LastLoginAt], [u].[LockReason], [u].[LockoutEndTime], [u].[PasswordHash], [u].[PasswordResetToken], [u].[PasswordResetTokenExpiry], [u].[PasswordResetTokenUsed], [u].[RefreshTokenExpiry], [u].[RefreshTokenHash], [u].[Role], [u].[SocialProvider], [u].[SocialProviderId], [u].[Status], [u].[UpdatedAt]
    FROM [Users] AS [u]
    WHERE [u].[IsDeleted] = CAST(0 AS bit)
) AS [u0] ON [g].[SenderId] = [u0].[Id]
INNER JOIN (
    SELECT [g0].[Id], [g0].[CategoryId], [g0].[CreatedAt], [g0].[CustomJsonContent], [g0].[DeletedAt], [g0].[Description], [g0].[FileUrl], [g0].[IsDeleted], [g0].[IsFeatured], [g0].[IsPremium], [g0].[Name], [g0].[Slug], [g0].[Status], [g0].[Tags], [g0].[ThumbnailUrl], [g0].[UpdatedAt]
    FROM [GreetingCards] AS [g0]
    WHERE [g0].[IsDeleted] = CAST(0 AS bit)
) AS [g1] ON [g].[CardId] = [g1].[Id]
WHERE [e].[Status] = N'PendingRetry' AND [e].[NextRetryAt] <= @__now_0
2026-05-07 10:10:11.101 +07:00 [INF] Executed DbCommand (3ms) [Parameters=[@__now_0='?' (DbType = DateTime2)], CommandType='"Text"', CommandTimeout='30']
SELECT [e].[Id], [e].[CreatedAt], [e].[GreetingTransactionId], [e].[LastError], [e].[NextRetryAt], [e].[RetryCount], [e].[Status], [e].[UpdatedAt], [g].[Id], [g].[CardId], [g].[CreatedAt], [g].[PersonalMessage], [g].[RecipientEmail], [g].[RetryCount], [g].[ScheduledSendAt], [g].[SenderId], [g].[SentAt], [g].[Status], [g].[Subject], [g].[SubscriptionId], [u0].[Id], [u0].[CreatedAt], [u0].[DeletedAt], [u0].[Email], [u0].[EmailVerificationToken], [u0].[EmailVerificationTokenExpiry], [u0].[FailedLoginCount], [u0].[FullName], [u0].[IsDeleted], [u0].[LastLoginAt], [u0].[LockReason], [u0].[LockoutEndTime], [u0].[PasswordHash], [u0].[PasswordResetToken], [u0].[PasswordResetTokenExpiry], [u0].[PasswordResetTokenUsed], [u0].[RefreshTokenExpiry], [u0].[RefreshTokenHash], [u0].[Role], [u0].[SocialProvider], [u0].[SocialProviderId], [u0].[Status], [u0].[UpdatedAt], [g1].[Id], [g1].[CategoryId], [g1].[CreatedAt], [g1].[CustomJsonContent], [g1].[DeletedAt], [g1].[Description], [g1].[FileUrl], [g1].[IsDeleted], [g1].[IsFeatured], [g1].[IsPremium], [g1].[Name], [g1].[Slug], [g1].[Status], [g1].[Tags], [g1].[ThumbnailUrl], [g1].[UpdatedAt]
FROM [EmailRetryQueues] AS [e]
INNER JOIN [GreetingTransactions] AS [g] ON [e].[GreetingTransactionId] = [g].[Id]
INNER JOIN (
    SELECT [u].[Id], [u].[CreatedAt], [u].[DeletedAt], [u].[Email], [u].[EmailVerificationToken], [u].[EmailVerificationTokenExpiry], [u].[FailedLoginCount], [u].[FullName], [u].[IsDeleted], [u].[LastLoginAt], [u].[LockReason], [u].[LockoutEndTime], [u].[PasswordHash], [u].[PasswordResetToken], [u].[PasswordResetTokenExpiry], [u].[PasswordResetTokenUsed], [u].[RefreshTokenExpiry], [u].[RefreshTokenHash], [u].[Role], [u].[SocialProvider], [u].[SocialProviderId], [u].[Status], [u].[UpdatedAt]
    FROM [Users] AS [u]
    WHERE [u].[IsDeleted] = CAST(0 AS bit)
) AS [u0] ON [g].[SenderId] = [u0].[Id]
INNER JOIN (
    SELECT [g0].[Id], [g0].[CategoryId], [g0].[CreatedAt], [g0].[CustomJsonContent], [g0].[DeletedAt], [g0].[Description], [g0].[FileUrl], [g0].[IsDeleted], [g0].[IsFeatured], [g0].[IsPremium], [g0].[Name], [g0].[Slug], [g0].[Status], [g0].[Tags], [g0].[ThumbnailUrl], [g0].[UpdatedAt]
    FROM [GreetingCards] AS [g0]
    WHERE [g0].[IsDeleted] = CAST(0 AS bit)
) AS [g1] ON [g].[CardId] = [g1].[Id]
WHERE [e].[Status] = N'PendingRetry' AND [e].[NextRetryAt] <= @__now_0
2026-05-07 10:15:11.480 +07:00 [INF] Executed DbCommand (2ms) [Parameters=[@__now_0='?' (DbType = DateTime2)], CommandType='"Text"', CommandTimeout='30']
SELECT [e].[Id], [e].[CreatedAt], [e].[GreetingTransactionId], [e].[LastError], [e].[NextRetryAt], [e].[RetryCount], [e].[Status], [e].[UpdatedAt], [g].[Id], [g].[CardId], [g].[CreatedAt], [g].[PersonalMessage], [g].[RecipientEmail], [g].[RetryCount], [g].[ScheduledSendAt], [g].[SenderId], [g].[SentAt], [g].[Status], [g].[Subject], [g].[SubscriptionId], [u0].[Id], [u0].[CreatedAt], [u0].[DeletedAt], [u0].[Email], [u0].[EmailVerificationToken], [u0].[EmailVerificationTokenExpiry], [u0].[FailedLoginCount], [u0].[FullName], [u0].[IsDeleted], [u0].[LastLoginAt], [u0].[LockReason], [u0].[LockoutEndTime], [u0].[PasswordHash], [u0].[PasswordResetToken], [u0].[PasswordResetTokenExpiry], [u0].[PasswordResetTokenUsed], [u0].[RefreshTokenExpiry], [u0].[RefreshTokenHash], [u0].[Role], [u0].[SocialProvider], [u0].[SocialProviderId], [u0].[Status], [u0].[UpdatedAt], [g1].[Id], [g1].[CategoryId], [g1].[CreatedAt], [g1].[CustomJsonContent], [g1].[DeletedAt], [g1].[Description], [g1].[FileUrl], [g1].[IsDeleted], [g1].[IsFeatured], [g1].[IsPremium], [g1].[Name], [g1].[Slug], [g1].[Status], [g1].[Tags], [g1].[ThumbnailUrl], [g1].[UpdatedAt]
FROM [EmailRetryQueues] AS [e]
INNER JOIN [GreetingTransactions] AS [g] ON [e].[GreetingTransactionId] = [g].[Id]
INNER JOIN (
    SELECT [u].[Id], [u].[CreatedAt], [u].[DeletedAt], [u].[Email], [u].[EmailVerificationToken], [u].[EmailVerificationTokenExpiry], [u].[FailedLoginCount], [u].[FullName], [u].[IsDeleted], [u].[LastLoginAt], [u].[LockReason], [u].[LockoutEndTime], [u].[PasswordHash], [u].[PasswordResetToken], [u].[PasswordResetTokenExpiry], [u].[PasswordResetTokenUsed], [u].[RefreshTokenExpiry], [u].[RefreshTokenHash], [u].[Role], [u].[SocialProvider], [u].[SocialProviderId], [u].[Status], [u].[UpdatedAt]
    FROM [Users] AS [u]
    WHERE [u].[IsDeleted] = CAST(0 AS bit)
) AS [u0] ON [g].[SenderId] = [u0].[Id]
INNER JOIN (
    SELECT [g0].[Id], [g0].[CategoryId], [g0].[CreatedAt], [g0].[CustomJsonContent], [g0].[DeletedAt], [g0].[Description], [g0].[FileUrl], [g0].[IsDeleted], [g0].[IsFeatured], [g0].[IsPremium], [g0].[Name], [g0].[Slug], [g0].[Status], [g0].[Tags], [g0].[ThumbnailUrl], [g0].[UpdatedAt]
    FROM [GreetingCards] AS [g0]
    WHERE [g0].[IsDeleted] = CAST(0 AS bit)
) AS [g1] ON [g].[CardId] = [g1].[Id]
WHERE [e].[Status] = N'PendingRetry' AND [e].[NextRetryAt] <= @__now_0
2026-05-07 10:18:19.746 +07:00 [INF] [CQRS] Handling GetSystemLogsQuery
2026-05-07 10:18:19.752 +07:00 [INF] Executed DbCommand (5ms) [Parameters=[], CommandType='"Text"', CommandTimeout='30']
SELECT COUNT(*)
FROM [SystemLogs] AS [s]
2026-05-07 10:18:19.758 +07:00 [INF] Executed DbCommand (4ms) [Parameters=[@__p_0='?' (DbType = Int32), @__p_1='?' (DbType = Int32)], CommandType='"Text"', CommandTimeout='30']
SELECT [s].[Id], [s].[Timestamp], CASE
    WHEN [s].[ActorId] IS NOT NULL THEN CONVERT(varchar(36), [s].[ActorId])
END, CAST([s].[ActorType] AS nvarchar(max)), CAST([s].[EventType] AS nvarchar(max)), [s].[Description], CAST([s].[Status] AS nvarchar(max)), [s].[IpAddress]
FROM [SystemLogs] AS [s]
ORDER BY [s].[Timestamp] DESC
OFFSET @__p_0 ROWS FETCH NEXT @__p_1 ROWS ONLY
2026-05-07 10:18:19.758 +07:00 [INF] [CQRS] Handled GetSystemLogsQuery successfully
2026-05-07 10:18:19.759 +07:00 [INF] HTTP GET /api/admin/logs responded 200 in 16.5868 ms
2026-05-07 10:20:45.774 +07:00 [INF] Executed DbCommand (3ms) [Parameters=[@__now_0='?' (DbType = DateTime2)], CommandType='"Text"', CommandTimeout='30']
SELECT [e].[Id], [e].[CreatedAt], [e].[GreetingTransactionId], [e].[LastError], [e].[NextRetryAt], [e].[RetryCount], [e].[Status], [e].[UpdatedAt], [g].[Id], [g].[CardId], [g].[CreatedAt], [g].[PersonalMessage], [g].[RecipientEmail], [g].[RetryCount], [g].[ScheduledSendAt], [g].[SenderId], [g].[SentAt], [g].[Status], [g].[Subject], [g].[SubscriptionId], [u0].[Id], [u0].[CreatedAt], [u0].[DeletedAt], [u0].[Email], [u0].[EmailVerificationToken], [u0].[EmailVerificationTokenExpiry], [u0].[FailedLoginCount], [u0].[FullName], [u0].[IsDeleted], [u0].[LastLoginAt], [u0].[LockReason], [u0].[LockoutEndTime], [u0].[PasswordHash], [u0].[PasswordResetToken], [u0].[PasswordResetTokenExpiry], [u0].[PasswordResetTokenUsed], [u0].[RefreshTokenExpiry], [u0].[RefreshTokenHash], [u0].[Role], [u0].[SocialProvider], [u0].[SocialProviderId], [u0].[Status], [u0].[UpdatedAt], [g1].[Id], [g1].[CategoryId], [g1].[CreatedAt], [g1].[CustomJsonContent], [g1].[DeletedAt], [g1].[Description], [g1].[FileUrl], [g1].[IsDeleted], [g1].[IsFeatured], [g1].[IsPremium], [g1].[Name], [g1].[Slug], [g1].[Status], [g1].[Tags], [g1].[ThumbnailUrl], [g1].[UpdatedAt]
FROM [EmailRetryQueues] AS [e]
INNER JOIN [GreetingTransactions] AS [g] ON [e].[GreetingTransactionId] = [g].[Id]
INNER JOIN (
    SELECT [u].[Id], [u].[CreatedAt], [u].[DeletedAt], [u].[Email], [u].[EmailVerificationToken], [u].[EmailVerificationTokenExpiry], [u].[FailedLoginCount], [u].[FullName], [u].[IsDeleted], [u].[LastLoginAt], [u].[LockReason], [u].[LockoutEndTime], [u].[PasswordHash], [u].[PasswordResetToken], [u].[PasswordResetTokenExpiry], [u].[PasswordResetTokenUsed], [u].[RefreshTokenExpiry], [u].[RefreshTokenHash], [u].[Role], [u].[SocialProvider], [u].[SocialProviderId], [u].[Status], [u].[UpdatedAt]
    FROM [Users] AS [u]
    WHERE [u].[IsDeleted] = CAST(0 AS bit)
) AS [u0] ON [g].[SenderId] = [u0].[Id]
INNER JOIN (
    SELECT [g0].[Id], [g0].[CategoryId], [g0].[CreatedAt], [g0].[CustomJsonContent], [g0].[DeletedAt], [g0].[Description], [g0].[FileUrl], [g0].[IsDeleted], [g0].[IsFeatured], [g0].[IsPremium], [g0].[Name], [g0].[Slug], [g0].[Status], [g0].[Tags], [g0].[ThumbnailUrl], [g0].[UpdatedAt]
    FROM [GreetingCards] AS [g0]
    WHERE [g0].[IsDeleted] = CAST(0 AS bit)
) AS [g1] ON [g].[CardId] = [g1].[Id]
WHERE [e].[Status] = N'PendingRetry' AND [e].[NextRetryAt] <= @__now_0
2026-05-07 10:22:44.808 +07:00 [INF] [CQRS] Handling GetSystemLogsQuery
2026-05-07 10:22:44.827 +07:00 [INF] Executed DbCommand (18ms) [Parameters=[], CommandType='"Text"', CommandTimeout='30']
SELECT COUNT(*)
FROM [SystemLogs] AS [s]
2026-05-07 10:22:44.839 +07:00 [INF] Executed DbCommand (11ms) [Parameters=[@__p_0='?' (DbType = Int32), @__p_1='?' (DbType = Int32)], CommandType='"Text"', CommandTimeout='30']
SELECT [s].[Id], [s].[Timestamp], CASE
    WHEN [s].[ActorId] IS NOT NULL THEN CONVERT(varchar(36), [s].[ActorId])
END, CAST([s].[ActorType] AS nvarchar(max)), CAST([s].[EventType] AS nvarchar(max)), [s].[Description], CAST([s].[Status] AS nvarchar(max)), [s].[IpAddress]
FROM [SystemLogs] AS [s]
ORDER BY [s].[Timestamp] DESC
OFFSET @__p_0 ROWS FETCH NEXT @__p_1 ROWS ONLY
2026-05-07 10:22:44.839 +07:00 [INF] [CQRS] Handled GetSystemLogsQuery successfully
2026-05-07 10:22:44.840 +07:00 [INF] HTTP GET /api/admin/logs responded 200 in 32.7875 ms
2026-05-07 10:27:44.598 +07:00 [INF] Executed DbCommand (2ms) [Parameters=[@__now_0='?' (DbType = DateTime2)], CommandType='"Text"', CommandTimeout='30']
SELECT [e].[Id], [e].[CreatedAt], [e].[GreetingTransactionId], [e].[LastError], [e].[NextRetryAt], [e].[RetryCount], [e].[Status], [e].[UpdatedAt], [g].[Id], [g].[CardId], [g].[CreatedAt], [g].[PersonalMessage], [g].[RecipientEmail], [g].[RetryCount], [g].[ScheduledSendAt], [g].[SenderId], [g].[SentAt], [g].[Status], [g].[Subject], [g].[SubscriptionId], [u0].[Id], [u0].[CreatedAt], [u0].[DeletedAt], [u0].[Email], [u0].[EmailVerificationToken], [u0].[EmailVerificationTokenExpiry], [u0].[FailedLoginCount], [u0].[FullName], [u0].[IsDeleted], [u0].[LastLoginAt], [u0].[LockReason], [u0].[LockoutEndTime], [u0].[PasswordHash], [u0].[PasswordResetToken], [u0].[PasswordResetTokenExpiry], [u0].[PasswordResetTokenUsed], [u0].[RefreshTokenExpiry], [u0].[RefreshTokenHash], [u0].[Role], [u0].[SocialProvider], [u0].[SocialProviderId], [u0].[Status], [u0].[UpdatedAt], [g1].[Id], [g1].[CategoryId], [g1].[CreatedAt], [g1].[CustomJsonContent], [g1].[DeletedAt], [g1].[Description], [g1].[FileUrl], [g1].[IsDeleted], [g1].[IsFeatured], [g1].[IsPremium], [g1].[Name], [g1].[Slug], [g1].[Status], [g1].[Tags], [g1].[ThumbnailUrl], [g1].[UpdatedAt]
FROM [EmailRetryQueues] AS [e]
INNER JOIN [GreetingTransactions] AS [g] ON [e].[GreetingTransactionId] = [g].[Id]
INNER JOIN (
    SELECT [u].[Id], [u].[CreatedAt], [u].[DeletedAt], [u].[Email], [u].[EmailVerificationToken], [u].[EmailVerificationTokenExpiry], [u].[FailedLoginCount], [u].[FullName], [u].[IsDeleted], [u].[LastLoginAt], [u].[LockReason], [u].[LockoutEndTime], [u].[PasswordHash], [u].[PasswordResetToken], [u].[PasswordResetTokenExpiry], [u].[PasswordResetTokenUsed], [u].[RefreshTokenExpiry], [u].[RefreshTokenHash], [u].[Role], [u].[SocialProvider], [u].[SocialProviderId], [u].[Status], [u].[UpdatedAt]
    FROM [Users] AS [u]
    WHERE [u].[IsDeleted] = CAST(0 AS bit)
) AS [u0] ON [g].[SenderId] = [u0].[Id]
INNER JOIN (
    SELECT [g0].[Id], [g0].[CategoryId], [g0].[CreatedAt], [g0].[CustomJsonContent], [g0].[DeletedAt], [g0].[Description], [g0].[FileUrl], [g0].[IsDeleted], [g0].[IsFeatured], [g0].[IsPremium], [g0].[Name], [g0].[Slug], [g0].[Status], [g0].[Tags], [g0].[ThumbnailUrl], [g0].[UpdatedAt]
    FROM [GreetingCards] AS [g0]
    WHERE [g0].[IsDeleted] = CAST(0 AS bit)
) AS [g1] ON [g].[CardId] = [g1].[Id]
WHERE [e].[Status] = N'PendingRetry' AND [e].[NextRetryAt] <= @__now_0
2026-05-07 10:29:34.010 +07:00 [INF] [CQRS] Handling GetSystemLogsQuery
2026-05-07 10:29:34.018 +07:00 [INF] Executed DbCommand (7ms) [Parameters=[], CommandType='"Text"', CommandTimeout='30']
SELECT COUNT(*)
FROM [SystemLogs] AS [s]
2026-05-07 10:29:34.022 +07:00 [INF] Executed DbCommand (2ms) [Parameters=[@__p_0='?' (DbType = Int32), @__p_1='?' (DbType = Int32)], CommandType='"Text"', CommandTimeout='30']
SELECT [s].[Id], [s].[Timestamp], CASE
    WHEN [s].[ActorId] IS NOT NULL THEN CONVERT(varchar(36), [s].[ActorId])
END, CAST([s].[ActorType] AS nvarchar(max)), CAST([s].[EventType] AS nvarchar(max)), [s].[Description], CAST([s].[Status] AS nvarchar(max)), [s].[IpAddress]
FROM [SystemLogs] AS [s]
ORDER BY [s].[Timestamp] DESC
OFFSET @__p_0 ROWS FETCH NEXT @__p_1 ROWS ONLY
2026-05-07 10:29:34.023 +07:00 [INF] [CQRS] Handled GetSystemLogsQuery successfully
2026-05-07 10:29:34.024 +07:00 [INF] HTTP GET /api/admin/logs responded 200 in 16.2335 ms
2026-05-07 10:46:40.560 +07:00 [INF] Executed DbCommand (2ms) [Parameters=[@__now_0='?' (DbType = DateTime2)], CommandType='"Text"', CommandTimeout='30']
SELECT [e].[Id], [e].[CreatedAt], [e].[GreetingTransactionId], [e].[LastError], [e].[NextRetryAt], [e].[RetryCount], [e].[Status], [e].[UpdatedAt], [g].[Id], [g].[CardId], [g].[CreatedAt], [g].[PersonalMessage], [g].[RecipientEmail], [g].[RetryCount], [g].[ScheduledSendAt], [g].[SenderId], [g].[SentAt], [g].[Status], [g].[Subject], [g].[SubscriptionId], [u0].[Id], [u0].[CreatedAt], [u0].[DeletedAt], [u0].[Email], [u0].[EmailVerificationToken], [u0].[EmailVerificationTokenExpiry], [u0].[FailedLoginCount], [u0].[FullName], [u0].[IsDeleted], [u0].[LastLoginAt], [u0].[LockReason], [u0].[LockoutEndTime], [u0].[PasswordHash], [u0].[PasswordResetToken], [u0].[PasswordResetTokenExpiry], [u0].[PasswordResetTokenUsed], [u0].[RefreshTokenExpiry], [u0].[RefreshTokenHash], [u0].[Role], [u0].[SocialProvider], [u0].[SocialProviderId], [u0].[Status], [u0].[UpdatedAt], [g1].[Id], [g1].[CategoryId], [g1].[CreatedAt], [g1].[CustomJsonContent], [g1].[DeletedAt], [g1].[Description], [g1].[FileUrl], [g1].[IsDeleted], [g1].[IsFeatured], [g1].[IsPremium], [g1].[Name], [g1].[Slug], [g1].[Status], [g1].[Tags], [g1].[ThumbnailUrl], [g1].[UpdatedAt]
FROM [EmailRetryQueues] AS [e]
INNER JOIN [GreetingTransactions] AS [g] ON [e].[GreetingTransactionId] = [g].[Id]
INNER JOIN (
    SELECT [u].[Id], [u].[CreatedAt], [u].[DeletedAt], [u].[Email], [u].[EmailVerificationToken], [u].[EmailVerificationTokenExpiry], [u].[FailedLoginCount], [u].[FullName], [u].[IsDeleted], [u].[LastLoginAt], [u].[LockReason], [u].[LockoutEndTime], [u].[PasswordHash], [u].[PasswordResetToken], [u].[PasswordResetTokenExpiry], [u].[PasswordResetTokenUsed], [u].[RefreshTokenExpiry], [u].[RefreshTokenHash], [u].[Role], [u].[SocialProvider], [u].[SocialProviderId], [u].[Status], [u].[UpdatedAt]
    FROM [Users] AS [u]
    WHERE [u].[IsDeleted] = CAST(0 AS bit)
) AS [u0] ON [g].[SenderId] = [u0].[Id]
INNER JOIN (
    SELECT [g0].[Id], [g0].[CategoryId], [g0].[CreatedAt], [g0].[CustomJsonContent], [g0].[DeletedAt], [g0].[Description], [g0].[FileUrl], [g0].[IsDeleted], [g0].[IsFeatured], [g0].[IsPremium], [g0].[Name], [g0].[Slug], [g0].[Status], [g0].[Tags], [g0].[ThumbnailUrl], [g0].[UpdatedAt]
    FROM [GreetingCards] AS [g0]
    WHERE [g0].[IsDeleted] = CAST(0 AS bit)
) AS [g1] ON [g].[CardId] = [g1].[Id]
WHERE [e].[Status] = N'PendingRetry' AND [e].[NextRetryAt] <= @__now_0
2026-05-07 10:54:43.571 +07:00 [INF] Executed DbCommand (2ms) [Parameters=[@__now_0='?' (DbType = DateTime2)], CommandType='"Text"', CommandTimeout='30']
SELECT [e].[Id], [e].[CreatedAt], [e].[GreetingTransactionId], [e].[LastError], [e].[NextRetryAt], [e].[RetryCount], [e].[Status], [e].[UpdatedAt], [g].[Id], [g].[CardId], [g].[CreatedAt], [g].[PersonalMessage], [g].[RecipientEmail], [g].[RetryCount], [g].[ScheduledSendAt], [g].[SenderId], [g].[SentAt], [g].[Status], [g].[Subject], [g].[SubscriptionId], [u0].[Id], [u0].[CreatedAt], [u0].[DeletedAt], [u0].[Email], [u0].[EmailVerificationToken], [u0].[EmailVerificationTokenExpiry], [u0].[FailedLoginCount], [u0].[FullName], [u0].[IsDeleted], [u0].[LastLoginAt], [u0].[LockReason], [u0].[LockoutEndTime], [u0].[PasswordHash], [u0].[PasswordResetToken], [u0].[PasswordResetTokenExpiry], [u0].[PasswordResetTokenUsed], [u0].[RefreshTokenExpiry], [u0].[RefreshTokenHash], [u0].[Role], [u0].[SocialProvider], [u0].[SocialProviderId], [u0].[Status], [u0].[UpdatedAt], [g1].[Id], [g1].[CategoryId], [g1].[CreatedAt], [g1].[CustomJsonContent], [g1].[DeletedAt], [g1].[Description], [g1].[FileUrl], [g1].[IsDeleted], [g1].[IsFeatured], [g1].[IsPremium], [g1].[Name], [g1].[Slug], [g1].[Status], [g1].[Tags], [g1].[ThumbnailUrl], [g1].[UpdatedAt]
FROM [EmailRetryQueues] AS [e]
INNER JOIN [GreetingTransactions] AS [g] ON [e].[GreetingTransactionId] = [g].[Id]
INNER JOIN (
    SELECT [u].[Id], [u].[CreatedAt], [u].[DeletedAt], [u].[Email], [u].[EmailVerificationToken], [u].[EmailVerificationTokenExpiry], [u].[FailedLoginCount], [u].[FullName], [u].[IsDeleted], [u].[LastLoginAt], [u].[LockReason], [u].[LockoutEndTime], [u].[PasswordHash], [u].[PasswordResetToken], [u].[PasswordResetTokenExpiry], [u].[PasswordResetTokenUsed], [u].[RefreshTokenExpiry], [u].[RefreshTokenHash], [u].[Role], [u].[SocialProvider], [u].[SocialProviderId], [u].[Status], [u].[UpdatedAt]
    FROM [Users] AS [u]
    WHERE [u].[IsDeleted] = CAST(0 AS bit)
) AS [u0] ON [g].[SenderId] = [u0].[Id]
INNER JOIN (
    SELECT [g0].[Id], [g0].[CategoryId], [g0].[CreatedAt], [g0].[CustomJsonContent], [g0].[DeletedAt], [g0].[Description], [g0].[FileUrl], [g0].[IsDeleted], [g0].[IsFeatured], [g0].[IsPremium], [g0].[Name], [g0].[Slug], [g0].[Status], [g0].[Tags], [g0].[ThumbnailUrl], [g0].[UpdatedAt]
    FROM [GreetingCards] AS [g0]
    WHERE [g0].[IsDeleted] = CAST(0 AS bit)
) AS [g1] ON [g].[CardId] = [g1].[Id]
WHERE [e].[Status] = N'PendingRetry' AND [e].[NextRetryAt] <= @__now_0
2026-05-07 10:55:13.650 +07:00 [INF] Executed DbCommand (2ms) [Parameters=[@__now_0='?' (DbType = DateTime2)], CommandType='"Text"', CommandTimeout='30']
SELECT [e].[Id], [e].[CreatedAt], [e].[GreetingTransactionId], [e].[LastError], [e].[NextRetryAt], [e].[RetryCount], [e].[Status], [e].[UpdatedAt], [g].[Id], [g].[CardId], [g].[CreatedAt], [g].[PersonalMessage], [g].[RecipientEmail], [g].[RetryCount], [g].[ScheduledSendAt], [g].[SenderId], [g].[SentAt], [g].[Status], [g].[Subject], [g].[SubscriptionId], [u0].[Id], [u0].[CreatedAt], [u0].[DeletedAt], [u0].[Email], [u0].[EmailVerificationToken], [u0].[EmailVerificationTokenExpiry], [u0].[FailedLoginCount], [u0].[FullName], [u0].[IsDeleted], [u0].[LastLoginAt], [u0].[LockReason], [u0].[LockoutEndTime], [u0].[PasswordHash], [u0].[PasswordResetToken], [u0].[PasswordResetTokenExpiry], [u0].[PasswordResetTokenUsed], [u0].[RefreshTokenExpiry], [u0].[RefreshTokenHash], [u0].[Role], [u0].[SocialProvider], [u0].[SocialProviderId], [u0].[Status], [u0].[UpdatedAt], [g1].[Id], [g1].[CategoryId], [g1].[CreatedAt], [g1].[CustomJsonContent], [g1].[DeletedAt], [g1].[Description], [g1].[FileUrl], [g1].[IsDeleted], [g1].[IsFeatured], [g1].[IsPremium], [g1].[Name], [g1].[Slug], [g1].[Status], [g1].[Tags], [g1].[ThumbnailUrl], [g1].[UpdatedAt]
FROM [EmailRetryQueues] AS [e]
INNER JOIN [GreetingTransactions] AS [g] ON [e].[GreetingTransactionId] = [g].[Id]
INNER JOIN (
    SELECT [u].[Id], [u].[CreatedAt], [u].[DeletedAt], [u].[Email], [u].[EmailVerificationToken], [u].[EmailVerificationTokenExpiry], [u].[FailedLoginCount], [u].[FullName], [u].[IsDeleted], [u].[LastLoginAt], [u].[LockReason], [u].[LockoutEndTime], [u].[PasswordHash], [u].[PasswordResetToken], [u].[PasswordResetTokenExpiry], [u].[PasswordResetTokenUsed], [u].[RefreshTokenExpiry], [u].[RefreshTokenHash], [u].[Role], [u].[SocialProvider], [u].[SocialProviderId], [u].[Status], [u].[UpdatedAt]
    FROM [Users] AS [u]
    WHERE [u].[IsDeleted] = CAST(0 AS bit)
) AS [u0] ON [g].[SenderId] = [u0].[Id]
INNER JOIN (
    SELECT [g0].[Id], [g0].[CategoryId], [g0].[CreatedAt], [g0].[CustomJsonContent], [g0].[DeletedAt], [g0].[Description], [g0].[FileUrl], [g0].[IsDeleted], [g0].[IsFeatured], [g0].[IsPremium], [g0].[Name], [g0].[Slug], [g0].[Status], [g0].[Tags], [g0].[ThumbnailUrl], [g0].[UpdatedAt]
    FROM [GreetingCards] AS [g0]
    WHERE [g0].[IsDeleted] = CAST(0 AS bit)
) AS [g1] ON [g].[CardId] = [g1].[Id]
WHERE [e].[Status] = N'PendingRetry' AND [e].[NextRetryAt] <= @__now_0
2026-05-07 10:56:43.880 +07:00 [INF] [CQRS] Handling GetSystemLogsQuery
2026-05-07 10:56:43.886 +07:00 [INF] Executed DbCommand (4ms) [Parameters=[], CommandType='"Text"', CommandTimeout='30']
SELECT COUNT(*)
FROM [SystemLogs] AS [s]
2026-05-07 10:56:43.893 +07:00 [INF] Executed DbCommand (5ms) [Parameters=[@__p_0='?' (DbType = Int32), @__p_1='?' (DbType = Int32)], CommandType='"Text"', CommandTimeout='30']
SELECT [s].[Id], [s].[Timestamp], CASE
    WHEN [s].[ActorId] IS NOT NULL THEN CONVERT(varchar(36), [s].[ActorId])
END, CAST([s].[ActorType] AS nvarchar(max)), CAST([s].[EventType] AS nvarchar(max)), [s].[Description], CAST([s].[Status] AS nvarchar(max)), [s].[IpAddress]
FROM [SystemLogs] AS [s]
ORDER BY [s].[Timestamp] DESC
OFFSET @__p_0 ROWS FETCH NEXT @__p_1 ROWS ONLY
2026-05-07 10:56:43.894 +07:00 [INF] [CQRS] Handled GetSystemLogsQuery successfully
2026-05-07 10:56:43.895 +07:00 [INF] HTTP GET /api/admin/logs responded 200 in 17.5669 ms
2026-05-07 11:14:13.555 +07:00 [INF] Executed DbCommand (2ms) [Parameters=[@__now_0='?' (DbType = DateTime2)], CommandType='"Text"', CommandTimeout='30']
SELECT [e].[Id], [e].[CreatedAt], [e].[GreetingTransactionId], [e].[LastError], [e].[NextRetryAt], [e].[RetryCount], [e].[Status], [e].[UpdatedAt], [g].[Id], [g].[CardId], [g].[CreatedAt], [g].[PersonalMessage], [g].[RecipientEmail], [g].[RetryCount], [g].[ScheduledSendAt], [g].[SenderId], [g].[SentAt], [g].[Status], [g].[Subject], [g].[SubscriptionId], [u0].[Id], [u0].[CreatedAt], [u0].[DeletedAt], [u0].[Email], [u0].[EmailVerificationToken], [u0].[EmailVerificationTokenExpiry], [u0].[FailedLoginCount], [u0].[FullName], [u0].[IsDeleted], [u0].[LastLoginAt], [u0].[LockReason], [u0].[LockoutEndTime], [u0].[PasswordHash], [u0].[PasswordResetToken], [u0].[PasswordResetTokenExpiry], [u0].[PasswordResetTokenUsed], [u0].[RefreshTokenExpiry], [u0].[RefreshTokenHash], [u0].[Role], [u0].[SocialProvider], [u0].[SocialProviderId], [u0].[Status], [u0].[UpdatedAt], [g1].[Id], [g1].[CategoryId], [g1].[CreatedAt], [g1].[CustomJsonContent], [g1].[DeletedAt], [g1].[Description], [g1].[FileUrl], [g1].[IsDeleted], [g1].[IsFeatured], [g1].[IsPremium], [g1].[Name], [g1].[Slug], [g1].[Status], [g1].[Tags], [g1].[ThumbnailUrl], [g1].[UpdatedAt]
FROM [EmailRetryQueues] AS [e]
INNER JOIN [GreetingTransactions] AS [g] ON [e].[GreetingTransactionId] = [g].[Id]
INNER JOIN (
    SELECT [u].[Id], [u].[CreatedAt], [u].[DeletedAt], [u].[Email], [u].[EmailVerificationToken], [u].[EmailVerificationTokenExpiry], [u].[FailedLoginCount], [u].[FullName], [u].[IsDeleted], [u].[LastLoginAt], [u].[LockReason], [u].[LockoutEndTime], [u].[PasswordHash], [u].[PasswordResetToken], [u].[PasswordResetTokenExpiry], [u].[PasswordResetTokenUsed], [u].[RefreshTokenExpiry], [u].[RefreshTokenHash], [u].[Role], [u].[SocialProvider], [u].[SocialProviderId], [u].[Status], [u].[UpdatedAt]
    FROM [Users] AS [u]
    WHERE [u].[IsDeleted] = CAST(0 AS bit)
) AS [u0] ON [g].[SenderId] = [u0].[Id]
INNER JOIN (
    SELECT [g0].[Id], [g0].[CategoryId], [g0].[CreatedAt], [g0].[CustomJsonContent], [g0].[DeletedAt], [g0].[Description], [g0].[FileUrl], [g0].[IsDeleted], [g0].[IsFeatured], [g0].[IsPremium], [g0].[Name], [g0].[Slug], [g0].[Status], [g0].[Tags], [g0].[ThumbnailUrl], [g0].[UpdatedAt]
    FROM [GreetingCards] AS [g0]
    WHERE [g0].[IsDeleted] = CAST(0 AS bit)
) AS [g1] ON [g].[CardId] = [g1].[Id]
WHERE [e].[Status] = N'PendingRetry' AND [e].[NextRetryAt] <= @__now_0
2026-05-07 11:15:13.666 +07:00 [INF] Executed DbCommand (2ms) [Parameters=[@__now_0='?' (DbType = DateTime2)], CommandType='"Text"', CommandTimeout='30']
SELECT [e].[Id], [e].[CreatedAt], [e].[GreetingTransactionId], [e].[LastError], [e].[NextRetryAt], [e].[RetryCount], [e].[Status], [e].[UpdatedAt], [g].[Id], [g].[CardId], [g].[CreatedAt], [g].[PersonalMessage], [g].[RecipientEmail], [g].[RetryCount], [g].[ScheduledSendAt], [g].[SenderId], [g].[SentAt], [g].[Status], [g].[Subject], [g].[SubscriptionId], [u0].[Id], [u0].[CreatedAt], [u0].[DeletedAt], [u0].[Email], [u0].[EmailVerificationToken], [u0].[EmailVerificationTokenExpiry], [u0].[FailedLoginCount], [u0].[FullName], [u0].[IsDeleted], [u0].[LastLoginAt], [u0].[LockReason], [u0].[LockoutEndTime], [u0].[PasswordHash], [u0].[PasswordResetToken], [u0].[PasswordResetTokenExpiry], [u0].[PasswordResetTokenUsed], [u0].[RefreshTokenExpiry], [u0].[RefreshTokenHash], [u0].[Role], [u0].[SocialProvider], [u0].[SocialProviderId], [u0].[Status], [u0].[UpdatedAt], [g1].[Id], [g1].[CategoryId], [g1].[CreatedAt], [g1].[CustomJsonContent], [g1].[DeletedAt], [g1].[Description], [g1].[FileUrl], [g1].[IsDeleted], [g1].[IsFeatured], [g1].[IsPremium], [g1].[Name], [g1].[Slug], [g1].[Status], [g1].[Tags], [g1].[ThumbnailUrl], [g1].[UpdatedAt]
FROM [EmailRetryQueues] AS [e]
INNER JOIN [GreetingTransactions] AS [g] ON [e].[GreetingTransactionId] = [g].[Id]
INNER JOIN (
    SELECT [u].[Id], [u].[CreatedAt], [u].[DeletedAt], [u].[Email], [u].[EmailVerificationToken], [u].[EmailVerificationTokenExpiry], [u].[FailedLoginCount], [u].[FullName], [u].[IsDeleted], [u].[LastLoginAt], [u].[LockReason], [u].[LockoutEndTime], [u].[PasswordHash], [u].[PasswordResetToken], [u].[PasswordResetTokenExpiry], [u].[PasswordResetTokenUsed], [u].[RefreshTokenExpiry], [u].[RefreshTokenHash], [u].[Role], [u].[SocialProvider], [u].[SocialProviderId], [u].[Status], [u].[UpdatedAt]
    FROM [Users] AS [u]
    WHERE [u].[IsDeleted] = CAST(0 AS bit)
) AS [u0] ON [g].[SenderId] = [u0].[Id]
INNER JOIN (
    SELECT [g0].[Id], [g0].[CategoryId], [g0].[CreatedAt], [g0].[CustomJsonContent], [g0].[DeletedAt], [g0].[Description], [g0].[FileUrl], [g0].[IsDeleted], [g0].[IsFeatured], [g0].[IsPremium], [g0].[Name], [g0].[Slug], [g0].[Status], [g0].[Tags], [g0].[ThumbnailUrl], [g0].[UpdatedAt]
    FROM [GreetingCards] AS [g0]
    WHERE [g0].[IsDeleted] = CAST(0 AS bit)
) AS [g1] ON [g].[CardId] = [g1].[Id]
WHERE [e].[Status] = N'PendingRetry' AND [e].[NextRetryAt] <= @__now_0
2026-05-07 11:18:57.491 +07:00 [INF] [CQRS] Handling GetSystemLogsQuery
2026-05-07 11:18:57.495 +07:00 [INF] Executed DbCommand (3ms) [Parameters=[], CommandType='"Text"', CommandTimeout='30']
SELECT COUNT(*)
FROM [SystemLogs] AS [s]
2026-05-07 11:18:57.500 +07:00 [INF] Executed DbCommand (4ms) [Parameters=[@__p_0='?' (DbType = Int32), @__p_1='?' (DbType = Int32)], CommandType='"Text"', CommandTimeout='30']
SELECT [s].[Id], [s].[Timestamp], CASE
    WHEN [s].[ActorId] IS NOT NULL THEN CONVERT(varchar(36), [s].[ActorId])
END, CAST([s].[ActorType] AS nvarchar(max)), CAST([s].[EventType] AS nvarchar(max)), [s].[Description], CAST([s].[Status] AS nvarchar(max)), [s].[IpAddress]
FROM [SystemLogs] AS [s]
ORDER BY [s].[Timestamp] DESC
OFFSET @__p_0 ROWS FETCH NEXT @__p_1 ROWS ONLY
2026-05-07 11:18:57.501 +07:00 [INF] [CQRS] Handled GetSystemLogsQuery successfully
2026-05-07 11:18:57.501 +07:00 [INF] HTTP GET /api/admin/logs responded 200 in 12.0709 ms
2026-05-07 11:30:35.051 +07:00 [INF] Executed DbCommand (3ms) [Parameters=[@__now_0='?' (DbType = DateTime2)], CommandType='"Text"', CommandTimeout='30']
SELECT [e].[Id], [e].[CreatedAt], [e].[GreetingTransactionId], [e].[LastError], [e].[NextRetryAt], [e].[RetryCount], [e].[Status], [e].[UpdatedAt], [g].[Id], [g].[CardId], [g].[CreatedAt], [g].[PersonalMessage], [g].[RecipientEmail], [g].[RetryCount], [g].[ScheduledSendAt], [g].[SenderId], [g].[SentAt], [g].[Status], [g].[Subject], [g].[SubscriptionId], [u0].[Id], [u0].[CreatedAt], [u0].[DeletedAt], [u0].[Email], [u0].[EmailVerificationToken], [u0].[EmailVerificationTokenExpiry], [u0].[FailedLoginCount], [u0].[FullName], [u0].[IsDeleted], [u0].[LastLoginAt], [u0].[LockReason], [u0].[LockoutEndTime], [u0].[PasswordHash], [u0].[PasswordResetToken], [u0].[PasswordResetTokenExpiry], [u0].[PasswordResetTokenUsed], [u0].[RefreshTokenExpiry], [u0].[RefreshTokenHash], [u0].[Role], [u0].[SocialProvider], [u0].[SocialProviderId], [u0].[Status], [u0].[UpdatedAt], [g1].[Id], [g1].[CategoryId], [g1].[CreatedAt], [g1].[CustomJsonContent], [g1].[DeletedAt], [g1].[Description], [g1].[FileUrl], [g1].[IsDeleted], [g1].[IsFeatured], [g1].[IsPremium], [g1].[Name], [g1].[Slug], [g1].[Status], [g1].[Tags], [g1].[ThumbnailUrl], [g1].[UpdatedAt]
FROM [EmailRetryQueues] AS [e]
INNER JOIN [GreetingTransactions] AS [g] ON [e].[GreetingTransactionId] = [g].[Id]
INNER JOIN (
    SELECT [u].[Id], [u].[CreatedAt], [u].[DeletedAt], [u].[Email], [u].[EmailVerificationToken], [u].[EmailVerificationTokenExpiry], [u].[FailedLoginCount], [u].[FullName], [u].[IsDeleted], [u].[LastLoginAt], [u].[LockReason], [u].[LockoutEndTime], [u].[PasswordHash], [u].[PasswordResetToken], [u].[PasswordResetTokenExpiry], [u].[PasswordResetTokenUsed], [u].[RefreshTokenExpiry], [u].[RefreshTokenHash], [u].[Role], [u].[SocialProvider], [u].[SocialProviderId], [u].[Status], [u].[UpdatedAt]
    FROM [Users] AS [u]
    WHERE [u].[IsDeleted] = CAST(0 AS bit)
) AS [u0] ON [g].[SenderId] = [u0].[Id]
INNER JOIN (
    SELECT [g0].[Id], [g0].[CategoryId], [g0].[CreatedAt], [g0].[CustomJsonContent], [g0].[DeletedAt], [g0].[Description], [g0].[FileUrl], [g0].[IsDeleted], [g0].[IsFeatured], [g0].[IsPremium], [g0].[Name], [g0].[Slug], [g0].[Status], [g0].[Tags], [g0].[ThumbnailUrl], [g0].[UpdatedAt]
    FROM [GreetingCards] AS [g0]
    WHERE [g0].[IsDeleted] = CAST(0 AS bit)
) AS [g1] ON [g].[CardId] = [g1].[Id]
WHERE [e].[Status] = N'PendingRetry' AND [e].[NextRetryAt] <= @__now_0
2026-05-07 11:34:42.921 +07:00 [INF] [CQRS] Handling GetSystemLogsQuery
2026-05-07 11:34:42.929 +07:00 [INF] Executed DbCommand (6ms) [Parameters=[], CommandType='"Text"', CommandTimeout='30']
SELECT COUNT(*)
FROM [SystemLogs] AS [s]
2026-05-07 11:34:42.935 +07:00 [INF] Executed DbCommand (5ms) [Parameters=[@__p_0='?' (DbType = Int32), @__p_1='?' (DbType = Int32)], CommandType='"Text"', CommandTimeout='30']
SELECT [s].[Id], [s].[Timestamp], CASE
    WHEN [s].[ActorId] IS NOT NULL THEN CONVERT(varchar(36), [s].[ActorId])
END, CAST([s].[ActorType] AS nvarchar(max)), CAST([s].[EventType] AS nvarchar(max)), [s].[Description], CAST([s].[Status] AS nvarchar(max)), [s].[IpAddress]
FROM [SystemLogs] AS [s]
ORDER BY [s].[Timestamp] DESC
OFFSET @__p_0 ROWS FETCH NEXT @__p_1 ROWS ONLY
2026-05-07 11:34:42.935 +07:00 [INF] [CQRS] Handled GetSystemLogsQuery successfully
2026-05-07 11:34:42.936 +07:00 [INF] HTTP GET /api/admin/logs responded 200 in 17.0165 ms
2026-05-07 11:35:05.405 +07:00 [INF] Executed DbCommand (1ms) [Parameters=[@__now_0='?' (DbType = DateTime2)], CommandType='"Text"', CommandTimeout='30']
SELECT [e].[Id], [e].[CreatedAt], [e].[GreetingTransactionId], [e].[LastError], [e].[NextRetryAt], [e].[RetryCount], [e].[Status], [e].[UpdatedAt], [g].[Id], [g].[CardId], [g].[CreatedAt], [g].[PersonalMessage], [g].[RecipientEmail], [g].[RetryCount], [g].[ScheduledSendAt], [g].[SenderId], [g].[SentAt], [g].[Status], [g].[Subject], [g].[SubscriptionId], [u0].[Id], [u0].[CreatedAt], [u0].[DeletedAt], [u0].[Email], [u0].[EmailVerificationToken], [u0].[EmailVerificationTokenExpiry], [u0].[FailedLoginCount], [u0].[FullName], [u0].[IsDeleted], [u0].[LastLoginAt], [u0].[LockReason], [u0].[LockoutEndTime], [u0].[PasswordHash], [u0].[PasswordResetToken], [u0].[PasswordResetTokenExpiry], [u0].[PasswordResetTokenUsed], [u0].[RefreshTokenExpiry], [u0].[RefreshTokenHash], [u0].[Role], [u0].[SocialProvider], [u0].[SocialProviderId], [u0].[Status], [u0].[UpdatedAt], [g1].[Id], [g1].[CategoryId], [g1].[CreatedAt], [g1].[CustomJsonContent], [g1].[DeletedAt], [g1].[Description], [g1].[FileUrl], [g1].[IsDeleted], [g1].[IsFeatured], [g1].[IsPremium], [g1].[Name], [g1].[Slug], [g1].[Status], [g1].[Tags], [g1].[ThumbnailUrl], [g1].[UpdatedAt]
FROM [EmailRetryQueues] AS [e]
INNER JOIN [GreetingTransactions] AS [g] ON [e].[GreetingTransactionId] = [g].[Id]
INNER JOIN (
    SELECT [u].[Id], [u].[CreatedAt], [u].[DeletedAt], [u].[Email], [u].[EmailVerificationToken], [u].[EmailVerificationTokenExpiry], [u].[FailedLoginCount], [u].[FullName], [u].[IsDeleted], [u].[LastLoginAt], [u].[LockReason], [u].[LockoutEndTime], [u].[PasswordHash], [u].[PasswordResetToken], [u].[PasswordResetTokenExpiry], [u].[PasswordResetTokenUsed], [u].[RefreshTokenExpiry], [u].[RefreshTokenHash], [u].[Role], [u].[SocialProvider], [u].[SocialProviderId], [u].[Status], [u].[UpdatedAt]
    FROM [Users] AS [u]
    WHERE [u].[IsDeleted] = CAST(0 AS bit)
) AS [u0] ON [g].[SenderId] = [u0].[Id]
INNER JOIN (
    SELECT [g0].[Id], [g0].[CategoryId], [g0].[CreatedAt], [g0].[CustomJsonContent], [g0].[DeletedAt], [g0].[Description], [g0].[FileUrl], [g0].[IsDeleted], [g0].[IsFeatured], [g0].[IsPremium], [g0].[Name], [g0].[Slug], [g0].[Status], [g0].[Tags], [g0].[ThumbnailUrl], [g0].[UpdatedAt]
    FROM [GreetingCards] AS [g0]
    WHERE [g0].[IsDeleted] = CAST(0 AS bit)
) AS [g1] ON [g].[CardId] = [g1].[Id]
WHERE [e].[Status] = N'PendingRetry' AND [e].[NextRetryAt] <= @__now_0
2026-05-07 11:42:09.997 +07:00 [INF] Executed DbCommand (4ms) [Parameters=[@__now_0='?' (DbType = DateTime2)], CommandType='"Text"', CommandTimeout='30']
SELECT [e].[Id], [e].[CreatedAt], [e].[GreetingTransactionId], [e].[LastError], [e].[NextRetryAt], [e].[RetryCount], [e].[Status], [e].[UpdatedAt], [g].[Id], [g].[CardId], [g].[CreatedAt], [g].[PersonalMessage], [g].[RecipientEmail], [g].[RetryCount], [g].[ScheduledSendAt], [g].[SenderId], [g].[SentAt], [g].[Status], [g].[Subject], [g].[SubscriptionId], [u0].[Id], [u0].[CreatedAt], [u0].[DeletedAt], [u0].[Email], [u0].[EmailVerificationToken], [u0].[EmailVerificationTokenExpiry], [u0].[FailedLoginCount], [u0].[FullName], [u0].[IsDeleted], [u0].[LastLoginAt], [u0].[LockReason], [u0].[LockoutEndTime], [u0].[PasswordHash], [u0].[PasswordResetToken], [u0].[PasswordResetTokenExpiry], [u0].[PasswordResetTokenUsed], [u0].[RefreshTokenExpiry], [u0].[RefreshTokenHash], [u0].[Role], [u0].[SocialProvider], [u0].[SocialProviderId], [u0].[Status], [u0].[UpdatedAt], [g1].[Id], [g1].[CategoryId], [g1].[CreatedAt], [g1].[CustomJsonContent], [g1].[DeletedAt], [g1].[Description], [g1].[FileUrl], [g1].[IsDeleted], [g1].[IsFeatured], [g1].[IsPremium], [g1].[Name], [g1].[Slug], [g1].[Status], [g1].[Tags], [g1].[ThumbnailUrl], [g1].[UpdatedAt]
FROM [EmailRetryQueues] AS [e]
INNER JOIN [GreetingTransactions] AS [g] ON [e].[GreetingTransactionId] = [g].[Id]
INNER JOIN (
    SELECT [u].[Id], [u].[CreatedAt], [u].[DeletedAt], [u].[Email], [u].[EmailVerificationToken], [u].[EmailVerificationTokenExpiry], [u].[FailedLoginCount], [u].[FullName], [u].[IsDeleted], [u].[LastLoginAt], [u].[LockReason], [u].[LockoutEndTime], [u].[PasswordHash], [u].[PasswordResetToken], [u].[PasswordResetTokenExpiry], [u].[PasswordResetTokenUsed], [u].[RefreshTokenExpiry], [u].[RefreshTokenHash], [u].[Role], [u].[SocialProvider], [u].[SocialProviderId], [u].[Status], [u].[UpdatedAt]
    FROM [Users] AS [u]
    WHERE [u].[IsDeleted] = CAST(0 AS bit)
) AS [u0] ON [g].[SenderId] = [u0].[Id]
INNER JOIN (
    SELECT [g0].[Id], [g0].[CategoryId], [g0].[CreatedAt], [g0].[CustomJsonContent], [g0].[DeletedAt], [g0].[Description], [g0].[FileUrl], [g0].[IsDeleted], [g0].[IsFeatured], [g0].[IsPremium], [g0].[Name], [g0].[Slug], [g0].[Status], [g0].[Tags], [g0].[ThumbnailUrl], [g0].[UpdatedAt]
    FROM [GreetingCards] AS [g0]
    WHERE [g0].[IsDeleted] = CAST(0 AS bit)
) AS [g1] ON [g].[CardId] = [g1].[Id]
WHERE [e].[Status] = N'PendingRetry' AND [e].[NextRetryAt] <= @__now_0
2026-05-07 11:45:10.274 +07:00 [INF] Executed DbCommand (2ms) [Parameters=[@__now_0='?' (DbType = DateTime2)], CommandType='"Text"', CommandTimeout='30']
SELECT [e].[Id], [e].[CreatedAt], [e].[GreetingTransactionId], [e].[LastError], [e].[NextRetryAt], [e].[RetryCount], [e].[Status], [e].[UpdatedAt], [g].[Id], [g].[CardId], [g].[CreatedAt], [g].[PersonalMessage], [g].[RecipientEmail], [g].[RetryCount], [g].[ScheduledSendAt], [g].[SenderId], [g].[SentAt], [g].[Status], [g].[Subject], [g].[SubscriptionId], [u0].[Id], [u0].[CreatedAt], [u0].[DeletedAt], [u0].[Email], [u0].[EmailVerificationToken], [u0].[EmailVerificationTokenExpiry], [u0].[FailedLoginCount], [u0].[FullName], [u0].[IsDeleted], [u0].[LastLoginAt], [u0].[LockReason], [u0].[LockoutEndTime], [u0].[PasswordHash], [u0].[PasswordResetToken], [u0].[PasswordResetTokenExpiry], [u0].[PasswordResetTokenUsed], [u0].[RefreshTokenExpiry], [u0].[RefreshTokenHash], [u0].[Role], [u0].[SocialProvider], [u0].[SocialProviderId], [u0].[Status], [u0].[UpdatedAt], [g1].[Id], [g1].[CategoryId], [g1].[CreatedAt], [g1].[CustomJsonContent], [g1].[DeletedAt], [g1].[Description], [g1].[FileUrl], [g1].[IsDeleted], [g1].[IsFeatured], [g1].[IsPremium], [g1].[Name], [g1].[Slug], [g1].[Status], [g1].[Tags], [g1].[ThumbnailUrl], [g1].[UpdatedAt]
FROM [EmailRetryQueues] AS [e]
INNER JOIN [GreetingTransactions] AS [g] ON [e].[GreetingTransactionId] = [g].[Id]
INNER JOIN (
    SELECT [u].[Id], [u].[CreatedAt], [u].[DeletedAt], [u].[Email], [u].[EmailVerificationToken], [u].[EmailVerificationTokenExpiry], [u].[FailedLoginCount], [u].[FullName], [u].[IsDeleted], [u].[LastLoginAt], [u].[LockReason], [u].[LockoutEndTime], [u].[PasswordHash], [u].[PasswordResetToken], [u].[PasswordResetTokenExpiry], [u].[PasswordResetTokenUsed], [u].[RefreshTokenExpiry], [u].[RefreshTokenHash], [u].[Role], [u].[SocialProvider], [u].[SocialProviderId], [u].[Status], [u].[UpdatedAt]
    FROM [Users] AS [u]
    WHERE [u].[IsDeleted] = CAST(0 AS bit)
) AS [u0] ON [g].[SenderId] = [u0].[Id]
INNER JOIN (
    SELECT [g0].[Id], [g0].[CategoryId], [g0].[CreatedAt], [g0].[CustomJsonContent], [g0].[DeletedAt], [g0].[Description], [g0].[FileUrl], [g0].[IsDeleted], [g0].[IsFeatured], [g0].[IsPremium], [g0].[Name], [g0].[Slug], [g0].[Status], [g0].[Tags], [g0].[ThumbnailUrl], [g0].[UpdatedAt]
    FROM [GreetingCards] AS [g0]
    WHERE [g0].[IsDeleted] = CAST(0 AS bit)
) AS [g1] ON [g].[CardId] = [g1].[Id]
WHERE [e].[Status] = N'PendingRetry' AND [e].[NextRetryAt] <= @__now_0
2026-05-07 11:50:10.707 +07:00 [INF] Executed DbCommand (2ms) [Parameters=[@__now_0='?' (DbType = DateTime2)], CommandType='"Text"', CommandTimeout='30']
SELECT [e].[Id], [e].[CreatedAt], [e].[GreetingTransactionId], [e].[LastError], [e].[NextRetryAt], [e].[RetryCount], [e].[Status], [e].[UpdatedAt], [g].[Id], [g].[CardId], [g].[CreatedAt], [g].[PersonalMessage], [g].[RecipientEmail], [g].[RetryCount], [g].[ScheduledSendAt], [g].[SenderId], [g].[SentAt], [g].[Status], [g].[Subject], [g].[SubscriptionId], [u0].[Id], [u0].[CreatedAt], [u0].[DeletedAt], [u0].[Email], [u0].[EmailVerificationToken], [u0].[EmailVerificationTokenExpiry], [u0].[FailedLoginCount], [u0].[FullName], [u0].[IsDeleted], [u0].[LastLoginAt], [u0].[LockReason], [u0].[LockoutEndTime], [u0].[PasswordHash], [u0].[PasswordResetToken], [u0].[PasswordResetTokenExpiry], [u0].[PasswordResetTokenUsed], [u0].[RefreshTokenExpiry], [u0].[RefreshTokenHash], [u0].[Role], [u0].[SocialProvider], [u0].[SocialProviderId], [u0].[Status], [u0].[UpdatedAt], [g1].[Id], [g1].[CategoryId], [g1].[CreatedAt], [g1].[CustomJsonContent], [g1].[DeletedAt], [g1].[Description], [g1].[FileUrl], [g1].[IsDeleted], [g1].[IsFeatured], [g1].[IsPremium], [g1].[Name], [g1].[Slug], [g1].[Status], [g1].[Tags], [g1].[ThumbnailUrl], [g1].[UpdatedAt]
FROM [EmailRetryQueues] AS [e]
INNER JOIN [GreetingTransactions] AS [g] ON [e].[GreetingTransactionId] = [g].[Id]
INNER JOIN (
    SELECT [u].[Id], [u].[CreatedAt], [u].[DeletedAt], [u].[Email], [u].[EmailVerificationToken], [u].[EmailVerificationTokenExpiry], [u].[FailedLoginCount], [u].[FullName], [u].[IsDeleted], [u].[LastLoginAt], [u].[LockReason], [u].[LockoutEndTime], [u].[PasswordHash], [u].[PasswordResetToken], [u].[PasswordResetTokenExpiry], [u].[PasswordResetTokenUsed], [u].[RefreshTokenExpiry], [u].[RefreshTokenHash], [u].[Role], [u].[SocialProvider], [u].[SocialProviderId], [u].[Status], [u].[UpdatedAt]
    FROM [Users] AS [u]
    WHERE [u].[IsDeleted] = CAST(0 AS bit)
) AS [u0] ON [g].[SenderId] = [u0].[Id]
INNER JOIN (
    SELECT [g0].[Id], [g0].[CategoryId], [g0].[CreatedAt], [g0].[CustomJsonContent], [g0].[DeletedAt], [g0].[Description], [g0].[FileUrl], [g0].[IsDeleted], [g0].[IsFeatured], [g0].[IsPremium], [g0].[Name], [g0].[Slug], [g0].[Status], [g0].[Tags], [g0].[ThumbnailUrl], [g0].[UpdatedAt]
    FROM [GreetingCards] AS [g0]
    WHERE [g0].[IsDeleted] = CAST(0 AS bit)
) AS [g1] ON [g].[CardId] = [g1].[Id]
WHERE [e].[Status] = N'PendingRetry' AND [e].[NextRetryAt] <= @__now_0
2026-05-07 11:55:11.117 +07:00 [INF] Executed DbCommand (2ms) [Parameters=[@__now_0='?' (DbType = DateTime2)], CommandType='"Text"', CommandTimeout='30']
SELECT [e].[Id], [e].[CreatedAt], [e].[GreetingTransactionId], [e].[LastError], [e].[NextRetryAt], [e].[RetryCount], [e].[Status], [e].[UpdatedAt], [g].[Id], [g].[CardId], [g].[CreatedAt], [g].[PersonalMessage], [g].[RecipientEmail], [g].[RetryCount], [g].[ScheduledSendAt], [g].[SenderId], [g].[SentAt], [g].[Status], [g].[Subject], [g].[SubscriptionId], [u0].[Id], [u0].[CreatedAt], [u0].[DeletedAt], [u0].[Email], [u0].[EmailVerificationToken], [u0].[EmailVerificationTokenExpiry], [u0].[FailedLoginCount], [u0].[FullName], [u0].[IsDeleted], [u0].[LastLoginAt], [u0].[LockReason], [u0].[LockoutEndTime], [u0].[PasswordHash], [u0].[PasswordResetToken], [u0].[PasswordResetTokenExpiry], [u0].[PasswordResetTokenUsed], [u0].[RefreshTokenExpiry], [u0].[RefreshTokenHash], [u0].[Role], [u0].[SocialProvider], [u0].[SocialProviderId], [u0].[Status], [u0].[UpdatedAt], [g1].[Id], [g1].[CategoryId], [g1].[CreatedAt], [g1].[CustomJsonContent], [g1].[DeletedAt], [g1].[Description], [g1].[FileUrl], [g1].[IsDeleted], [g1].[IsFeatured], [g1].[IsPremium], [g1].[Name], [g1].[Slug], [g1].[Status], [g1].[Tags], [g1].[ThumbnailUrl], [g1].[UpdatedAt]
FROM [EmailRetryQueues] AS [e]
INNER JOIN [GreetingTransactions] AS [g] ON [e].[GreetingTransactionId] = [g].[Id]
INNER JOIN (
    SELECT [u].[Id], [u].[CreatedAt], [u].[DeletedAt], [u].[Email], [u].[EmailVerificationToken], [u].[EmailVerificationTokenExpiry], [u].[FailedLoginCount], [u].[FullName], [u].[IsDeleted], [u].[LastLoginAt], [u].[LockReason], [u].[LockoutEndTime], [u].[PasswordHash], [u].[PasswordResetToken], [u].[PasswordResetTokenExpiry], [u].[PasswordResetTokenUsed], [u].[RefreshTokenExpiry], [u].[RefreshTokenHash], [u].[Role], [u].[SocialProvider], [u].[SocialProviderId], [u].[Status], [u].[UpdatedAt]
    FROM [Users] AS [u]
    WHERE [u].[IsDeleted] = CAST(0 AS bit)
) AS [u0] ON [g].[SenderId] = [u0].[Id]
INNER JOIN (
    SELECT [g0].[Id], [g0].[CategoryId], [g0].[CreatedAt], [g0].[CustomJsonContent], [g0].[DeletedAt], [g0].[Description], [g0].[FileUrl], [g0].[IsDeleted], [g0].[IsFeatured], [g0].[IsPremium], [g0].[Name], [g0].[Slug], [g0].[Status], [g0].[Tags], [g0].[ThumbnailUrl], [g0].[UpdatedAt]
    FROM [GreetingCards] AS [g0]
    WHERE [g0].[IsDeleted] = CAST(0 AS bit)
) AS [g1] ON [g].[CardId] = [g1].[Id]
WHERE [e].[Status] = N'PendingRetry' AND [e].[NextRetryAt] <= @__now_0
2026-05-07 12:00:10.514 +07:00 [INF] Executed DbCommand (3ms) [Parameters=[@__now_0='?' (DbType = DateTime2)], CommandType='"Text"', CommandTimeout='30']
SELECT [e].[Id], [e].[CreatedAt], [e].[GreetingTransactionId], [e].[LastError], [e].[NextRetryAt], [e].[RetryCount], [e].[Status], [e].[UpdatedAt], [g].[Id], [g].[CardId], [g].[CreatedAt], [g].[PersonalMessage], [g].[RecipientEmail], [g].[RetryCount], [g].[ScheduledSendAt], [g].[SenderId], [g].[SentAt], [g].[Status], [g].[Subject], [g].[SubscriptionId], [u0].[Id], [u0].[CreatedAt], [u0].[DeletedAt], [u0].[Email], [u0].[EmailVerificationToken], [u0].[EmailVerificationTokenExpiry], [u0].[FailedLoginCount], [u0].[FullName], [u0].[IsDeleted], [u0].[LastLoginAt], [u0].[LockReason], [u0].[LockoutEndTime], [u0].[PasswordHash], [u0].[PasswordResetToken], [u0].[PasswordResetTokenExpiry], [u0].[PasswordResetTokenUsed], [u0].[RefreshTokenExpiry], [u0].[RefreshTokenHash], [u0].[Role], [u0].[SocialProvider], [u0].[SocialProviderId], [u0].[Status], [u0].[UpdatedAt], [g1].[Id], [g1].[CategoryId], [g1].[CreatedAt], [g1].[CustomJsonContent], [g1].[DeletedAt], [g1].[Description], [g1].[FileUrl], [g1].[IsDeleted], [g1].[IsFeatured], [g1].[IsPremium], [g1].[Name], [g1].[Slug], [g1].[Status], [g1].[Tags], [g1].[ThumbnailUrl], [g1].[UpdatedAt]
FROM [EmailRetryQueues] AS [e]
INNER JOIN [GreetingTransactions] AS [g] ON [e].[GreetingTransactionId] = [g].[Id]
INNER JOIN (
    SELECT [u].[Id], [u].[CreatedAt], [u].[DeletedAt], [u].[Email], [u].[EmailVerificationToken], [u].[EmailVerificationTokenExpiry], [u].[FailedLoginCount], [u].[FullName], [u].[IsDeleted], [u].[LastLoginAt], [u].[LockReason], [u].[LockoutEndTime], [u].[PasswordHash], [u].[PasswordResetToken], [u].[PasswordResetTokenExpiry], [u].[PasswordResetTokenUsed], [u].[RefreshTokenExpiry], [u].[RefreshTokenHash], [u].[Role], [u].[SocialProvider], [u].[SocialProviderId], [u].[Status], [u].[UpdatedAt]
    FROM [Users] AS [u]
    WHERE [u].[IsDeleted] = CAST(0 AS bit)
) AS [u0] ON [g].[SenderId] = [u0].[Id]
INNER JOIN (
    SELECT [g0].[Id], [g0].[CategoryId], [g0].[CreatedAt], [g0].[CustomJsonContent], [g0].[DeletedAt], [g0].[Description], [g0].[FileUrl], [g0].[IsDeleted], [g0].[IsFeatured], [g0].[IsPremium], [g0].[Name], [g0].[Slug], [g0].[Status], [g0].[Tags], [g0].[ThumbnailUrl], [g0].[UpdatedAt]
    FROM [GreetingCards] AS [g0]
    WHERE [g0].[IsDeleted] = CAST(0 AS bit)
) AS [g1] ON [g].[CardId] = [g1].[Id]
WHERE [e].[Status] = N'PendingRetry' AND [e].[NextRetryAt] <= @__now_0
2026-05-07 12:09:50.699 +07:00 [INF] Executed DbCommand (2ms) [Parameters=[@__now_0='?' (DbType = DateTime2)], CommandType='"Text"', CommandTimeout='30']
SELECT [e].[Id], [e].[CreatedAt], [e].[GreetingTransactionId], [e].[LastError], [e].[NextRetryAt], [e].[RetryCount], [e].[Status], [e].[UpdatedAt], [g].[Id], [g].[CardId], [g].[CreatedAt], [g].[PersonalMessage], [g].[RecipientEmail], [g].[RetryCount], [g].[ScheduledSendAt], [g].[SenderId], [g].[SentAt], [g].[Status], [g].[Subject], [g].[SubscriptionId], [u0].[Id], [u0].[CreatedAt], [u0].[DeletedAt], [u0].[Email], [u0].[EmailVerificationToken], [u0].[EmailVerificationTokenExpiry], [u0].[FailedLoginCount], [u0].[FullName], [u0].[IsDeleted], [u0].[LastLoginAt], [u0].[LockReason], [u0].[LockoutEndTime], [u0].[PasswordHash], [u0].[PasswordResetToken], [u0].[PasswordResetTokenExpiry], [u0].[PasswordResetTokenUsed], [u0].[RefreshTokenExpiry], [u0].[RefreshTokenHash], [u0].[Role], [u0].[SocialProvider], [u0].[SocialProviderId], [u0].[Status], [u0].[UpdatedAt], [g1].[Id], [g1].[CategoryId], [g1].[CreatedAt], [g1].[CustomJsonContent], [g1].[DeletedAt], [g1].[Description], [g1].[FileUrl], [g1].[IsDeleted], [g1].[IsFeatured], [g1].[IsPremium], [g1].[Name], [g1].[Slug], [g1].[Status], [g1].[Tags], [g1].[ThumbnailUrl], [g1].[UpdatedAt]
FROM [EmailRetryQueues] AS [e]
INNER JOIN [GreetingTransactions] AS [g] ON [e].[GreetingTransactionId] = [g].[Id]
INNER JOIN (
    SELECT [u].[Id], [u].[CreatedAt], [u].[DeletedAt], [u].[Email], [u].[EmailVerificationToken], [u].[EmailVerificationTokenExpiry], [u].[FailedLoginCount], [u].[FullName], [u].[IsDeleted], [u].[LastLoginAt], [u].[LockReason], [u].[LockoutEndTime], [u].[PasswordHash], [u].[PasswordResetToken], [u].[PasswordResetTokenExpiry], [u].[PasswordResetTokenUsed], [u].[RefreshTokenExpiry], [u].[RefreshTokenHash], [u].[Role], [u].[SocialProvider], [u].[SocialProviderId], [u].[Status], [u].[UpdatedAt]
    FROM [Users] AS [u]
    WHERE [u].[IsDeleted] = CAST(0 AS bit)
) AS [u0] ON [g].[SenderId] = [u0].[Id]
INNER JOIN (
    SELECT [g0].[Id], [g0].[CategoryId], [g0].[CreatedAt], [g0].[CustomJsonContent], [g0].[DeletedAt], [g0].[Description], [g0].[FileUrl], [g0].[IsDeleted], [g0].[IsFeatured], [g0].[IsPremium], [g0].[Name], [g0].[Slug], [g0].[Status], [g0].[Tags], [g0].[ThumbnailUrl], [g0].[UpdatedAt]
    FROM [GreetingCards] AS [g0]
    WHERE [g0].[IsDeleted] = CAST(0 AS bit)
) AS [g1] ON [g].[CardId] = [g1].[Id]
WHERE [e].[Status] = N'PendingRetry' AND [e].[NextRetryAt] <= @__now_0
2026-05-07 12:11:11.271 +07:00 [INF] Executed DbCommand (1ms) [Parameters=[@__now_0='?' (DbType = DateTime2)], CommandType='"Text"', CommandTimeout='30']
SELECT [e].[Id], [e].[CreatedAt], [e].[GreetingTransactionId], [e].[LastError], [e].[NextRetryAt], [e].[RetryCount], [e].[Status], [e].[UpdatedAt], [g].[Id], [g].[CardId], [g].[CreatedAt], [g].[PersonalMessage], [g].[RecipientEmail], [g].[RetryCount], [g].[ScheduledSendAt], [g].[SenderId], [g].[SentAt], [g].[Status], [g].[Subject], [g].[SubscriptionId], [u0].[Id], [u0].[CreatedAt], [u0].[DeletedAt], [u0].[Email], [u0].[EmailVerificationToken], [u0].[EmailVerificationTokenExpiry], [u0].[FailedLoginCount], [u0].[FullName], [u0].[IsDeleted], [u0].[LastLoginAt], [u0].[LockReason], [u0].[LockoutEndTime], [u0].[PasswordHash], [u0].[PasswordResetToken], [u0].[PasswordResetTokenExpiry], [u0].[PasswordResetTokenUsed], [u0].[RefreshTokenExpiry], [u0].[RefreshTokenHash], [u0].[Role], [u0].[SocialProvider], [u0].[SocialProviderId], [u0].[Status], [u0].[UpdatedAt], [g1].[Id], [g1].[CategoryId], [g1].[CreatedAt], [g1].[CustomJsonContent], [g1].[DeletedAt], [g1].[Description], [g1].[FileUrl], [g1].[IsDeleted], [g1].[IsFeatured], [g1].[IsPremium], [g1].[Name], [g1].[Slug], [g1].[Status], [g1].[Tags], [g1].[ThumbnailUrl], [g1].[UpdatedAt]
FROM [EmailRetryQueues] AS [e]
INNER JOIN [GreetingTransactions] AS [g] ON [e].[GreetingTransactionId] = [g].[Id]
INNER JOIN (
    SELECT [u].[Id], [u].[CreatedAt], [u].[DeletedAt], [u].[Email], [u].[EmailVerificationToken], [u].[EmailVerificationTokenExpiry], [u].[FailedLoginCount], [u].[FullName], [u].[IsDeleted], [u].[LastLoginAt], [u].[LockReason], [u].[LockoutEndTime], [u].[PasswordHash], [u].[PasswordResetToken], [u].[PasswordResetTokenExpiry], [u].[PasswordResetTokenUsed], [u].[RefreshTokenExpiry], [u].[RefreshTokenHash], [u].[Role], [u].[SocialProvider], [u].[SocialProviderId], [u].[Status], [u].[UpdatedAt]
    FROM [Users] AS [u]
    WHERE [u].[IsDeleted] = CAST(0 AS bit)
) AS [u0] ON [g].[SenderId] = [u0].[Id]
INNER JOIN (
    SELECT [g0].[Id], [g0].[CategoryId], [g0].[CreatedAt], [g0].[CustomJsonContent], [g0].[DeletedAt], [g0].[Description], [g0].[FileUrl], [g0].[IsDeleted], [g0].[IsFeatured], [g0].[IsPremium], [g0].[Name], [g0].[Slug], [g0].[Status], [g0].[Tags], [g0].[ThumbnailUrl], [g0].[UpdatedAt]
    FROM [GreetingCards] AS [g0]
    WHERE [g0].[IsDeleted] = CAST(0 AS bit)
) AS [g1] ON [g].[CardId] = [g1].[Id]
WHERE [e].[Status] = N'PendingRetry' AND [e].[NextRetryAt] <= @__now_0
2026-05-07 12:35:26.143 +07:00 [INF] Executed DbCommand (2ms) [Parameters=[@__now_0='?' (DbType = DateTime2)], CommandType='"Text"', CommandTimeout='30']
SELECT [e].[Id], [e].[CreatedAt], [e].[GreetingTransactionId], [e].[LastError], [e].[NextRetryAt], [e].[RetryCount], [e].[Status], [e].[UpdatedAt], [g].[Id], [g].[CardId], [g].[CreatedAt], [g].[PersonalMessage], [g].[RecipientEmail], [g].[RetryCount], [g].[ScheduledSendAt], [g].[SenderId], [g].[SentAt], [g].[Status], [g].[Subject], [g].[SubscriptionId], [u0].[Id], [u0].[CreatedAt], [u0].[DeletedAt], [u0].[Email], [u0].[EmailVerificationToken], [u0].[EmailVerificationTokenExpiry], [u0].[FailedLoginCount], [u0].[FullName], [u0].[IsDeleted], [u0].[LastLoginAt], [u0].[LockReason], [u0].[LockoutEndTime], [u0].[PasswordHash], [u0].[PasswordResetToken], [u0].[PasswordResetTokenExpiry], [u0].[PasswordResetTokenUsed], [u0].[RefreshTokenExpiry], [u0].[RefreshTokenHash], [u0].[Role], [u0].[SocialProvider], [u0].[SocialProviderId], [u0].[Status], [u0].[UpdatedAt], [g1].[Id], [g1].[CategoryId], [g1].[CreatedAt], [g1].[CustomJsonContent], [g1].[DeletedAt], [g1].[Description], [g1].[FileUrl], [g1].[IsDeleted], [g1].[IsFeatured], [g1].[IsPremium], [g1].[Name], [g1].[Slug], [g1].[Status], [g1].[Tags], [g1].[ThumbnailUrl], [g1].[UpdatedAt]
FROM [EmailRetryQueues] AS [e]
INNER JOIN [GreetingTransactions] AS [g] ON [e].[GreetingTransactionId] = [g].[Id]
INNER JOIN (
    SELECT [u].[Id], [u].[CreatedAt], [u].[DeletedAt], [u].[Email], [u].[EmailVerificationToken], [u].[EmailVerificationTokenExpiry], [u].[FailedLoginCount], [u].[FullName], [u].[IsDeleted], [u].[LastLoginAt], [u].[LockReason], [u].[LockoutEndTime], [u].[PasswordHash], [u].[PasswordResetToken], [u].[PasswordResetTokenExpiry], [u].[PasswordResetTokenUsed], [u].[RefreshTokenExpiry], [u].[RefreshTokenHash], [u].[Role], [u].[SocialProvider], [u].[SocialProviderId], [u].[Status], [u].[UpdatedAt]
    FROM [Users] AS [u]
    WHERE [u].[IsDeleted] = CAST(0 AS bit)
) AS [u0] ON [g].[SenderId] = [u0].[Id]
INNER JOIN (
    SELECT [g0].[Id], [g0].[CategoryId], [g0].[CreatedAt], [g0].[CustomJsonContent], [g0].[DeletedAt], [g0].[Description], [g0].[FileUrl], [g0].[IsDeleted], [g0].[IsFeatured], [g0].[IsPremium], [g0].[Name], [g0].[Slug], [g0].[Status], [g0].[Tags], [g0].[ThumbnailUrl], [g0].[UpdatedAt]
    FROM [GreetingCards] AS [g0]
    WHERE [g0].[IsDeleted] = CAST(0 AS bit)
) AS [g1] ON [g].[CardId] = [g1].[Id]
WHERE [e].[Status] = N'PendingRetry' AND [e].[NextRetryAt] <= @__now_0
2026-05-07 12:58:12.621 +07:00 [INF] Executed DbCommand (1ms) [Parameters=[@__now_0='?' (DbType = DateTime2)], CommandType='"Text"', CommandTimeout='30']
SELECT [e].[Id], [e].[CreatedAt], [e].[GreetingTransactionId], [e].[LastError], [e].[NextRetryAt], [e].[RetryCount], [e].[Status], [e].[UpdatedAt], [g].[Id], [g].[CardId], [g].[CreatedAt], [g].[PersonalMessage], [g].[RecipientEmail], [g].[RetryCount], [g].[ScheduledSendAt], [g].[SenderId], [g].[SentAt], [g].[Status], [g].[Subject], [g].[SubscriptionId], [u0].[Id], [u0].[CreatedAt], [u0].[DeletedAt], [u0].[Email], [u0].[EmailVerificationToken], [u0].[EmailVerificationTokenExpiry], [u0].[FailedLoginCount], [u0].[FullName], [u0].[IsDeleted], [u0].[LastLoginAt], [u0].[LockReason], [u0].[LockoutEndTime], [u0].[PasswordHash], [u0].[PasswordResetToken], [u0].[PasswordResetTokenExpiry], [u0].[PasswordResetTokenUsed], [u0].[RefreshTokenExpiry], [u0].[RefreshTokenHash], [u0].[Role], [u0].[SocialProvider], [u0].[SocialProviderId], [u0].[Status], [u0].[UpdatedAt], [g1].[Id], [g1].[CategoryId], [g1].[CreatedAt], [g1].[CustomJsonContent], [g1].[DeletedAt], [g1].[Description], [g1].[FileUrl], [g1].[IsDeleted], [g1].[IsFeatured], [g1].[IsPremium], [g1].[Name], [g1].[Slug], [g1].[Status], [g1].[Tags], [g1].[ThumbnailUrl], [g1].[UpdatedAt]
FROM [EmailRetryQueues] AS [e]
INNER JOIN [GreetingTransactions] AS [g] ON [e].[GreetingTransactionId] = [g].[Id]
INNER JOIN (
    SELECT [u].[Id], [u].[CreatedAt], [u].[DeletedAt], [u].[Email], [u].[EmailVerificationToken], [u].[EmailVerificationTokenExpiry], [u].[FailedLoginCount], [u].[FullName], [u].[IsDeleted], [u].[LastLoginAt], [u].[LockReason], [u].[LockoutEndTime], [u].[PasswordHash], [u].[PasswordResetToken], [u].[PasswordResetTokenExpiry], [u].[PasswordResetTokenUsed], [u].[RefreshTokenExpiry], [u].[RefreshTokenHash], [u].[Role], [u].[SocialProvider], [u].[SocialProviderId], [u].[Status], [u].[UpdatedAt]
    FROM [Users] AS [u]
    WHERE [u].[IsDeleted] = CAST(0 AS bit)
) AS [u0] ON [g].[SenderId] = [u0].[Id]
INNER JOIN (
    SELECT [g0].[Id], [g0].[CategoryId], [g0].[CreatedAt], [g0].[CustomJsonContent], [g0].[DeletedAt], [g0].[Description], [g0].[FileUrl], [g0].[IsDeleted], [g0].[IsFeatured], [g0].[IsPremium], [g0].[Name], [g0].[Slug], [g0].[Status], [g0].[Tags], [g0].[ThumbnailUrl], [g0].[UpdatedAt]
    FROM [GreetingCards] AS [g0]
    WHERE [g0].[IsDeleted] = CAST(0 AS bit)
) AS [g1] ON [g].[CardId] = [g1].[Id]
WHERE [e].[Status] = N'PendingRetry' AND [e].[NextRetryAt] <= @__now_0
2026-05-07 13:10:49.226 +07:00 [INF] Executed DbCommand (1ms) [Parameters=[@__now_0='?' (DbType = DateTime2)], CommandType='"Text"', CommandTimeout='30']
SELECT [e].[Id], [e].[CreatedAt], [e].[GreetingTransactionId], [e].[LastError], [e].[NextRetryAt], [e].[RetryCount], [e].[Status], [e].[UpdatedAt], [g].[Id], [g].[CardId], [g].[CreatedAt], [g].[PersonalMessage], [g].[RecipientEmail], [g].[RetryCount], [g].[ScheduledSendAt], [g].[SenderId], [g].[SentAt], [g].[Status], [g].[Subject], [g].[SubscriptionId], [u0].[Id], [u0].[CreatedAt], [u0].[DeletedAt], [u0].[Email], [u0].[EmailVerificationToken], [u0].[EmailVerificationTokenExpiry], [u0].[FailedLoginCount], [u0].[FullName], [u0].[IsDeleted], [u0].[LastLoginAt], [u0].[LockReason], [u0].[LockoutEndTime], [u0].[PasswordHash], [u0].[PasswordResetToken], [u0].[PasswordResetTokenExpiry], [u0].[PasswordResetTokenUsed], [u0].[RefreshTokenExpiry], [u0].[RefreshTokenHash], [u0].[Role], [u0].[SocialProvider], [u0].[SocialProviderId], [u0].[Status], [u0].[UpdatedAt], [g1].[Id], [g1].[CategoryId], [g1].[CreatedAt], [g1].[CustomJsonContent], [g1].[DeletedAt], [g1].[Description], [g1].[FileUrl], [g1].[IsDeleted], [g1].[IsFeatured], [g1].[IsPremium], [g1].[Name], [g1].[Slug], [g1].[Status], [g1].[Tags], [g1].[ThumbnailUrl], [g1].[UpdatedAt]
FROM [EmailRetryQueues] AS [e]
INNER JOIN [GreetingTransactions] AS [g] ON [e].[GreetingTransactionId] = [g].[Id]
INNER JOIN (
    SELECT [u].[Id], [u].[CreatedAt], [u].[DeletedAt], [u].[Email], [u].[EmailVerificationToken], [u].[EmailVerificationTokenExpiry], [u].[FailedLoginCount], [u].[FullName], [u].[IsDeleted], [u].[LastLoginAt], [u].[LockReason], [u].[LockoutEndTime], [u].[PasswordHash], [u].[PasswordResetToken], [u].[PasswordResetTokenExpiry], [u].[PasswordResetTokenUsed], [u].[RefreshTokenExpiry], [u].[RefreshTokenHash], [u].[Role], [u].[SocialProvider], [u].[SocialProviderId], [u].[Status], [u].[UpdatedAt]
    FROM [Users] AS [u]
    WHERE [u].[IsDeleted] = CAST(0 AS bit)
) AS [u0] ON [g].[SenderId] = [u0].[Id]
INNER JOIN (
    SELECT [g0].[Id], [g0].[CategoryId], [g0].[CreatedAt], [g0].[CustomJsonContent], [g0].[DeletedAt], [g0].[Description], [g0].[FileUrl], [g0].[IsDeleted], [g0].[IsFeatured], [g0].[IsPremium], [g0].[Name], [g0].[Slug], [g0].[Status], [g0].[Tags], [g0].[ThumbnailUrl], [g0].[UpdatedAt]
    FROM [GreetingCards] AS [g0]
    WHERE [g0].[IsDeleted] = CAST(0 AS bit)
) AS [g1] ON [g].[CardId] = [g1].[Id]
WHERE [e].[Status] = N'PendingRetry' AND [e].[NextRetryAt] <= @__now_0
2026-05-07 13:37:09.540 +07:00 [INF] Executed DbCommand (1ms) [Parameters=[@__now_0='?' (DbType = DateTime2)], CommandType='"Text"', CommandTimeout='30']
SELECT [e].[Id], [e].[CreatedAt], [e].[GreetingTransactionId], [e].[LastError], [e].[NextRetryAt], [e].[RetryCount], [e].[Status], [e].[UpdatedAt], [g].[Id], [g].[CardId], [g].[CreatedAt], [g].[PersonalMessage], [g].[RecipientEmail], [g].[RetryCount], [g].[ScheduledSendAt], [g].[SenderId], [g].[SentAt], [g].[Status], [g].[Subject], [g].[SubscriptionId], [u0].[Id], [u0].[CreatedAt], [u0].[DeletedAt], [u0].[Email], [u0].[EmailVerificationToken], [u0].[EmailVerificationTokenExpiry], [u0].[FailedLoginCount], [u0].[FullName], [u0].[IsDeleted], [u0].[LastLoginAt], [u0].[LockReason], [u0].[LockoutEndTime], [u0].[PasswordHash], [u0].[PasswordResetToken], [u0].[PasswordResetTokenExpiry], [u0].[PasswordResetTokenUsed], [u0].[RefreshTokenExpiry], [u0].[RefreshTokenHash], [u0].[Role], [u0].[SocialProvider], [u0].[SocialProviderId], [u0].[Status], [u0].[UpdatedAt], [g1].[Id], [g1].[CategoryId], [g1].[CreatedAt], [g1].[CustomJsonContent], [g1].[DeletedAt], [g1].[Description], [g1].[FileUrl], [g1].[IsDeleted], [g1].[IsFeatured], [g1].[IsPremium], [g1].[Name], [g1].[Slug], [g1].[Status], [g1].[Tags], [g1].[ThumbnailUrl], [g1].[UpdatedAt]
FROM [EmailRetryQueues] AS [e]
INNER JOIN [GreetingTransactions] AS [g] ON [e].[GreetingTransactionId] = [g].[Id]
INNER JOIN (
    SELECT [u].[Id], [u].[CreatedAt], [u].[DeletedAt], [u].[Email], [u].[EmailVerificationToken], [u].[EmailVerificationTokenExpiry], [u].[FailedLoginCount], [u].[FullName], [u].[IsDeleted], [u].[LastLoginAt], [u].[LockReason], [u].[LockoutEndTime], [u].[PasswordHash], [u].[PasswordResetToken], [u].[PasswordResetTokenExpiry], [u].[PasswordResetTokenUsed], [u].[RefreshTokenExpiry], [u].[RefreshTokenHash], [u].[Role], [u].[SocialProvider], [u].[SocialProviderId], [u].[Status], [u].[UpdatedAt]
    FROM [Users] AS [u]
    WHERE [u].[IsDeleted] = CAST(0 AS bit)
) AS [u0] ON [g].[SenderId] = [u0].[Id]
INNER JOIN (
    SELECT [g0].[Id], [g0].[CategoryId], [g0].[CreatedAt], [g0].[CustomJsonContent], [g0].[DeletedAt], [g0].[Description], [g0].[FileUrl], [g0].[IsDeleted], [g0].[IsFeatured], [g0].[IsPremium], [g0].[Name], [g0].[Slug], [g0].[Status], [g0].[Tags], [g0].[ThumbnailUrl], [g0].[UpdatedAt]
    FROM [GreetingCards] AS [g0]
    WHERE [g0].[IsDeleted] = CAST(0 AS bit)
) AS [g1] ON [g].[CardId] = [g1].[Id]
WHERE [e].[Status] = N'PendingRetry' AND [e].[NextRetryAt] <= @__now_0
2026-05-07 14:01:57.587 +07:00 [INF] Executed DbCommand (8ms) [Parameters=[@__now_0='?' (DbType = DateTime2)], CommandType='"Text"', CommandTimeout='30']
SELECT [e].[Id], [e].[CreatedAt], [e].[GreetingTransactionId], [e].[LastError], [e].[NextRetryAt], [e].[RetryCount], [e].[Status], [e].[UpdatedAt], [g].[Id], [g].[CardId], [g].[CreatedAt], [g].[PersonalMessage], [g].[RecipientEmail], [g].[RetryCount], [g].[ScheduledSendAt], [g].[SenderId], [g].[SentAt], [g].[Status], [g].[Subject], [g].[SubscriptionId], [u0].[Id], [u0].[CreatedAt], [u0].[DeletedAt], [u0].[Email], [u0].[EmailVerificationToken], [u0].[EmailVerificationTokenExpiry], [u0].[FailedLoginCount], [u0].[FullName], [u0].[IsDeleted], [u0].[LastLoginAt], [u0].[LockReason], [u0].[LockoutEndTime], [u0].[PasswordHash], [u0].[PasswordResetToken], [u0].[PasswordResetTokenExpiry], [u0].[PasswordResetTokenUsed], [u0].[RefreshTokenExpiry], [u0].[RefreshTokenHash], [u0].[Role], [u0].[SocialProvider], [u0].[SocialProviderId], [u0].[Status], [u0].[UpdatedAt], [g1].[Id], [g1].[CategoryId], [g1].[CreatedAt], [g1].[CustomJsonContent], [g1].[DeletedAt], [g1].[Description], [g1].[FileUrl], [g1].[IsDeleted], [g1].[IsFeatured], [g1].[IsPremium], [g1].[Name], [g1].[Slug], [g1].[Status], [g1].[Tags], [g1].[ThumbnailUrl], [g1].[UpdatedAt]
FROM [EmailRetryQueues] AS [e]
INNER JOIN [GreetingTransactions] AS [g] ON [e].[GreetingTransactionId] = [g].[Id]
INNER JOIN (
    SELECT [u].[Id], [u].[CreatedAt], [u].[DeletedAt], [u].[Email], [u].[EmailVerificationToken], [u].[EmailVerificationTokenExpiry], [u].[FailedLoginCount], [u].[FullName], [u].[IsDeleted], [u].[LastLoginAt], [u].[LockReason], [u].[LockoutEndTime], [u].[PasswordHash], [u].[PasswordResetToken], [u].[PasswordResetTokenExpiry], [u].[PasswordResetTokenUsed], [u].[RefreshTokenExpiry], [u].[RefreshTokenHash], [u].[Role], [u].[SocialProvider], [u].[SocialProviderId], [u].[Status], [u].[UpdatedAt]
    FROM [Users] AS [u]
    WHERE [u].[IsDeleted] = CAST(0 AS bit)
) AS [u0] ON [g].[SenderId] = [u0].[Id]
INNER JOIN (
    SELECT [g0].[Id], [g0].[CategoryId], [g0].[CreatedAt], [g0].[CustomJsonContent], [g0].[DeletedAt], [g0].[Description], [g0].[FileUrl], [g0].[IsDeleted], [g0].[IsFeatured], [g0].[IsPremium], [g0].[Name], [g0].[Slug], [g0].[Status], [g0].[Tags], [g0].[ThumbnailUrl], [g0].[UpdatedAt]
    FROM [GreetingCards] AS [g0]
    WHERE [g0].[IsDeleted] = CAST(0 AS bit)
) AS [g1] ON [g].[CardId] = [g1].[Id]
WHERE [e].[Status] = N'PendingRetry' AND [e].[NextRetryAt] <= @__now_0
2026-05-07 14:24:34.004 +07:00 [INF] Executed DbCommand (1ms) [Parameters=[@__now_0='?' (DbType = DateTime2)], CommandType='"Text"', CommandTimeout='30']
SELECT [e].[Id], [e].[CreatedAt], [e].[GreetingTransactionId], [e].[LastError], [e].[NextRetryAt], [e].[RetryCount], [e].[Status], [e].[UpdatedAt], [g].[Id], [g].[CardId], [g].[CreatedAt], [g].[PersonalMessage], [g].[RecipientEmail], [g].[RetryCount], [g].[ScheduledSendAt], [g].[SenderId], [g].[SentAt], [g].[Status], [g].[Subject], [g].[SubscriptionId], [u0].[Id], [u0].[CreatedAt], [u0].[DeletedAt], [u0].[Email], [u0].[EmailVerificationToken], [u0].[EmailVerificationTokenExpiry], [u0].[FailedLoginCount], [u0].[FullName], [u0].[IsDeleted], [u0].[LastLoginAt], [u0].[LockReason], [u0].[LockoutEndTime], [u0].[PasswordHash], [u0].[PasswordResetToken], [u0].[PasswordResetTokenExpiry], [u0].[PasswordResetTokenUsed], [u0].[RefreshTokenExpiry], [u0].[RefreshTokenHash], [u0].[Role], [u0].[SocialProvider], [u0].[SocialProviderId], [u0].[Status], [u0].[UpdatedAt], [g1].[Id], [g1].[CategoryId], [g1].[CreatedAt], [g1].[CustomJsonContent], [g1].[DeletedAt], [g1].[Description], [g1].[FileUrl], [g1].[IsDeleted], [g1].[IsFeatured], [g1].[IsPremium], [g1].[Name], [g1].[Slug], [g1].[Status], [g1].[Tags], [g1].[ThumbnailUrl], [g1].[UpdatedAt]
FROM [EmailRetryQueues] AS [e]
INNER JOIN [GreetingTransactions] AS [g] ON [e].[GreetingTransactionId] = [g].[Id]
INNER JOIN (
    SELECT [u].[Id], [u].[CreatedAt], [u].[DeletedAt], [u].[Email], [u].[EmailVerificationToken], [u].[EmailVerificationTokenExpiry], [u].[FailedLoginCount], [u].[FullName], [u].[IsDeleted], [u].[LastLoginAt], [u].[LockReason], [u].[LockoutEndTime], [u].[PasswordHash], [u].[PasswordResetToken], [u].[PasswordResetTokenExpiry], [u].[PasswordResetTokenUsed], [u].[RefreshTokenExpiry], [u].[RefreshTokenHash], [u].[Role], [u].[SocialProvider], [u].[SocialProviderId], [u].[Status], [u].[UpdatedAt]
    FROM [Users] AS [u]
    WHERE [u].[IsDeleted] = CAST(0 AS bit)
) AS [u0] ON [g].[SenderId] = [u0].[Id]
INNER JOIN (
    SELECT [g0].[Id], [g0].[CategoryId], [g0].[CreatedAt], [g0].[CustomJsonContent], [g0].[DeletedAt], [g0].[Description], [g0].[FileUrl], [g0].[IsDeleted], [g0].[IsFeatured], [g0].[IsPremium], [g0].[Name], [g0].[Slug], [g0].[Status], [g0].[Tags], [g0].[ThumbnailUrl], [g0].[UpdatedAt]
    FROM [GreetingCards] AS [g0]
    WHERE [g0].[IsDeleted] = CAST(0 AS bit)
) AS [g1] ON [g].[CardId] = [g1].[Id]
WHERE [e].[Status] = N'PendingRetry' AND [e].[NextRetryAt] <= @__now_0
2026-05-07 15:02:53.928 +07:00 [INF] Executed DbCommand (1ms) [Parameters=[@__now_0='?' (DbType = DateTime2)], CommandType='"Text"', CommandTimeout='30']
SELECT [e].[Id], [e].[CreatedAt], [e].[GreetingTransactionId], [e].[LastError], [e].[NextRetryAt], [e].[RetryCount], [e].[Status], [e].[UpdatedAt], [g].[Id], [g].[CardId], [g].[CreatedAt], [g].[PersonalMessage], [g].[RecipientEmail], [g].[RetryCount], [g].[ScheduledSendAt], [g].[SenderId], [g].[SentAt], [g].[Status], [g].[Subject], [g].[SubscriptionId], [u0].[Id], [u0].[CreatedAt], [u0].[DeletedAt], [u0].[Email], [u0].[EmailVerificationToken], [u0].[EmailVerificationTokenExpiry], [u0].[FailedLoginCount], [u0].[FullName], [u0].[IsDeleted], [u0].[LastLoginAt], [u0].[LockReason], [u0].[LockoutEndTime], [u0].[PasswordHash], [u0].[PasswordResetToken], [u0].[PasswordResetTokenExpiry], [u0].[PasswordResetTokenUsed], [u0].[RefreshTokenExpiry], [u0].[RefreshTokenHash], [u0].[Role], [u0].[SocialProvider], [u0].[SocialProviderId], [u0].[Status], [u0].[UpdatedAt], [g1].[Id], [g1].[CategoryId], [g1].[CreatedAt], [g1].[CustomJsonContent], [g1].[DeletedAt], [g1].[Description], [g1].[FileUrl], [g1].[IsDeleted], [g1].[IsFeatured], [g1].[IsPremium], [g1].[Name], [g1].[Slug], [g1].[Status], [g1].[Tags], [g1].[ThumbnailUrl], [g1].[UpdatedAt]
FROM [EmailRetryQueues] AS [e]
INNER JOIN [GreetingTransactions] AS [g] ON [e].[GreetingTransactionId] = [g].[Id]
INNER JOIN (
    SELECT [u].[Id], [u].[CreatedAt], [u].[DeletedAt], [u].[Email], [u].[EmailVerificationToken], [u].[EmailVerificationTokenExpiry], [u].[FailedLoginCount], [u].[FullName], [u].[IsDeleted], [u].[LastLoginAt], [u].[LockReason], [u].[LockoutEndTime], [u].[PasswordHash], [u].[PasswordResetToken], [u].[PasswordResetTokenExpiry], [u].[PasswordResetTokenUsed], [u].[RefreshTokenExpiry], [u].[RefreshTokenHash], [u].[Role], [u].[SocialProvider], [u].[SocialProviderId], [u].[Status], [u].[UpdatedAt]
    FROM [Users] AS [u]
    WHERE [u].[IsDeleted] = CAST(0 AS bit)
) AS [u0] ON [g].[SenderId] = [u0].[Id]
INNER JOIN (
    SELECT [g0].[Id], [g0].[CategoryId], [g0].[CreatedAt], [g0].[CustomJsonContent], [g0].[DeletedAt], [g0].[Description], [g0].[FileUrl], [g0].[IsDeleted], [g0].[IsFeatured], [g0].[IsPremium], [g0].[Name], [g0].[Slug], [g0].[Status], [g0].[Tags], [g0].[ThumbnailUrl], [g0].[UpdatedAt]
    FROM [GreetingCards] AS [g0]
    WHERE [g0].[IsDeleted] = CAST(0 AS bit)
) AS [g1] ON [g].[CardId] = [g1].[Id]
WHERE [e].[Status] = N'PendingRetry' AND [e].[NextRetryAt] <= @__now_0
2026-05-07 15:55:04.752 +07:00 [INF] Executed DbCommand (1ms) [Parameters=[@__now_0='?' (DbType = DateTime2)], CommandType='"Text"', CommandTimeout='30']
SELECT [e].[Id], [e].[CreatedAt], [e].[GreetingTransactionId], [e].[LastError], [e].[NextRetryAt], [e].[RetryCount], [e].[Status], [e].[UpdatedAt], [g].[Id], [g].[CardId], [g].[CreatedAt], [g].[PersonalMessage], [g].[RecipientEmail], [g].[RetryCount], [g].[ScheduledSendAt], [g].[SenderId], [g].[SentAt], [g].[Status], [g].[Subject], [g].[SubscriptionId], [u0].[Id], [u0].[CreatedAt], [u0].[DeletedAt], [u0].[Email], [u0].[EmailVerificationToken], [u0].[EmailVerificationTokenExpiry], [u0].[FailedLoginCount], [u0].[FullName], [u0].[IsDeleted], [u0].[LastLoginAt], [u0].[LockReason], [u0].[LockoutEndTime], [u0].[PasswordHash], [u0].[PasswordResetToken], [u0].[PasswordResetTokenExpiry], [u0].[PasswordResetTokenUsed], [u0].[RefreshTokenExpiry], [u0].[RefreshTokenHash], [u0].[Role], [u0].[SocialProvider], [u0].[SocialProviderId], [u0].[Status], [u0].[UpdatedAt], [g1].[Id], [g1].[CategoryId], [g1].[CreatedAt], [g1].[CustomJsonContent], [g1].[DeletedAt], [g1].[Description], [g1].[FileUrl], [g1].[IsDeleted], [g1].[IsFeatured], [g1].[IsPremium], [g1].[Name], [g1].[Slug], [g1].[Status], [g1].[Tags], [g1].[ThumbnailUrl], [g1].[UpdatedAt]
FROM [EmailRetryQueues] AS [e]
INNER JOIN [GreetingTransactions] AS [g] ON [e].[GreetingTransactionId] = [g].[Id]
INNER JOIN (
    SELECT [u].[Id], [u].[CreatedAt], [u].[DeletedAt], [u].[Email], [u].[EmailVerificationToken], [u].[EmailVerificationTokenExpiry], [u].[FailedLoginCount], [u].[FullName], [u].[IsDeleted], [u].[LastLoginAt], [u].[LockReason], [u].[LockoutEndTime], [u].[PasswordHash], [u].[PasswordResetToken], [u].[PasswordResetTokenExpiry], [u].[PasswordResetTokenUsed], [u].[RefreshTokenExpiry], [u].[RefreshTokenHash], [u].[Role], [u].[SocialProvider], [u].[SocialProviderId], [u].[Status], [u].[UpdatedAt]
    FROM [Users] AS [u]
    WHERE [u].[IsDeleted] = CAST(0 AS bit)
) AS [u0] ON [g].[SenderId] = [u0].[Id]
INNER JOIN (
    SELECT [g0].[Id], [g0].[CategoryId], [g0].[CreatedAt], [g0].[CustomJsonContent], [g0].[DeletedAt], [g0].[Description], [g0].[FileUrl], [g0].[IsDeleted], [g0].[IsFeatured], [g0].[IsPremium], [g0].[Name], [g0].[Slug], [g0].[Status], [g0].[Tags], [g0].[ThumbnailUrl], [g0].[UpdatedAt]
    FROM [GreetingCards] AS [g0]
    WHERE [g0].[IsDeleted] = CAST(0 AS bit)
) AS [g1] ON [g].[CardId] = [g1].[Id]
WHERE [e].[Status] = N'PendingRetry' AND [e].[NextRetryAt] <= @__now_0
2026-05-07 15:55:04.778 +07:00 [INF] [UC20] SendDailyGreetings started at "2026-05-07T08:55:04.7778920Z"
2026-05-07 15:55:04.820 +07:00 [INF] Executed DbCommand (2ms) [Parameters=[], CommandType='"Text"', CommandTimeout='30']
SELECT [s].[Id], [s].[CreatedAt], [s].[DisabledReason], [s].[ExpiryDate], [s].[PaymentMethod], [s].[StartDate], [s].[Status], [s].[UpdatedAt], [s].[UserId], [u0].[Id], [u0].[CreatedAt], [u0].[DeletedAt], [u0].[Email], [u0].[EmailVerificationToken], [u0].[EmailVerificationTokenExpiry], [u0].[FailedLoginCount], [u0].[FullName], [u0].[IsDeleted], [u0].[LastLoginAt], [u0].[LockReason], [u0].[LockoutEndTime], [u0].[PasswordHash], [u0].[PasswordResetToken], [u0].[PasswordResetTokenExpiry], [u0].[PasswordResetTokenUsed], [u0].[RefreshTokenExpiry], [u0].[RefreshTokenHash], [u0].[Role], [u0].[SocialProvider], [u0].[SocialProviderId], [u0].[Status], [u0].[UpdatedAt], [s0].[Id], [s0].[CreatedAt], [s0].[Email], [s0].[SubscriptionId]
FROM [Subscriptions] AS [s]
INNER JOIN (
    SELECT [u].[Id], [u].[CreatedAt], [u].[DeletedAt], [u].[Email], [u].[EmailVerificationToken], [u].[EmailVerificationTokenExpiry], [u].[FailedLoginCount], [u].[FullName], [u].[IsDeleted], [u].[LastLoginAt], [u].[LockReason], [u].[LockoutEndTime], [u].[PasswordHash], [u].[PasswordResetToken], [u].[PasswordResetTokenExpiry], [u].[PasswordResetTokenUsed], [u].[RefreshTokenExpiry], [u].[RefreshTokenHash], [u].[Role], [u].[SocialProvider], [u].[SocialProviderId], [u].[Status], [u].[UpdatedAt]
    FROM [Users] AS [u]
    WHERE [u].[IsDeleted] = CAST(0 AS bit)
) AS [u0] ON [s].[UserId] = [u0].[Id]
LEFT JOIN [SubscriptionEmailLists] AS [s0] ON [s].[Id] = [s0].[SubscriptionId]
WHERE [s].[Status] = N'Active'
ORDER BY [s].[Id], [u0].[Id]
2026-05-07 15:55:04.827 +07:00 [INF] Executed DbCommand (2ms) [Parameters=[], CommandType='"Text"', CommandTimeout='30']
SELECT [g].[Id], [g].[CategoryId], [g].[CreatedAt], [g].[CustomJsonContent], [g].[DeletedAt], [g].[Description], [g].[FileUrl], [g].[IsDeleted], [g].[IsFeatured], [g].[IsPremium], [g].[Name], [g].[Slug], [g].[Status], [g].[Tags], [g].[ThumbnailUrl], [g].[UpdatedAt]
FROM [GreetingCards] AS [g]
WHERE [g].[IsDeleted] = CAST(0 AS bit) AND [g].[IsFeatured] = CAST(1 AS bit) AND [g].[Status] = N'Active' AND [g].[IsDeleted] = CAST(0 AS bit)
2026-05-07 15:55:04.861 +07:00 [INF] Executed DbCommand (3ms) [Parameters=[@p0='?' (DbType = Guid), @p1='?' (DbType = Guid), @p2='?' (Size = 20), @p3='?' (Size = 2000), @p4='?' (DbType = DateTime2), @p5='?' (Size = 1000), @p6='?' (Size = 30), @p7='?' (Size = 50), @p8='?' (Size = 20), @p9='?' (DbType = DateTime2)], CommandType='"Text"', CommandTimeout='30']
SET IMPLICIT_TRANSACTIONS OFF;
SET NOCOUNT ON;
INSERT INTO [SystemLogs] ([Id], [ActorId], [ActorType], [AdditionalData], [CreatedAt], [Description], [EventType], [IpAddress], [Status], [Timestamp])
VALUES (@p0, @p1, @p2, @p3, @p4, @p5, @p6, @p7, @p8, @p9);
2026-05-07 15:55:04.862 +07:00 [INF] [UC20] Done. Sent=0, Errors=0
2026-05-07 16:15:51.975 +07:00 [INF] Executed DbCommand (2ms) [Parameters=[@__now_0='?' (DbType = DateTime2)], CommandType='"Text"', CommandTimeout='30']
SELECT [e].[Id], [e].[CreatedAt], [e].[GreetingTransactionId], [e].[LastError], [e].[NextRetryAt], [e].[RetryCount], [e].[Status], [e].[UpdatedAt], [g].[Id], [g].[CardId], [g].[CreatedAt], [g].[PersonalMessage], [g].[RecipientEmail], [g].[RetryCount], [g].[ScheduledSendAt], [g].[SenderId], [g].[SentAt], [g].[Status], [g].[Subject], [g].[SubscriptionId], [u0].[Id], [u0].[CreatedAt], [u0].[DeletedAt], [u0].[Email], [u0].[EmailVerificationToken], [u0].[EmailVerificationTokenExpiry], [u0].[FailedLoginCount], [u0].[FullName], [u0].[IsDeleted], [u0].[LastLoginAt], [u0].[LockReason], [u0].[LockoutEndTime], [u0].[PasswordHash], [u0].[PasswordResetToken], [u0].[PasswordResetTokenExpiry], [u0].[PasswordResetTokenUsed], [u0].[RefreshTokenExpiry], [u0].[RefreshTokenHash], [u0].[Role], [u0].[SocialProvider], [u0].[SocialProviderId], [u0].[Status], [u0].[UpdatedAt], [g1].[Id], [g1].[CategoryId], [g1].[CreatedAt], [g1].[CustomJsonContent], [g1].[DeletedAt], [g1].[Description], [g1].[FileUrl], [g1].[IsDeleted], [g1].[IsFeatured], [g1].[IsPremium], [g1].[Name], [g1].[Slug], [g1].[Status], [g1].[Tags], [g1].[ThumbnailUrl], [g1].[UpdatedAt]
FROM [EmailRetryQueues] AS [e]
INNER JOIN [GreetingTransactions] AS [g] ON [e].[GreetingTransactionId] = [g].[Id]
INNER JOIN (
    SELECT [u].[Id], [u].[CreatedAt], [u].[DeletedAt], [u].[Email], [u].[EmailVerificationToken], [u].[EmailVerificationTokenExpiry], [u].[FailedLoginCount], [u].[FullName], [u].[IsDeleted], [u].[LastLoginAt], [u].[LockReason], [u].[LockoutEndTime], [u].[PasswordHash], [u].[PasswordResetToken], [u].[PasswordResetTokenExpiry], [u].[PasswordResetTokenUsed], [u].[RefreshTokenExpiry], [u].[RefreshTokenHash], [u].[Role], [u].[SocialProvider], [u].[SocialProviderId], [u].[Status], [u].[UpdatedAt]
    FROM [Users] AS [u]
    WHERE [u].[IsDeleted] = CAST(0 AS bit)
) AS [u0] ON [g].[SenderId] = [u0].[Id]
INNER JOIN (
    SELECT [g0].[Id], [g0].[CategoryId], [g0].[CreatedAt], [g0].[CustomJsonContent], [g0].[DeletedAt], [g0].[Description], [g0].[FileUrl], [g0].[IsDeleted], [g0].[IsFeatured], [g0].[IsPremium], [g0].[Name], [g0].[Slug], [g0].[Status], [g0].[Tags], [g0].[ThumbnailUrl], [g0].[UpdatedAt]
    FROM [GreetingCards] AS [g0]
    WHERE [g0].[IsDeleted] = CAST(0 AS bit)
) AS [g1] ON [g].[CardId] = [g1].[Id]
WHERE [e].[Status] = N'PendingRetry' AND [e].[NextRetryAt] <= @__now_0
2026-05-07 16:32:45.758 +07:00 [INF] 1 servers were removed due to timeout
2026-05-07 16:32:47.570 +07:00 [WRN] Server macbook-pro-cua-alan:84598:c289896d was considered dead by other servers, restarting...
2026-05-07 16:32:47.570 +07:00 [INF] Server macbook-pro-cua-alan:84598:c289896d caught restart signal...
2026-05-07 16:32:47.572 +07:00 [WRN] Server macbook-pro-cua-alan:84598:c289896d stopped non-gracefully due to Worker. Outstanding work on those dispatchers could be aborted, and there can be delays in background processing. This server instance will be incorrectly shown as active for a while. To avoid non-graceful shutdowns, investigate what prevents from stopping gracefully and add CancellationToken support for those methods.
2026-05-07 16:32:47.574 +07:00 [INF] Server macbook-pro-cua-alan:84598:c289896d successfully reported itself as stopped in 1,865 ms
2026-05-07 16:32:47.574 +07:00 [INF] Server macbook-pro-cua-alan:84598:c289896d has been stopped in total 2,4075 ms
2026-05-07 16:32:47.580 +07:00 [INF] Server macbook-pro-cua-alan:84598:f5552a43 successfully announced in 5,3156 ms
2026-05-07 16:32:47.580 +07:00 [INF] Server macbook-pro-cua-alan:84598:f5552a43 is starting the registered dispatchers: ServerWatchdog, ServerJobCancellationWatcher, SqlServerHeartbeatProcess, ExpirationManager, CountersAggregator, Worker, DelayedJobScheduler, RecurringJobScheduler...
2026-05-07 16:32:47.595 +07:00 [INF] Server macbook-pro-cua-alan:84598:f5552a43 all the dispatchers started
2026-05-07 16:56:22.956 +07:00 [INF] Executed DbCommand (2ms) [Parameters=[@__now_0='?' (DbType = DateTime2)], CommandType='"Text"', CommandTimeout='30']
SELECT [e].[Id], [e].[CreatedAt], [e].[GreetingTransactionId], [e].[LastError], [e].[NextRetryAt], [e].[RetryCount], [e].[Status], [e].[UpdatedAt], [g].[Id], [g].[CardId], [g].[CreatedAt], [g].[PersonalMessage], [g].[RecipientEmail], [g].[RetryCount], [g].[ScheduledSendAt], [g].[SenderId], [g].[SentAt], [g].[Status], [g].[Subject], [g].[SubscriptionId], [u0].[Id], [u0].[CreatedAt], [u0].[DeletedAt], [u0].[Email], [u0].[EmailVerificationToken], [u0].[EmailVerificationTokenExpiry], [u0].[FailedLoginCount], [u0].[FullName], [u0].[IsDeleted], [u0].[LastLoginAt], [u0].[LockReason], [u0].[LockoutEndTime], [u0].[PasswordHash], [u0].[PasswordResetToken], [u0].[PasswordResetTokenExpiry], [u0].[PasswordResetTokenUsed], [u0].[RefreshTokenExpiry], [u0].[RefreshTokenHash], [u0].[Role], [u0].[SocialProvider], [u0].[SocialProviderId], [u0].[Status], [u0].[UpdatedAt], [g1].[Id], [g1].[CategoryId], [g1].[CreatedAt], [g1].[CustomJsonContent], [g1].[DeletedAt], [g1].[Description], [g1].[FileUrl], [g1].[IsDeleted], [g1].[IsFeatured], [g1].[IsPremium], [g1].[Name], [g1].[Slug], [g1].[Status], [g1].[Tags], [g1].[ThumbnailUrl], [g1].[UpdatedAt]
FROM [EmailRetryQueues] AS [e]
INNER JOIN [GreetingTransactions] AS [g] ON [e].[GreetingTransactionId] = [g].[Id]
INNER JOIN (
    SELECT [u].[Id], [u].[CreatedAt], [u].[DeletedAt], [u].[Email], [u].[EmailVerificationToken], [u].[EmailVerificationTokenExpiry], [u].[FailedLoginCount], [u].[FullName], [u].[IsDeleted], [u].[LastLoginAt], [u].[LockReason], [u].[LockoutEndTime], [u].[PasswordHash], [u].[PasswordResetToken], [u].[PasswordResetTokenExpiry], [u].[PasswordResetTokenUsed], [u].[RefreshTokenExpiry], [u].[RefreshTokenHash], [u].[Role], [u].[SocialProvider], [u].[SocialProviderId], [u].[Status], [u].[UpdatedAt]
    FROM [Users] AS [u]
    WHERE [u].[IsDeleted] = CAST(0 AS bit)
) AS [u0] ON [g].[SenderId] = [u0].[Id]
INNER JOIN (
    SELECT [g0].[Id], [g0].[CategoryId], [g0].[CreatedAt], [g0].[CustomJsonContent], [g0].[DeletedAt], [g0].[Description], [g0].[FileUrl], [g0].[IsDeleted], [g0].[IsFeatured], [g0].[IsPremium], [g0].[Name], [g0].[Slug], [g0].[Status], [g0].[Tags], [g0].[ThumbnailUrl], [g0].[UpdatedAt]
    FROM [GreetingCards] AS [g0]
    WHERE [g0].[IsDeleted] = CAST(0 AS bit)
) AS [g1] ON [g].[CardId] = [g1].[Id]
WHERE [e].[Status] = N'PendingRetry' AND [e].[NextRetryAt] <= @__now_0
2026-05-07 18:05:55.243 +07:00 [INF] Executed DbCommand (2ms) [Parameters=[@__now_0='?' (DbType = DateTime2)], CommandType='"Text"', CommandTimeout='30']
SELECT [e].[Id], [e].[CreatedAt], [e].[GreetingTransactionId], [e].[LastError], [e].[NextRetryAt], [e].[RetryCount], [e].[Status], [e].[UpdatedAt], [g].[Id], [g].[CardId], [g].[CreatedAt], [g].[PersonalMessage], [g].[RecipientEmail], [g].[RetryCount], [g].[ScheduledSendAt], [g].[SenderId], [g].[SentAt], [g].[Status], [g].[Subject], [g].[SubscriptionId], [u0].[Id], [u0].[CreatedAt], [u0].[DeletedAt], [u0].[Email], [u0].[EmailVerificationToken], [u0].[EmailVerificationTokenExpiry], [u0].[FailedLoginCount], [u0].[FullName], [u0].[IsDeleted], [u0].[LastLoginAt], [u0].[LockReason], [u0].[LockoutEndTime], [u0].[PasswordHash], [u0].[PasswordResetToken], [u0].[PasswordResetTokenExpiry], [u0].[PasswordResetTokenUsed], [u0].[RefreshTokenExpiry], [u0].[RefreshTokenHash], [u0].[Role], [u0].[SocialProvider], [u0].[SocialProviderId], [u0].[Status], [u0].[UpdatedAt], [g1].[Id], [g1].[CategoryId], [g1].[CreatedAt], [g1].[CustomJsonContent], [g1].[DeletedAt], [g1].[Description], [g1].[FileUrl], [g1].[IsDeleted], [g1].[IsFeatured], [g1].[IsPremium], [g1].[Name], [g1].[Slug], [g1].[Status], [g1].[Tags], [g1].[ThumbnailUrl], [g1].[UpdatedAt]
FROM [EmailRetryQueues] AS [e]
INNER JOIN [GreetingTransactions] AS [g] ON [e].[GreetingTransactionId] = [g].[Id]
INNER JOIN (
    SELECT [u].[Id], [u].[CreatedAt], [u].[DeletedAt], [u].[Email], [u].[EmailVerificationToken], [u].[EmailVerificationTokenExpiry], [u].[FailedLoginCount], [u].[FullName], [u].[IsDeleted], [u].[LastLoginAt], [u].[LockReason], [u].[LockoutEndTime], [u].[PasswordHash], [u].[PasswordResetToken], [u].[PasswordResetTokenExpiry], [u].[PasswordResetTokenUsed], [u].[RefreshTokenExpiry], [u].[RefreshTokenHash], [u].[Role], [u].[SocialProvider], [u].[SocialProviderId], [u].[Status], [u].[UpdatedAt]
    FROM [Users] AS [u]
    WHERE [u].[IsDeleted] = CAST(0 AS bit)
) AS [u0] ON [g].[SenderId] = [u0].[Id]
INNER JOIN (
    SELECT [g0].[Id], [g0].[CategoryId], [g0].[CreatedAt], [g0].[CustomJsonContent], [g0].[DeletedAt], [g0].[Description], [g0].[FileUrl], [g0].[IsDeleted], [g0].[IsFeatured], [g0].[IsPremium], [g0].[Name], [g0].[Slug], [g0].[Status], [g0].[Tags], [g0].[ThumbnailUrl], [g0].[UpdatedAt]
    FROM [GreetingCards] AS [g0]
    WHERE [g0].[IsDeleted] = CAST(0 AS bit)
) AS [g1] ON [g].[CardId] = [g1].[Id]
WHERE [e].[Status] = N'PendingRetry' AND [e].[NextRetryAt] <= @__now_0
2026-05-07 18:24:04.462 +07:00 [INF] Executed DbCommand (1ms) [Parameters=[@__now_0='?' (DbType = DateTime2)], CommandType='"Text"', CommandTimeout='30']
SELECT [e].[Id], [e].[CreatedAt], [e].[GreetingTransactionId], [e].[LastError], [e].[NextRetryAt], [e].[RetryCount], [e].[Status], [e].[UpdatedAt], [g].[Id], [g].[CardId], [g].[CreatedAt], [g].[PersonalMessage], [g].[RecipientEmail], [g].[RetryCount], [g].[ScheduledSendAt], [g].[SenderId], [g].[SentAt], [g].[Status], [g].[Subject], [g].[SubscriptionId], [u0].[Id], [u0].[CreatedAt], [u0].[DeletedAt], [u0].[Email], [u0].[EmailVerificationToken], [u0].[EmailVerificationTokenExpiry], [u0].[FailedLoginCount], [u0].[FullName], [u0].[IsDeleted], [u0].[LastLoginAt], [u0].[LockReason], [u0].[LockoutEndTime], [u0].[PasswordHash], [u0].[PasswordResetToken], [u0].[PasswordResetTokenExpiry], [u0].[PasswordResetTokenUsed], [u0].[RefreshTokenExpiry], [u0].[RefreshTokenHash], [u0].[Role], [u0].[SocialProvider], [u0].[SocialProviderId], [u0].[Status], [u0].[UpdatedAt], [g1].[Id], [g1].[CategoryId], [g1].[CreatedAt], [g1].[CustomJsonContent], [g1].[DeletedAt], [g1].[Description], [g1].[FileUrl], [g1].[IsDeleted], [g1].[IsFeatured], [g1].[IsPremium], [g1].[Name], [g1].[Slug], [g1].[Status], [g1].[Tags], [g1].[ThumbnailUrl], [g1].[UpdatedAt]
FROM [EmailRetryQueues] AS [e]
INNER JOIN [GreetingTransactions] AS [g] ON [e].[GreetingTransactionId] = [g].[Id]
INNER JOIN (
    SELECT [u].[Id], [u].[CreatedAt], [u].[DeletedAt], [u].[Email], [u].[EmailVerificationToken], [u].[EmailVerificationTokenExpiry], [u].[FailedLoginCount], [u].[FullName], [u].[IsDeleted], [u].[LastLoginAt], [u].[LockReason], [u].[LockoutEndTime], [u].[PasswordHash], [u].[PasswordResetToken], [u].[PasswordResetTokenExpiry], [u].[PasswordResetTokenUsed], [u].[RefreshTokenExpiry], [u].[RefreshTokenHash], [u].[Role], [u].[SocialProvider], [u].[SocialProviderId], [u].[Status], [u].[UpdatedAt]
    FROM [Users] AS [u]
    WHERE [u].[IsDeleted] = CAST(0 AS bit)
) AS [u0] ON [g].[SenderId] = [u0].[Id]
INNER JOIN (
    SELECT [g0].[Id], [g0].[CategoryId], [g0].[CreatedAt], [g0].[CustomJsonContent], [g0].[DeletedAt], [g0].[Description], [g0].[FileUrl], [g0].[IsDeleted], [g0].[IsFeatured], [g0].[IsPremium], [g0].[Name], [g0].[Slug], [g0].[Status], [g0].[Tags], [g0].[ThumbnailUrl], [g0].[UpdatedAt]
    FROM [GreetingCards] AS [g0]
    WHERE [g0].[IsDeleted] = CAST(0 AS bit)
) AS [g1] ON [g].[CardId] = [g1].[Id]
WHERE [e].[Status] = N'PendingRetry' AND [e].[NextRetryAt] <= @__now_0
2026-05-07 19:07:34.206 +07:00 [INF] Executed DbCommand (3ms) [Parameters=[@__now_0='?' (DbType = DateTime2)], CommandType='"Text"', CommandTimeout='30']
SELECT [e].[Id], [e].[CreatedAt], [e].[GreetingTransactionId], [e].[LastError], [e].[NextRetryAt], [e].[RetryCount], [e].[Status], [e].[UpdatedAt], [g].[Id], [g].[CardId], [g].[CreatedAt], [g].[PersonalMessage], [g].[RecipientEmail], [g].[RetryCount], [g].[ScheduledSendAt], [g].[SenderId], [g].[SentAt], [g].[Status], [g].[Subject], [g].[SubscriptionId], [u0].[Id], [u0].[CreatedAt], [u0].[DeletedAt], [u0].[Email], [u0].[EmailVerificationToken], [u0].[EmailVerificationTokenExpiry], [u0].[FailedLoginCount], [u0].[FullName], [u0].[IsDeleted], [u0].[LastLoginAt], [u0].[LockReason], [u0].[LockoutEndTime], [u0].[PasswordHash], [u0].[PasswordResetToken], [u0].[PasswordResetTokenExpiry], [u0].[PasswordResetTokenUsed], [u0].[RefreshTokenExpiry], [u0].[RefreshTokenHash], [u0].[Role], [u0].[SocialProvider], [u0].[SocialProviderId], [u0].[Status], [u0].[UpdatedAt], [g1].[Id], [g1].[CategoryId], [g1].[CreatedAt], [g1].[CustomJsonContent], [g1].[DeletedAt], [g1].[Description], [g1].[FileUrl], [g1].[IsDeleted], [g1].[IsFeatured], [g1].[IsPremium], [g1].[Name], [g1].[Slug], [g1].[Status], [g1].[Tags], [g1].[ThumbnailUrl], [g1].[UpdatedAt]
FROM [EmailRetryQueues] AS [e]
INNER JOIN [GreetingTransactions] AS [g] ON [e].[GreetingTransactionId] = [g].[Id]
INNER JOIN (
    SELECT [u].[Id], [u].[CreatedAt], [u].[DeletedAt], [u].[Email], [u].[EmailVerificationToken], [u].[EmailVerificationTokenExpiry], [u].[FailedLoginCount], [u].[FullName], [u].[IsDeleted], [u].[LastLoginAt], [u].[LockReason], [u].[LockoutEndTime], [u].[PasswordHash], [u].[PasswordResetToken], [u].[PasswordResetTokenExpiry], [u].[PasswordResetTokenUsed], [u].[RefreshTokenExpiry], [u].[RefreshTokenHash], [u].[Role], [u].[SocialProvider], [u].[SocialProviderId], [u].[Status], [u].[UpdatedAt]
    FROM [Users] AS [u]
    WHERE [u].[IsDeleted] = CAST(0 AS bit)
) AS [u0] ON [g].[SenderId] = [u0].[Id]
INNER JOIN (
    SELECT [g0].[Id], [g0].[CategoryId], [g0].[CreatedAt], [g0].[CustomJsonContent], [g0].[DeletedAt], [g0].[Description], [g0].[FileUrl], [g0].[IsDeleted], [g0].[IsFeatured], [g0].[IsPremium], [g0].[Name], [g0].[Slug], [g0].[Status], [g0].[Tags], [g0].[ThumbnailUrl], [g0].[UpdatedAt]
    FROM [GreetingCards] AS [g0]
    WHERE [g0].[IsDeleted] = CAST(0 AS bit)
) AS [g1] ON [g].[CardId] = [g1].[Id]
WHERE [e].[Status] = N'PendingRetry' AND [e].[NextRetryAt] <= @__now_0
2026-05-07 19:59:31.946 +07:00 [INF] Executed DbCommand (1ms) [Parameters=[@__now_0='?' (DbType = DateTime2)], CommandType='"Text"', CommandTimeout='30']
SELECT [e].[Id], [e].[CreatedAt], [e].[GreetingTransactionId], [e].[LastError], [e].[NextRetryAt], [e].[RetryCount], [e].[Status], [e].[UpdatedAt], [g].[Id], [g].[CardId], [g].[CreatedAt], [g].[PersonalMessage], [g].[RecipientEmail], [g].[RetryCount], [g].[ScheduledSendAt], [g].[SenderId], [g].[SentAt], [g].[Status], [g].[Subject], [g].[SubscriptionId], [u0].[Id], [u0].[CreatedAt], [u0].[DeletedAt], [u0].[Email], [u0].[EmailVerificationToken], [u0].[EmailVerificationTokenExpiry], [u0].[FailedLoginCount], [u0].[FullName], [u0].[IsDeleted], [u0].[LastLoginAt], [u0].[LockReason], [u0].[LockoutEndTime], [u0].[PasswordHash], [u0].[PasswordResetToken], [u0].[PasswordResetTokenExpiry], [u0].[PasswordResetTokenUsed], [u0].[RefreshTokenExpiry], [u0].[RefreshTokenHash], [u0].[Role], [u0].[SocialProvider], [u0].[SocialProviderId], [u0].[Status], [u0].[UpdatedAt], [g1].[Id], [g1].[CategoryId], [g1].[CreatedAt], [g1].[CustomJsonContent], [g1].[DeletedAt], [g1].[Description], [g1].[FileUrl], [g1].[IsDeleted], [g1].[IsFeatured], [g1].[IsPremium], [g1].[Name], [g1].[Slug], [g1].[Status], [g1].[Tags], [g1].[ThumbnailUrl], [g1].[UpdatedAt]
FROM [EmailRetryQueues] AS [e]
INNER JOIN [GreetingTransactions] AS [g] ON [e].[GreetingTransactionId] = [g].[Id]
INNER JOIN (
    SELECT [u].[Id], [u].[CreatedAt], [u].[DeletedAt], [u].[Email], [u].[EmailVerificationToken], [u].[EmailVerificationTokenExpiry], [u].[FailedLoginCount], [u].[FullName], [u].[IsDeleted], [u].[LastLoginAt], [u].[LockReason], [u].[LockoutEndTime], [u].[PasswordHash], [u].[PasswordResetToken], [u].[PasswordResetTokenExpiry], [u].[PasswordResetTokenUsed], [u].[RefreshTokenExpiry], [u].[RefreshTokenHash], [u].[Role], [u].[SocialProvider], [u].[SocialProviderId], [u].[Status], [u].[UpdatedAt]
    FROM [Users] AS [u]
    WHERE [u].[IsDeleted] = CAST(0 AS bit)
) AS [u0] ON [g].[SenderId] = [u0].[Id]
INNER JOIN (
    SELECT [g0].[Id], [g0].[CategoryId], [g0].[CreatedAt], [g0].[CustomJsonContent], [g0].[DeletedAt], [g0].[Description], [g0].[FileUrl], [g0].[IsDeleted], [g0].[IsFeatured], [g0].[IsPremium], [g0].[Name], [g0].[Slug], [g0].[Status], [g0].[Tags], [g0].[ThumbnailUrl], [g0].[UpdatedAt]
    FROM [GreetingCards] AS [g0]
    WHERE [g0].[IsDeleted] = CAST(0 AS bit)
) AS [g1] ON [g].[CardId] = [g1].[Id]
WHERE [e].[Status] = N'PendingRetry' AND [e].[NextRetryAt] <= @__now_0
2026-05-07 20:55:58.073 +07:00 [INF] Executed DbCommand (2ms) [Parameters=[@__now_0='?' (DbType = DateTime2)], CommandType='"Text"', CommandTimeout='30']
SELECT [e].[Id], [e].[CreatedAt], [e].[GreetingTransactionId], [e].[LastError], [e].[NextRetryAt], [e].[RetryCount], [e].[Status], [e].[UpdatedAt], [g].[Id], [g].[CardId], [g].[CreatedAt], [g].[PersonalMessage], [g].[RecipientEmail], [g].[RetryCount], [g].[ScheduledSendAt], [g].[SenderId], [g].[SentAt], [g].[Status], [g].[Subject], [g].[SubscriptionId], [u0].[Id], [u0].[CreatedAt], [u0].[DeletedAt], [u0].[Email], [u0].[EmailVerificationToken], [u0].[EmailVerificationTokenExpiry], [u0].[FailedLoginCount], [u0].[FullName], [u0].[IsDeleted], [u0].[LastLoginAt], [u0].[LockReason], [u0].[LockoutEndTime], [u0].[PasswordHash], [u0].[PasswordResetToken], [u0].[PasswordResetTokenExpiry], [u0].[PasswordResetTokenUsed], [u0].[RefreshTokenExpiry], [u0].[RefreshTokenHash], [u0].[Role], [u0].[SocialProvider], [u0].[SocialProviderId], [u0].[Status], [u0].[UpdatedAt], [g1].[Id], [g1].[CategoryId], [g1].[CreatedAt], [g1].[CustomJsonContent], [g1].[DeletedAt], [g1].[Description], [g1].[FileUrl], [g1].[IsDeleted], [g1].[IsFeatured], [g1].[IsPremium], [g1].[Name], [g1].[Slug], [g1].[Status], [g1].[Tags], [g1].[ThumbnailUrl], [g1].[UpdatedAt]
FROM [EmailRetryQueues] AS [e]
INNER JOIN [GreetingTransactions] AS [g] ON [e].[GreetingTransactionId] = [g].[Id]
INNER JOIN (
    SELECT [u].[Id], [u].[CreatedAt], [u].[DeletedAt], [u].[Email], [u].[EmailVerificationToken], [u].[EmailVerificationTokenExpiry], [u].[FailedLoginCount], [u].[FullName], [u].[IsDeleted], [u].[LastLoginAt], [u].[LockReason], [u].[LockoutEndTime], [u].[PasswordHash], [u].[PasswordResetToken], [u].[PasswordResetTokenExpiry], [u].[PasswordResetTokenUsed], [u].[RefreshTokenExpiry], [u].[RefreshTokenHash], [u].[Role], [u].[SocialProvider], [u].[SocialProviderId], [u].[Status], [u].[UpdatedAt]
    FROM [Users] AS [u]
    WHERE [u].[IsDeleted] = CAST(0 AS bit)
) AS [u0] ON [g].[SenderId] = [u0].[Id]
INNER JOIN (
    SELECT [g0].[Id], [g0].[CategoryId], [g0].[CreatedAt], [g0].[CustomJsonContent], [g0].[DeletedAt], [g0].[Description], [g0].[FileUrl], [g0].[IsDeleted], [g0].[IsFeatured], [g0].[IsPremium], [g0].[Name], [g0].[Slug], [g0].[Status], [g0].[Tags], [g0].[ThumbnailUrl], [g0].[UpdatedAt]
    FROM [GreetingCards] AS [g0]
    WHERE [g0].[IsDeleted] = CAST(0 AS bit)
) AS [g1] ON [g].[CardId] = [g1].[Id]
WHERE [e].[Status] = N'PendingRetry' AND [e].[NextRetryAt] <= @__now_0
2026-05-07 21:09:00.756 +07:00 [INF] Executed DbCommand (2ms) [Parameters=[@__now_0='?' (DbType = DateTime2)], CommandType='"Text"', CommandTimeout='30']
SELECT [e].[Id], [e].[CreatedAt], [e].[GreetingTransactionId], [e].[LastError], [e].[NextRetryAt], [e].[RetryCount], [e].[Status], [e].[UpdatedAt], [g].[Id], [g].[CardId], [g].[CreatedAt], [g].[PersonalMessage], [g].[RecipientEmail], [g].[RetryCount], [g].[ScheduledSendAt], [g].[SenderId], [g].[SentAt], [g].[Status], [g].[Subject], [g].[SubscriptionId], [u0].[Id], [u0].[CreatedAt], [u0].[DeletedAt], [u0].[Email], [u0].[EmailVerificationToken], [u0].[EmailVerificationTokenExpiry], [u0].[FailedLoginCount], [u0].[FullName], [u0].[IsDeleted], [u0].[LastLoginAt], [u0].[LockReason], [u0].[LockoutEndTime], [u0].[PasswordHash], [u0].[PasswordResetToken], [u0].[PasswordResetTokenExpiry], [u0].[PasswordResetTokenUsed], [u0].[RefreshTokenExpiry], [u0].[RefreshTokenHash], [u0].[Role], [u0].[SocialProvider], [u0].[SocialProviderId], [u0].[Status], [u0].[UpdatedAt], [g1].[Id], [g1].[CategoryId], [g1].[CreatedAt], [g1].[CustomJsonContent], [g1].[DeletedAt], [g1].[Description], [g1].[FileUrl], [g1].[IsDeleted], [g1].[IsFeatured], [g1].[IsPremium], [g1].[Name], [g1].[Slug], [g1].[Status], [g1].[Tags], [g1].[ThumbnailUrl], [g1].[UpdatedAt]
FROM [EmailRetryQueues] AS [e]
INNER JOIN [GreetingTransactions] AS [g] ON [e].[GreetingTransactionId] = [g].[Id]
INNER JOIN (
    SELECT [u].[Id], [u].[CreatedAt], [u].[DeletedAt], [u].[Email], [u].[EmailVerificationToken], [u].[EmailVerificationTokenExpiry], [u].[FailedLoginCount], [u].[FullName], [u].[IsDeleted], [u].[LastLoginAt], [u].[LockReason], [u].[LockoutEndTime], [u].[PasswordHash], [u].[PasswordResetToken], [u].[PasswordResetTokenExpiry], [u].[PasswordResetTokenUsed], [u].[RefreshTokenExpiry], [u].[RefreshTokenHash], [u].[Role], [u].[SocialProvider], [u].[SocialProviderId], [u].[Status], [u].[UpdatedAt]
    FROM [Users] AS [u]
    WHERE [u].[IsDeleted] = CAST(0 AS bit)
) AS [u0] ON [g].[SenderId] = [u0].[Id]
INNER JOIN (
    SELECT [g0].[Id], [g0].[CategoryId], [g0].[CreatedAt], [g0].[CustomJsonContent], [g0].[DeletedAt], [g0].[Description], [g0].[FileUrl], [g0].[IsDeleted], [g0].[IsFeatured], [g0].[IsPremium], [g0].[Name], [g0].[Slug], [g0].[Status], [g0].[Tags], [g0].[ThumbnailUrl], [g0].[UpdatedAt]
    FROM [GreetingCards] AS [g0]
    WHERE [g0].[IsDeleted] = CAST(0 AS bit)
) AS [g1] ON [g].[CardId] = [g1].[Id]
WHERE [e].[Status] = N'PendingRetry' AND [e].[NextRetryAt] <= @__now_0
2026-05-07 21:37:49.360 +07:00 [INF] Executed DbCommand (4ms) [Parameters=[@__now_0='?' (DbType = DateTime2)], CommandType='"Text"', CommandTimeout='30']
SELECT [e].[Id], [e].[CreatedAt], [e].[GreetingTransactionId], [e].[LastError], [e].[NextRetryAt], [e].[RetryCount], [e].[Status], [e].[UpdatedAt], [g].[Id], [g].[CardId], [g].[CreatedAt], [g].[PersonalMessage], [g].[RecipientEmail], [g].[RetryCount], [g].[ScheduledSendAt], [g].[SenderId], [g].[SentAt], [g].[Status], [g].[Subject], [g].[SubscriptionId], [u0].[Id], [u0].[CreatedAt], [u0].[DeletedAt], [u0].[Email], [u0].[EmailVerificationToken], [u0].[EmailVerificationTokenExpiry], [u0].[FailedLoginCount], [u0].[FullName], [u0].[IsDeleted], [u0].[LastLoginAt], [u0].[LockReason], [u0].[LockoutEndTime], [u0].[PasswordHash], [u0].[PasswordResetToken], [u0].[PasswordResetTokenExpiry], [u0].[PasswordResetTokenUsed], [u0].[RefreshTokenExpiry], [u0].[RefreshTokenHash], [u0].[Role], [u0].[SocialProvider], [u0].[SocialProviderId], [u0].[Status], [u0].[UpdatedAt], [g1].[Id], [g1].[CategoryId], [g1].[CreatedAt], [g1].[CustomJsonContent], [g1].[DeletedAt], [g1].[Description], [g1].[FileUrl], [g1].[IsDeleted], [g1].[IsFeatured], [g1].[IsPremium], [g1].[Name], [g1].[Slug], [g1].[Status], [g1].[Tags], [g1].[ThumbnailUrl], [g1].[UpdatedAt]
FROM [EmailRetryQueues] AS [e]
INNER JOIN [GreetingTransactions] AS [g] ON [e].[GreetingTransactionId] = [g].[Id]
INNER JOIN (
    SELECT [u].[Id], [u].[CreatedAt], [u].[DeletedAt], [u].[Email], [u].[EmailVerificationToken], [u].[EmailVerificationTokenExpiry], [u].[FailedLoginCount], [u].[FullName], [u].[IsDeleted], [u].[LastLoginAt], [u].[LockReason], [u].[LockoutEndTime], [u].[PasswordHash], [u].[PasswordResetToken], [u].[PasswordResetTokenExpiry], [u].[PasswordResetTokenUsed], [u].[RefreshTokenExpiry], [u].[RefreshTokenHash], [u].[Role], [u].[SocialProvider], [u].[SocialProviderId], [u].[Status], [u].[UpdatedAt]
    FROM [Users] AS [u]
    WHERE [u].[IsDeleted] = CAST(0 AS bit)
) AS [u0] ON [g].[SenderId] = [u0].[Id]
INNER JOIN (
    SELECT [g0].[Id], [g0].[CategoryId], [g0].[CreatedAt], [g0].[CustomJsonContent], [g0].[DeletedAt], [g0].[Description], [g0].[FileUrl], [g0].[IsDeleted], [g0].[IsFeatured], [g0].[IsPremium], [g0].[Name], [g0].[Slug], [g0].[Status], [g0].[Tags], [g0].[ThumbnailUrl], [g0].[UpdatedAt]
    FROM [GreetingCards] AS [g0]
    WHERE [g0].[IsDeleted] = CAST(0 AS bit)
) AS [g1] ON [g].[CardId] = [g1].[Id]
WHERE [e].[Status] = N'PendingRetry' AND [e].[NextRetryAt] <= @__now_0
2026-05-07 21:58:49.667 +07:00 [INF] Executed DbCommand (2ms) [Parameters=[@__now_0='?' (DbType = DateTime2)], CommandType='"Text"', CommandTimeout='30']
SELECT [e].[Id], [e].[CreatedAt], [e].[GreetingTransactionId], [e].[LastError], [e].[NextRetryAt], [e].[RetryCount], [e].[Status], [e].[UpdatedAt], [g].[Id], [g].[CardId], [g].[CreatedAt], [g].[PersonalMessage], [g].[RecipientEmail], [g].[RetryCount], [g].[ScheduledSendAt], [g].[SenderId], [g].[SentAt], [g].[Status], [g].[Subject], [g].[SubscriptionId], [u0].[Id], [u0].[CreatedAt], [u0].[DeletedAt], [u0].[Email], [u0].[EmailVerificationToken], [u0].[EmailVerificationTokenExpiry], [u0].[FailedLoginCount], [u0].[FullName], [u0].[IsDeleted], [u0].[LastLoginAt], [u0].[LockReason], [u0].[LockoutEndTime], [u0].[PasswordHash], [u0].[PasswordResetToken], [u0].[PasswordResetTokenExpiry], [u0].[PasswordResetTokenUsed], [u0].[RefreshTokenExpiry], [u0].[RefreshTokenHash], [u0].[Role], [u0].[SocialProvider], [u0].[SocialProviderId], [u0].[Status], [u0].[UpdatedAt], [g1].[Id], [g1].[CategoryId], [g1].[CreatedAt], [g1].[CustomJsonContent], [g1].[DeletedAt], [g1].[Description], [g1].[FileUrl], [g1].[IsDeleted], [g1].[IsFeatured], [g1].[IsPremium], [g1].[Name], [g1].[Slug], [g1].[Status], [g1].[Tags], [g1].[ThumbnailUrl], [g1].[UpdatedAt]
FROM [EmailRetryQueues] AS [e]
INNER JOIN [GreetingTransactions] AS [g] ON [e].[GreetingTransactionId] = [g].[Id]
INNER JOIN (
    SELECT [u].[Id], [u].[CreatedAt], [u].[DeletedAt], [u].[Email], [u].[EmailVerificationToken], [u].[EmailVerificationTokenExpiry], [u].[FailedLoginCount], [u].[FullName], [u].[IsDeleted], [u].[LastLoginAt], [u].[LockReason], [u].[LockoutEndTime], [u].[PasswordHash], [u].[PasswordResetToken], [u].[PasswordResetTokenExpiry], [u].[PasswordResetTokenUsed], [u].[RefreshTokenExpiry], [u].[RefreshTokenHash], [u].[Role], [u].[SocialProvider], [u].[SocialProviderId], [u].[Status], [u].[UpdatedAt]
    FROM [Users] AS [u]
    WHERE [u].[IsDeleted] = CAST(0 AS bit)
) AS [u0] ON [g].[SenderId] = [u0].[Id]
INNER JOIN (
    SELECT [g0].[Id], [g0].[CategoryId], [g0].[CreatedAt], [g0].[CustomJsonContent], [g0].[DeletedAt], [g0].[Description], [g0].[FileUrl], [g0].[IsDeleted], [g0].[IsFeatured], [g0].[IsPremium], [g0].[Name], [g0].[Slug], [g0].[Status], [g0].[Tags], [g0].[ThumbnailUrl], [g0].[UpdatedAt]
    FROM [GreetingCards] AS [g0]
    WHERE [g0].[IsDeleted] = CAST(0 AS bit)
) AS [g1] ON [g].[CardId] = [g1].[Id]
WHERE [e].[Status] = N'PendingRetry' AND [e].[NextRetryAt] <= @__now_0
2026-05-07 21:59:03.576 +07:00 [INF] 1 servers were removed due to timeout
2026-05-07 21:59:03.756 +07:00 [WRN] Server macbook-pro-cua-alan:84598:f5552a43 was considered dead by other servers, restarting...
2026-05-07 21:59:03.756 +07:00 [INF] Server macbook-pro-cua-alan:84598:f5552a43 caught restart signal...
2026-05-07 21:59:03.757 +07:00 [WRN] Server macbook-pro-cua-alan:84598:f5552a43 stopped non-gracefully due to ServerWatchdog, ServerJobCancellationWatcher, SqlServerHeartbeatProcess, ExpirationManager, CountersAggregator, Worker, DelayedJobScheduler, RecurringJobScheduler. Outstanding work on those dispatchers could be aborted, and there can be delays in background processing. This server instance will be incorrectly shown as active for a while. To avoid non-graceful shutdowns, investigate what prevents from stopping gracefully and add CancellationToken support for those methods.
2026-05-07 21:59:03.774 +07:00 [INF] Server macbook-pro-cua-alan:84598:f5552a43 successfully reported itself as stopped in 16,2951 ms
2026-05-07 21:59:03.774 +07:00 [INF] Server macbook-pro-cua-alan:84598:f5552a43 has been stopped in total 16,8682 ms
2026-05-07 21:59:03.778 +07:00 [INF] Server macbookpro:84598:5bc80e0b successfully announced in 4,5175 ms
2026-05-07 21:59:03.779 +07:00 [INF] Server macbookpro:84598:5bc80e0b is starting the registered dispatchers: ServerWatchdog, ServerJobCancellationWatcher, SqlServerHeartbeatProcess, ExpirationManager, CountersAggregator, Worker, DelayedJobScheduler, RecurringJobScheduler...
2026-05-07 21:59:03.787 +07:00 [INF] Server macbookpro:84598:5bc80e0b all the dispatchers started
2026-05-07 22:00:04.236 +07:00 [INF] Executed DbCommand (12ms) [Parameters=[@__now_0='?' (DbType = DateTime2)], CommandType='"Text"', CommandTimeout='30']
SELECT [e].[Id], [e].[CreatedAt], [e].[GreetingTransactionId], [e].[LastError], [e].[NextRetryAt], [e].[RetryCount], [e].[Status], [e].[UpdatedAt], [g].[Id], [g].[CardId], [g].[CreatedAt], [g].[PersonalMessage], [g].[RecipientEmail], [g].[RetryCount], [g].[ScheduledSendAt], [g].[SenderId], [g].[SentAt], [g].[Status], [g].[Subject], [g].[SubscriptionId], [u0].[Id], [u0].[CreatedAt], [u0].[DeletedAt], [u0].[Email], [u0].[EmailVerificationToken], [u0].[EmailVerificationTokenExpiry], [u0].[FailedLoginCount], [u0].[FullName], [u0].[IsDeleted], [u0].[LastLoginAt], [u0].[LockReason], [u0].[LockoutEndTime], [u0].[PasswordHash], [u0].[PasswordResetToken], [u0].[PasswordResetTokenExpiry], [u0].[PasswordResetTokenUsed], [u0].[RefreshTokenExpiry], [u0].[RefreshTokenHash], [u0].[Role], [u0].[SocialProvider], [u0].[SocialProviderId], [u0].[Status], [u0].[UpdatedAt], [g1].[Id], [g1].[CategoryId], [g1].[CreatedAt], [g1].[CustomJsonContent], [g1].[DeletedAt], [g1].[Description], [g1].[FileUrl], [g1].[IsDeleted], [g1].[IsFeatured], [g1].[IsPremium], [g1].[Name], [g1].[Slug], [g1].[Status], [g1].[Tags], [g1].[ThumbnailUrl], [g1].[UpdatedAt]
FROM [EmailRetryQueues] AS [e]
INNER JOIN [GreetingTransactions] AS [g] ON [e].[GreetingTransactionId] = [g].[Id]
INNER JOIN (
    SELECT [u].[Id], [u].[CreatedAt], [u].[DeletedAt], [u].[Email], [u].[EmailVerificationToken], [u].[EmailVerificationTokenExpiry], [u].[FailedLoginCount], [u].[FullName], [u].[IsDeleted], [u].[LastLoginAt], [u].[LockReason], [u].[LockoutEndTime], [u].[PasswordHash], [u].[PasswordResetToken], [u].[PasswordResetTokenExpiry], [u].[PasswordResetTokenUsed], [u].[RefreshTokenExpiry], [u].[RefreshTokenHash], [u].[Role], [u].[SocialProvider], [u].[SocialProviderId], [u].[Status], [u].[UpdatedAt]
    FROM [Users] AS [u]
    WHERE [u].[IsDeleted] = CAST(0 AS bit)
) AS [u0] ON [g].[SenderId] = [u0].[Id]
INNER JOIN (
    SELECT [g0].[Id], [g0].[CategoryId], [g0].[CreatedAt], [g0].[CustomJsonContent], [g0].[DeletedAt], [g0].[Description], [g0].[FileUrl], [g0].[IsDeleted], [g0].[IsFeatured], [g0].[IsPremium], [g0].[Name], [g0].[Slug], [g0].[Status], [g0].[Tags], [g0].[ThumbnailUrl], [g0].[UpdatedAt]
    FROM [GreetingCards] AS [g0]
    WHERE [g0].[IsDeleted] = CAST(0 AS bit)
) AS [g1] ON [g].[CardId] = [g1].[Id]
WHERE [e].[Status] = N'PendingRetry' AND [e].[NextRetryAt] <= @__now_0
2026-05-07 22:20:13.669 +07:00 [INF] Executed DbCommand (2ms) [Parameters=[@__now_0='?' (DbType = DateTime2)], CommandType='"Text"', CommandTimeout='30']
SELECT [e].[Id], [e].[CreatedAt], [e].[GreetingTransactionId], [e].[LastError], [e].[NextRetryAt], [e].[RetryCount], [e].[Status], [e].[UpdatedAt], [g].[Id], [g].[CardId], [g].[CreatedAt], [g].[PersonalMessage], [g].[RecipientEmail], [g].[RetryCount], [g].[ScheduledSendAt], [g].[SenderId], [g].[SentAt], [g].[Status], [g].[Subject], [g].[SubscriptionId], [u0].[Id], [u0].[CreatedAt], [u0].[DeletedAt], [u0].[Email], [u0].[EmailVerificationToken], [u0].[EmailVerificationTokenExpiry], [u0].[FailedLoginCount], [u0].[FullName], [u0].[IsDeleted], [u0].[LastLoginAt], [u0].[LockReason], [u0].[LockoutEndTime], [u0].[PasswordHash], [u0].[PasswordResetToken], [u0].[PasswordResetTokenExpiry], [u0].[PasswordResetTokenUsed], [u0].[RefreshTokenExpiry], [u0].[RefreshTokenHash], [u0].[Role], [u0].[SocialProvider], [u0].[SocialProviderId], [u0].[Status], [u0].[UpdatedAt], [g1].[Id], [g1].[CategoryId], [g1].[CreatedAt], [g1].[CustomJsonContent], [g1].[DeletedAt], [g1].[Description], [g1].[FileUrl], [g1].[IsDeleted], [g1].[IsFeatured], [g1].[IsPremium], [g1].[Name], [g1].[Slug], [g1].[Status], [g1].[Tags], [g1].[ThumbnailUrl], [g1].[UpdatedAt]
FROM [EmailRetryQueues] AS [e]
INNER JOIN [GreetingTransactions] AS [g] ON [e].[GreetingTransactionId] = [g].[Id]
INNER JOIN (
    SELECT [u].[Id], [u].[CreatedAt], [u].[DeletedAt], [u].[Email], [u].[EmailVerificationToken], [u].[EmailVerificationTokenExpiry], [u].[FailedLoginCount], [u].[FullName], [u].[IsDeleted], [u].[LastLoginAt], [u].[LockReason], [u].[LockoutEndTime], [u].[PasswordHash], [u].[PasswordResetToken], [u].[PasswordResetTokenExpiry], [u].[PasswordResetTokenUsed], [u].[RefreshTokenExpiry], [u].[RefreshTokenHash], [u].[Role], [u].[SocialProvider], [u].[SocialProviderId], [u].[Status], [u].[UpdatedAt]
    FROM [Users] AS [u]
    WHERE [u].[IsDeleted] = CAST(0 AS bit)
) AS [u0] ON [g].[SenderId] = [u0].[Id]
INNER JOIN (
    SELECT [g0].[Id], [g0].[CategoryId], [g0].[CreatedAt], [g0].[CustomJsonContent], [g0].[DeletedAt], [g0].[Description], [g0].[FileUrl], [g0].[IsDeleted], [g0].[IsFeatured], [g0].[IsPremium], [g0].[Name], [g0].[Slug], [g0].[Status], [g0].[Tags], [g0].[ThumbnailUrl], [g0].[UpdatedAt]
    FROM [GreetingCards] AS [g0]
    WHERE [g0].[IsDeleted] = CAST(0 AS bit)
) AS [g1] ON [g].[CardId] = [g1].[Id]
WHERE [e].[Status] = N'PendingRetry' AND [e].[NextRetryAt] <= @__now_0
2026-05-07 22:20:27.999 +07:00 [INF] 1 servers were removed due to timeout
2026-05-07 22:20:28.080 +07:00 [WRN] Server macbookpro:84598:5bc80e0b was considered dead by other servers, restarting...
2026-05-07 22:20:28.081 +07:00 [INF] Server macbookpro:84598:5bc80e0b caught restart signal...
2026-05-07 22:20:28.082 +07:00 [WRN] Server macbookpro:84598:5bc80e0b stopped non-gracefully due to ServerWatchdog, ServerJobCancellationWatcher, SqlServerHeartbeatProcess, ExpirationManager, CountersAggregator, Worker, DelayedJobScheduler, RecurringJobScheduler. Outstanding work on those dispatchers could be aborted, and there can be delays in background processing. This server instance will be incorrectly shown as active for a while. To avoid non-graceful shutdowns, investigate what prevents from stopping gracefully and add CancellationToken support for those methods.
2026-05-07 22:20:28.091 +07:00 [INF] Server macbookpro:84598:5bc80e0b successfully reported itself as stopped in 4,6462 ms
2026-05-07 22:20:28.091 +07:00 [INF] Server macbookpro:84598:5bc80e0b has been stopped in total 8,3664 ms
2026-05-07 22:20:28.098 +07:00 [INF] Server macbookpro:84598:cecd457f successfully announced in 6,644 ms
2026-05-07 22:20:28.099 +07:00 [INF] Server macbookpro:84598:cecd457f is starting the registered dispatchers: ServerWatchdog, ServerJobCancellationWatcher, SqlServerHeartbeatProcess, ExpirationManager, CountersAggregator, Worker, DelayedJobScheduler, RecurringJobScheduler...
2026-05-07 22:20:28.105 +07:00 [INF] Server macbookpro:84598:cecd457f all the dispatchers started
2026-05-07 22:29:50.152 +07:00 [INF] Executed DbCommand (2ms) [Parameters=[@__now_0='?' (DbType = DateTime2)], CommandType='"Text"', CommandTimeout='30']
SELECT [e].[Id], [e].[CreatedAt], [e].[GreetingTransactionId], [e].[LastError], [e].[NextRetryAt], [e].[RetryCount], [e].[Status], [e].[UpdatedAt], [g].[Id], [g].[CardId], [g].[CreatedAt], [g].[PersonalMessage], [g].[RecipientEmail], [g].[RetryCount], [g].[ScheduledSendAt], [g].[SenderId], [g].[SentAt], [g].[Status], [g].[Subject], [g].[SubscriptionId], [u0].[Id], [u0].[CreatedAt], [u0].[DeletedAt], [u0].[Email], [u0].[EmailVerificationToken], [u0].[EmailVerificationTokenExpiry], [u0].[FailedLoginCount], [u0].[FullName], [u0].[IsDeleted], [u0].[LastLoginAt], [u0].[LockReason], [u0].[LockoutEndTime], [u0].[PasswordHash], [u0].[PasswordResetToken], [u0].[PasswordResetTokenExpiry], [u0].[PasswordResetTokenUsed], [u0].[RefreshTokenExpiry], [u0].[RefreshTokenHash], [u0].[Role], [u0].[SocialProvider], [u0].[SocialProviderId], [u0].[Status], [u0].[UpdatedAt], [g1].[Id], [g1].[CategoryId], [g1].[CreatedAt], [g1].[CustomJsonContent], [g1].[DeletedAt], [g1].[Description], [g1].[FileUrl], [g1].[IsDeleted], [g1].[IsFeatured], [g1].[IsPremium], [g1].[Name], [g1].[Slug], [g1].[Status], [g1].[Tags], [g1].[ThumbnailUrl], [g1].[UpdatedAt]
FROM [EmailRetryQueues] AS [e]
INNER JOIN [GreetingTransactions] AS [g] ON [e].[GreetingTransactionId] = [g].[Id]
INNER JOIN (
    SELECT [u].[Id], [u].[CreatedAt], [u].[DeletedAt], [u].[Email], [u].[EmailVerificationToken], [u].[EmailVerificationTokenExpiry], [u].[FailedLoginCount], [u].[FullName], [u].[IsDeleted], [u].[LastLoginAt], [u].[LockReason], [u].[LockoutEndTime], [u].[PasswordHash], [u].[PasswordResetToken], [u].[PasswordResetTokenExpiry], [u].[PasswordResetTokenUsed], [u].[RefreshTokenExpiry], [u].[RefreshTokenHash], [u].[Role], [u].[SocialProvider], [u].[SocialProviderId], [u].[Status], [u].[UpdatedAt]
    FROM [Users] AS [u]
    WHERE [u].[IsDeleted] = CAST(0 AS bit)
) AS [u0] ON [g].[SenderId] = [u0].[Id]
INNER JOIN (
    SELECT [g0].[Id], [g0].[CategoryId], [g0].[CreatedAt], [g0].[CustomJsonContent], [g0].[DeletedAt], [g0].[Description], [g0].[FileUrl], [g0].[IsDeleted], [g0].[IsFeatured], [g0].[IsPremium], [g0].[Name], [g0].[Slug], [g0].[Status], [g0].[Tags], [g0].[ThumbnailUrl], [g0].[UpdatedAt]
    FROM [GreetingCards] AS [g0]
    WHERE [g0].[IsDeleted] = CAST(0 AS bit)
) AS [g1] ON [g].[CardId] = [g1].[Id]
WHERE [e].[Status] = N'PendingRetry' AND [e].[NextRetryAt] <= @__now_0
2026-05-07 22:30:05.200 +07:00 [INF] Executed DbCommand (2ms) [Parameters=[@__now_0='?' (DbType = DateTime2)], CommandType='"Text"', CommandTimeout='30']
SELECT [e].[Id], [e].[CreatedAt], [e].[GreetingTransactionId], [e].[LastError], [e].[NextRetryAt], [e].[RetryCount], [e].[Status], [e].[UpdatedAt], [g].[Id], [g].[CardId], [g].[CreatedAt], [g].[PersonalMessage], [g].[RecipientEmail], [g].[RetryCount], [g].[ScheduledSendAt], [g].[SenderId], [g].[SentAt], [g].[Status], [g].[Subject], [g].[SubscriptionId], [u0].[Id], [u0].[CreatedAt], [u0].[DeletedAt], [u0].[Email], [u0].[EmailVerificationToken], [u0].[EmailVerificationTokenExpiry], [u0].[FailedLoginCount], [u0].[FullName], [u0].[IsDeleted], [u0].[LastLoginAt], [u0].[LockReason], [u0].[LockoutEndTime], [u0].[PasswordHash], [u0].[PasswordResetToken], [u0].[PasswordResetTokenExpiry], [u0].[PasswordResetTokenUsed], [u0].[RefreshTokenExpiry], [u0].[RefreshTokenHash], [u0].[Role], [u0].[SocialProvider], [u0].[SocialProviderId], [u0].[Status], [u0].[UpdatedAt], [g1].[Id], [g1].[CategoryId], [g1].[CreatedAt], [g1].[CustomJsonContent], [g1].[DeletedAt], [g1].[Description], [g1].[FileUrl], [g1].[IsDeleted], [g1].[IsFeatured], [g1].[IsPremium], [g1].[Name], [g1].[Slug], [g1].[Status], [g1].[Tags], [g1].[ThumbnailUrl], [g1].[UpdatedAt]
FROM [EmailRetryQueues] AS [e]
INNER JOIN [GreetingTransactions] AS [g] ON [e].[GreetingTransactionId] = [g].[Id]
INNER JOIN (
    SELECT [u].[Id], [u].[CreatedAt], [u].[DeletedAt], [u].[Email], [u].[EmailVerificationToken], [u].[EmailVerificationTokenExpiry], [u].[FailedLoginCount], [u].[FullName], [u].[IsDeleted], [u].[LastLoginAt], [u].[LockReason], [u].[LockoutEndTime], [u].[PasswordHash], [u].[PasswordResetToken], [u].[PasswordResetTokenExpiry], [u].[PasswordResetTokenUsed], [u].[RefreshTokenExpiry], [u].[RefreshTokenHash], [u].[Role], [u].[SocialProvider], [u].[SocialProviderId], [u].[Status], [u].[UpdatedAt]
    FROM [Users] AS [u]
    WHERE [u].[IsDeleted] = CAST(0 AS bit)
) AS [u0] ON [g].[SenderId] = [u0].[Id]
INNER JOIN (
    SELECT [g0].[Id], [g0].[CategoryId], [g0].[CreatedAt], [g0].[CustomJsonContent], [g0].[DeletedAt], [g0].[Description], [g0].[FileUrl], [g0].[IsDeleted], [g0].[IsFeatured], [g0].[IsPremium], [g0].[Name], [g0].[Slug], [g0].[Status], [g0].[Tags], [g0].[ThumbnailUrl], [g0].[UpdatedAt]
    FROM [GreetingCards] AS [g0]
    WHERE [g0].[IsDeleted] = CAST(0 AS bit)
) AS [g1] ON [g].[CardId] = [g1].[Id]
WHERE [e].[Status] = N'PendingRetry' AND [e].[NextRetryAt] <= @__now_0
2026-05-07 22:35:03.406 +07:00 [INF] Executed DbCommand (4ms) [Parameters=[@__now_0='?' (DbType = DateTime2)], CommandType='"Text"', CommandTimeout='30']
SELECT [e].[Id], [e].[CreatedAt], [e].[GreetingTransactionId], [e].[LastError], [e].[NextRetryAt], [e].[RetryCount], [e].[Status], [e].[UpdatedAt], [g].[Id], [g].[CardId], [g].[CreatedAt], [g].[PersonalMessage], [g].[RecipientEmail], [g].[RetryCount], [g].[ScheduledSendAt], [g].[SenderId], [g].[SentAt], [g].[Status], [g].[Subject], [g].[SubscriptionId], [u0].[Id], [u0].[CreatedAt], [u0].[DeletedAt], [u0].[Email], [u0].[EmailVerificationToken], [u0].[EmailVerificationTokenExpiry], [u0].[FailedLoginCount], [u0].[FullName], [u0].[IsDeleted], [u0].[LastLoginAt], [u0].[LockReason], [u0].[LockoutEndTime], [u0].[PasswordHash], [u0].[PasswordResetToken], [u0].[PasswordResetTokenExpiry], [u0].[PasswordResetTokenUsed], [u0].[RefreshTokenExpiry], [u0].[RefreshTokenHash], [u0].[Role], [u0].[SocialProvider], [u0].[SocialProviderId], [u0].[Status], [u0].[UpdatedAt], [g1].[Id], [g1].[CategoryId], [g1].[CreatedAt], [g1].[CustomJsonContent], [g1].[DeletedAt], [g1].[Description], [g1].[FileUrl], [g1].[IsDeleted], [g1].[IsFeatured], [g1].[IsPremium], [g1].[Name], [g1].[Slug], [g1].[Status], [g1].[Tags], [g1].[ThumbnailUrl], [g1].[UpdatedAt]
FROM [EmailRetryQueues] AS [e]
INNER JOIN [GreetingTransactions] AS [g] ON [e].[GreetingTransactionId] = [g].[Id]
INNER JOIN (
    SELECT [u].[Id], [u].[CreatedAt], [u].[DeletedAt], [u].[Email], [u].[EmailVerificationToken], [u].[EmailVerificationTokenExpiry], [u].[FailedLoginCount], [u].[FullName], [u].[IsDeleted], [u].[LastLoginAt], [u].[LockReason], [u].[LockoutEndTime], [u].[PasswordHash], [u].[PasswordResetToken], [u].[PasswordResetTokenExpiry], [u].[PasswordResetTokenUsed], [u].[RefreshTokenExpiry], [u].[RefreshTokenHash], [u].[Role], [u].[SocialProvider], [u].[SocialProviderId], [u].[Status], [u].[UpdatedAt]
    FROM [Users] AS [u]
    WHERE [u].[IsDeleted] = CAST(0 AS bit)
) AS [u0] ON [g].[SenderId] = [u0].[Id]
INNER JOIN (
    SELECT [g0].[Id], [g0].[CategoryId], [g0].[CreatedAt], [g0].[CustomJsonContent], [g0].[DeletedAt], [g0].[Description], [g0].[FileUrl], [g0].[IsDeleted], [g0].[IsFeatured], [g0].[IsPremium], [g0].[Name], [g0].[Slug], [g0].[Status], [g0].[Tags], [g0].[ThumbnailUrl], [g0].[UpdatedAt]
    FROM [GreetingCards] AS [g0]
    WHERE [g0].[IsDeleted] = CAST(0 AS bit)
) AS [g1] ON [g].[CardId] = [g1].[Id]
WHERE [e].[Status] = N'PendingRetry' AND [e].[NextRetryAt] <= @__now_0
2026-05-07 22:40:03.736 +07:00 [INF] Executed DbCommand (3ms) [Parameters=[@__now_0='?' (DbType = DateTime2)], CommandType='"Text"', CommandTimeout='30']
SELECT [e].[Id], [e].[CreatedAt], [e].[GreetingTransactionId], [e].[LastError], [e].[NextRetryAt], [e].[RetryCount], [e].[Status], [e].[UpdatedAt], [g].[Id], [g].[CardId], [g].[CreatedAt], [g].[PersonalMessage], [g].[RecipientEmail], [g].[RetryCount], [g].[ScheduledSendAt], [g].[SenderId], [g].[SentAt], [g].[Status], [g].[Subject], [g].[SubscriptionId], [u0].[Id], [u0].[CreatedAt], [u0].[DeletedAt], [u0].[Email], [u0].[EmailVerificationToken], [u0].[EmailVerificationTokenExpiry], [u0].[FailedLoginCount], [u0].[FullName], [u0].[IsDeleted], [u0].[LastLoginAt], [u0].[LockReason], [u0].[LockoutEndTime], [u0].[PasswordHash], [u0].[PasswordResetToken], [u0].[PasswordResetTokenExpiry], [u0].[PasswordResetTokenUsed], [u0].[RefreshTokenExpiry], [u0].[RefreshTokenHash], [u0].[Role], [u0].[SocialProvider], [u0].[SocialProviderId], [u0].[Status], [u0].[UpdatedAt], [g1].[Id], [g1].[CategoryId], [g1].[CreatedAt], [g1].[CustomJsonContent], [g1].[DeletedAt], [g1].[Description], [g1].[FileUrl], [g1].[IsDeleted], [g1].[IsFeatured], [g1].[IsPremium], [g1].[Name], [g1].[Slug], [g1].[Status], [g1].[Tags], [g1].[ThumbnailUrl], [g1].[UpdatedAt]
FROM [EmailRetryQueues] AS [e]
INNER JOIN [GreetingTransactions] AS [g] ON [e].[GreetingTransactionId] = [g].[Id]
INNER JOIN (
    SELECT [u].[Id], [u].[CreatedAt], [u].[DeletedAt], [u].[Email], [u].[EmailVerificationToken], [u].[EmailVerificationTokenExpiry], [u].[FailedLoginCount], [u].[FullName], [u].[IsDeleted], [u].[LastLoginAt], [u].[LockReason], [u].[LockoutEndTime], [u].[PasswordHash], [u].[PasswordResetToken], [u].[PasswordResetTokenExpiry], [u].[PasswordResetTokenUsed], [u].[RefreshTokenExpiry], [u].[RefreshTokenHash], [u].[Role], [u].[SocialProvider], [u].[SocialProviderId], [u].[Status], [u].[UpdatedAt]
    FROM [Users] AS [u]
    WHERE [u].[IsDeleted] = CAST(0 AS bit)
) AS [u0] ON [g].[SenderId] = [u0].[Id]
INNER JOIN (
    SELECT [g0].[Id], [g0].[CategoryId], [g0].[CreatedAt], [g0].[CustomJsonContent], [g0].[DeletedAt], [g0].[Description], [g0].[FileUrl], [g0].[IsDeleted], [g0].[IsFeatured], [g0].[IsPremium], [g0].[Name], [g0].[Slug], [g0].[Status], [g0].[Tags], [g0].[ThumbnailUrl], [g0].[UpdatedAt]
    FROM [GreetingCards] AS [g0]
    WHERE [g0].[IsDeleted] = CAST(0 AS bit)
) AS [g1] ON [g].[CardId] = [g1].[Id]
WHERE [e].[Status] = N'PendingRetry' AND [e].[NextRetryAt] <= @__now_0
2026-05-07 22:45:04.095 +07:00 [INF] Executed DbCommand (2ms) [Parameters=[@__now_0='?' (DbType = DateTime2)], CommandType='"Text"', CommandTimeout='30']
SELECT [e].[Id], [e].[CreatedAt], [e].[GreetingTransactionId], [e].[LastError], [e].[NextRetryAt], [e].[RetryCount], [e].[Status], [e].[UpdatedAt], [g].[Id], [g].[CardId], [g].[CreatedAt], [g].[PersonalMessage], [g].[RecipientEmail], [g].[RetryCount], [g].[ScheduledSendAt], [g].[SenderId], [g].[SentAt], [g].[Status], [g].[Subject], [g].[SubscriptionId], [u0].[Id], [u0].[CreatedAt], [u0].[DeletedAt], [u0].[Email], [u0].[EmailVerificationToken], [u0].[EmailVerificationTokenExpiry], [u0].[FailedLoginCount], [u0].[FullName], [u0].[IsDeleted], [u0].[LastLoginAt], [u0].[LockReason], [u0].[LockoutEndTime], [u0].[PasswordHash], [u0].[PasswordResetToken], [u0].[PasswordResetTokenExpiry], [u0].[PasswordResetTokenUsed], [u0].[RefreshTokenExpiry], [u0].[RefreshTokenHash], [u0].[Role], [u0].[SocialProvider], [u0].[SocialProviderId], [u0].[Status], [u0].[UpdatedAt], [g1].[Id], [g1].[CategoryId], [g1].[CreatedAt], [g1].[CustomJsonContent], [g1].[DeletedAt], [g1].[Description], [g1].[FileUrl], [g1].[IsDeleted], [g1].[IsFeatured], [g1].[IsPremium], [g1].[Name], [g1].[Slug], [g1].[Status], [g1].[Tags], [g1].[ThumbnailUrl], [g1].[UpdatedAt]
FROM [EmailRetryQueues] AS [e]
INNER JOIN [GreetingTransactions] AS [g] ON [e].[GreetingTransactionId] = [g].[Id]
INNER JOIN (
    SELECT [u].[Id], [u].[CreatedAt], [u].[DeletedAt], [u].[Email], [u].[EmailVerificationToken], [u].[EmailVerificationTokenExpiry], [u].[FailedLoginCount], [u].[FullName], [u].[IsDeleted], [u].[LastLoginAt], [u].[LockReason], [u].[LockoutEndTime], [u].[PasswordHash], [u].[PasswordResetToken], [u].[PasswordResetTokenExpiry], [u].[PasswordResetTokenUsed], [u].[RefreshTokenExpiry], [u].[RefreshTokenHash], [u].[Role], [u].[SocialProvider], [u].[SocialProviderId], [u].[Status], [u].[UpdatedAt]
    FROM [Users] AS [u]
    WHERE [u].[IsDeleted] = CAST(0 AS bit)
) AS [u0] ON [g].[SenderId] = [u0].[Id]
INNER JOIN (
    SELECT [g0].[Id], [g0].[CategoryId], [g0].[CreatedAt], [g0].[CustomJsonContent], [g0].[DeletedAt], [g0].[Description], [g0].[FileUrl], [g0].[IsDeleted], [g0].[IsFeatured], [g0].[IsPremium], [g0].[Name], [g0].[Slug], [g0].[Status], [g0].[Tags], [g0].[ThumbnailUrl], [g0].[UpdatedAt]
    FROM [GreetingCards] AS [g0]
    WHERE [g0].[IsDeleted] = CAST(0 AS bit)
) AS [g1] ON [g].[CardId] = [g1].[Id]
WHERE [e].[Status] = N'PendingRetry' AND [e].[NextRetryAt] <= @__now_0
2026-05-07 22:50:04.673 +07:00 [INF] Executed DbCommand (6ms) [Parameters=[@__now_0='?' (DbType = DateTime2)], CommandType='"Text"', CommandTimeout='30']
SELECT [e].[Id], [e].[CreatedAt], [e].[GreetingTransactionId], [e].[LastError], [e].[NextRetryAt], [e].[RetryCount], [e].[Status], [e].[UpdatedAt], [g].[Id], [g].[CardId], [g].[CreatedAt], [g].[PersonalMessage], [g].[RecipientEmail], [g].[RetryCount], [g].[ScheduledSendAt], [g].[SenderId], [g].[SentAt], [g].[Status], [g].[Subject], [g].[SubscriptionId], [u0].[Id], [u0].[CreatedAt], [u0].[DeletedAt], [u0].[Email], [u0].[EmailVerificationToken], [u0].[EmailVerificationTokenExpiry], [u0].[FailedLoginCount], [u0].[FullName], [u0].[IsDeleted], [u0].[LastLoginAt], [u0].[LockReason], [u0].[LockoutEndTime], [u0].[PasswordHash], [u0].[PasswordResetToken], [u0].[PasswordResetTokenExpiry], [u0].[PasswordResetTokenUsed], [u0].[RefreshTokenExpiry], [u0].[RefreshTokenHash], [u0].[Role], [u0].[SocialProvider], [u0].[SocialProviderId], [u0].[Status], [u0].[UpdatedAt], [g1].[Id], [g1].[CategoryId], [g1].[CreatedAt], [g1].[CustomJsonContent], [g1].[DeletedAt], [g1].[Description], [g1].[FileUrl], [g1].[IsDeleted], [g1].[IsFeatured], [g1].[IsPremium], [g1].[Name], [g1].[Slug], [g1].[Status], [g1].[Tags], [g1].[ThumbnailUrl], [g1].[UpdatedAt]
FROM [EmailRetryQueues] AS [e]
INNER JOIN [GreetingTransactions] AS [g] ON [e].[GreetingTransactionId] = [g].[Id]
INNER JOIN (
    SELECT [u].[Id], [u].[CreatedAt], [u].[DeletedAt], [u].[Email], [u].[EmailVerificationToken], [u].[EmailVerificationTokenExpiry], [u].[FailedLoginCount], [u].[FullName], [u].[IsDeleted], [u].[LastLoginAt], [u].[LockReason], [u].[LockoutEndTime], [u].[PasswordHash], [u].[PasswordResetToken], [u].[PasswordResetTokenExpiry], [u].[PasswordResetTokenUsed], [u].[RefreshTokenExpiry], [u].[RefreshTokenHash], [u].[Role], [u].[SocialProvider], [u].[SocialProviderId], [u].[Status], [u].[UpdatedAt]
    FROM [Users] AS [u]
    WHERE [u].[IsDeleted] = CAST(0 AS bit)
) AS [u0] ON [g].[SenderId] = [u0].[Id]
INNER JOIN (
    SELECT [g0].[Id], [g0].[CategoryId], [g0].[CreatedAt], [g0].[CustomJsonContent], [g0].[DeletedAt], [g0].[Description], [g0].[FileUrl], [g0].[IsDeleted], [g0].[IsFeatured], [g0].[IsPremium], [g0].[Name], [g0].[Slug], [g0].[Status], [g0].[Tags], [g0].[ThumbnailUrl], [g0].[UpdatedAt]
    FROM [GreetingCards] AS [g0]
    WHERE [g0].[IsDeleted] = CAST(0 AS bit)
) AS [g1] ON [g].[CardId] = [g1].[Id]
WHERE [e].[Status] = N'PendingRetry' AND [e].[NextRetryAt] <= @__now_0
2026-05-07 22:51:03.505 +07:00 [INF] [CQRS] Handling GetCategoriesQuery
2026-05-07 22:51:03.505 +07:00 [INF] [CQRS] Handling GetCardsQuery
2026-05-07 22:51:03.533 +07:00 [INF] Executed DbCommand (12ms) [Parameters=[], CommandType='"Text"', CommandTimeout='30']
SELECT COUNT(*)
FROM [GreetingCards] AS [g]
INNER JOIN (
    SELECT [c].[Id], [c].[IsDeleted], [c].[Status]
    FROM [Categories] AS [c]
    WHERE [c].[IsDeleted] = CAST(0 AS bit)
) AS [c0] ON [g].[CategoryId] = [c0].[Id]
WHERE [g].[IsDeleted] = CAST(0 AS bit) AND [g].[Status] = N'Active' AND [g].[IsDeleted] = CAST(0 AS bit) AND [c0].[Status] = N'Active' AND [c0].[IsDeleted] = CAST(0 AS bit)
2026-05-07 22:51:03.535 +07:00 [INF] Executed DbCommand (13ms) [Parameters=[], CommandType='"Text"', CommandTimeout='30']
SELECT [c].[Id], [c].[Name], [c].[Slug], [c].[Description], [c].[IconUrl], [c].[Color], (
    SELECT COUNT(*)
    FROM [GreetingCards] AS [g]
    WHERE [g].[IsDeleted] = CAST(0 AS bit) AND [c].[Id] = [g].[CategoryId] AND [g].[Status] = N'Active' AND [g].[IsDeleted] = CAST(0 AS bit))
FROM [Categories] AS [c]
WHERE [c].[IsDeleted] = CAST(0 AS bit) AND [c].[Status] = N'Active' AND [c].[IsDeleted] = CAST(0 AS bit)
ORDER BY [c].[DisplayOrder]
2026-05-07 22:51:03.535 +07:00 [INF] [CQRS] Handled GetCategoriesQuery successfully
2026-05-07 22:51:03.536 +07:00 [INF] HTTP GET /api/categories responded 200 in 50.1238 ms
2026-05-07 22:51:03.541 +07:00 [INF] Executed DbCommand (5ms) [Parameters=[@__p_0='?' (DbType = Int32), @__p_1='?' (DbType = Int32)], CommandType='"Text"', CommandTimeout='30']
SELECT [g].[Id], [g].[Name], [g].[Slug], [g].[ThumbnailUrl], [g].[Description], [g].[IsFeatured], [g].[IsPremium], [c0].[Name], [c0].[Slug], CAST([g].[Status] AS nvarchar(max))
FROM [GreetingCards] AS [g]
INNER JOIN (
    SELECT [c].[Id], [c].[IsDeleted], [c].[Name], [c].[Slug], [c].[Status]
    FROM [Categories] AS [c]
    WHERE [c].[IsDeleted] = CAST(0 AS bit)
) AS [c0] ON [g].[CategoryId] = [c0].[Id]
WHERE [g].[IsDeleted] = CAST(0 AS bit) AND [g].[Status] = N'Active' AND [g].[IsDeleted] = CAST(0 AS bit) AND [c0].[Status] = N'Active' AND [c0].[IsDeleted] = CAST(0 AS bit)
ORDER BY [g].[CreatedAt] DESC
OFFSET @__p_0 ROWS FETCH NEXT @__p_1 ROWS ONLY
2026-05-07 22:51:03.542 +07:00 [INF] [CQRS] Handled GetCardsQuery successfully
2026-05-07 22:51:03.542 +07:00 [INF] HTTP GET /api/cards responded 200 in 56.3201 ms
2026-05-07 22:51:04.357 +07:00 [INF] HTTP GET /api/admin/users responded 401 in 16.7095 ms
2026-05-07 22:55:05.036 +07:00 [INF] Executed DbCommand (2ms) [Parameters=[@__now_0='?' (DbType = DateTime2)], CommandType='"Text"', CommandTimeout='30']
SELECT [e].[Id], [e].[CreatedAt], [e].[GreetingTransactionId], [e].[LastError], [e].[NextRetryAt], [e].[RetryCount], [e].[Status], [e].[UpdatedAt], [g].[Id], [g].[CardId], [g].[CreatedAt], [g].[PersonalMessage], [g].[RecipientEmail], [g].[RetryCount], [g].[ScheduledSendAt], [g].[SenderId], [g].[SentAt], [g].[Status], [g].[Subject], [g].[SubscriptionId], [u0].[Id], [u0].[CreatedAt], [u0].[DeletedAt], [u0].[Email], [u0].[EmailVerificationToken], [u0].[EmailVerificationTokenExpiry], [u0].[FailedLoginCount], [u0].[FullName], [u0].[IsDeleted], [u0].[LastLoginAt], [u0].[LockReason], [u0].[LockoutEndTime], [u0].[PasswordHash], [u0].[PasswordResetToken], [u0].[PasswordResetTokenExpiry], [u0].[PasswordResetTokenUsed], [u0].[RefreshTokenExpiry], [u0].[RefreshTokenHash], [u0].[Role], [u0].[SocialProvider], [u0].[SocialProviderId], [u0].[Status], [u0].[UpdatedAt], [g1].[Id], [g1].[CategoryId], [g1].[CreatedAt], [g1].[CustomJsonContent], [g1].[DeletedAt], [g1].[Description], [g1].[FileUrl], [g1].[IsDeleted], [g1].[IsFeatured], [g1].[IsPremium], [g1].[Name], [g1].[Slug], [g1].[Status], [g1].[Tags], [g1].[ThumbnailUrl], [g1].[UpdatedAt]
FROM [EmailRetryQueues] AS [e]
INNER JOIN [GreetingTransactions] AS [g] ON [e].[GreetingTransactionId] = [g].[Id]
INNER JOIN (
    SELECT [u].[Id], [u].[CreatedAt], [u].[DeletedAt], [u].[Email], [u].[EmailVerificationToken], [u].[EmailVerificationTokenExpiry], [u].[FailedLoginCount], [u].[FullName], [u].[IsDeleted], [u].[LastLoginAt], [u].[LockReason], [u].[LockoutEndTime], [u].[PasswordHash], [u].[PasswordResetToken], [u].[PasswordResetTokenExpiry], [u].[PasswordResetTokenUsed], [u].[RefreshTokenExpiry], [u].[RefreshTokenHash], [u].[Role], [u].[SocialProvider], [u].[SocialProviderId], [u].[Status], [u].[UpdatedAt]
    FROM [Users] AS [u]
    WHERE [u].[IsDeleted] = CAST(0 AS bit)
) AS [u0] ON [g].[SenderId] = [u0].[Id]
INNER JOIN (
    SELECT [g0].[Id], [g0].[CategoryId], [g0].[CreatedAt], [g0].[CustomJsonContent], [g0].[DeletedAt], [g0].[Description], [g0].[FileUrl], [g0].[IsDeleted], [g0].[IsFeatured], [g0].[IsPremium], [g0].[Name], [g0].[Slug], [g0].[Status], [g0].[Tags], [g0].[ThumbnailUrl], [g0].[UpdatedAt]
    FROM [GreetingCards] AS [g0]
    WHERE [g0].[IsDeleted] = CAST(0 AS bit)
) AS [g1] ON [g].[CardId] = [g1].[Id]
WHERE [e].[Status] = N'PendingRetry' AND [e].[NextRetryAt] <= @__now_0
2026-05-07 23:00:05.490 +07:00 [INF] Executed DbCommand (3ms) [Parameters=[@__now_0='?' (DbType = DateTime2)], CommandType='"Text"', CommandTimeout='30']
SELECT [e].[Id], [e].[CreatedAt], [e].[GreetingTransactionId], [e].[LastError], [e].[NextRetryAt], [e].[RetryCount], [e].[Status], [e].[UpdatedAt], [g].[Id], [g].[CardId], [g].[CreatedAt], [g].[PersonalMessage], [g].[RecipientEmail], [g].[RetryCount], [g].[ScheduledSendAt], [g].[SenderId], [g].[SentAt], [g].[Status], [g].[Subject], [g].[SubscriptionId], [u0].[Id], [u0].[CreatedAt], [u0].[DeletedAt], [u0].[Email], [u0].[EmailVerificationToken], [u0].[EmailVerificationTokenExpiry], [u0].[FailedLoginCount], [u0].[FullName], [u0].[IsDeleted], [u0].[LastLoginAt], [u0].[LockReason], [u0].[LockoutEndTime], [u0].[PasswordHash], [u0].[PasswordResetToken], [u0].[PasswordResetTokenExpiry], [u0].[PasswordResetTokenUsed], [u0].[RefreshTokenExpiry], [u0].[RefreshTokenHash], [u0].[Role], [u0].[SocialProvider], [u0].[SocialProviderId], [u0].[Status], [u0].[UpdatedAt], [g1].[Id], [g1].[CategoryId], [g1].[CreatedAt], [g1].[CustomJsonContent], [g1].[DeletedAt], [g1].[Description], [g1].[FileUrl], [g1].[IsDeleted], [g1].[IsFeatured], [g1].[IsPremium], [g1].[Name], [g1].[Slug], [g1].[Status], [g1].[Tags], [g1].[ThumbnailUrl], [g1].[UpdatedAt]
FROM [EmailRetryQueues] AS [e]
INNER JOIN [GreetingTransactions] AS [g] ON [e].[GreetingTransactionId] = [g].[Id]
INNER JOIN (
    SELECT [u].[Id], [u].[CreatedAt], [u].[DeletedAt], [u].[Email], [u].[EmailVerificationToken], [u].[EmailVerificationTokenExpiry], [u].[FailedLoginCount], [u].[FullName], [u].[IsDeleted], [u].[LastLoginAt], [u].[LockReason], [u].[LockoutEndTime], [u].[PasswordHash], [u].[PasswordResetToken], [u].[PasswordResetTokenExpiry], [u].[PasswordResetTokenUsed], [u].[RefreshTokenExpiry], [u].[RefreshTokenHash], [u].[Role], [u].[SocialProvider], [u].[SocialProviderId], [u].[Status], [u].[UpdatedAt]
    FROM [Users] AS [u]
    WHERE [u].[IsDeleted] = CAST(0 AS bit)
) AS [u0] ON [g].[SenderId] = [u0].[Id]
INNER JOIN (
    SELECT [g0].[Id], [g0].[CategoryId], [g0].[CreatedAt], [g0].[CustomJsonContent], [g0].[DeletedAt], [g0].[Description], [g0].[FileUrl], [g0].[IsDeleted], [g0].[IsFeatured], [g0].[IsPremium], [g0].[Name], [g0].[Slug], [g0].[Status], [g0].[Tags], [g0].[ThumbnailUrl], [g0].[UpdatedAt]
    FROM [GreetingCards] AS [g0]
    WHERE [g0].[IsDeleted] = CAST(0 AS bit)
) AS [g1] ON [g].[CardId] = [g1].[Id]
WHERE [e].[Status] = N'PendingRetry' AND [e].[NextRetryAt] <= @__now_0
2026-05-07 23:05:05.960 +07:00 [INF] Executed DbCommand (3ms) [Parameters=[@__now_0='?' (DbType = DateTime2)], CommandType='"Text"', CommandTimeout='30']
SELECT [e].[Id], [e].[CreatedAt], [e].[GreetingTransactionId], [e].[LastError], [e].[NextRetryAt], [e].[RetryCount], [e].[Status], [e].[UpdatedAt], [g].[Id], [g].[CardId], [g].[CreatedAt], [g].[PersonalMessage], [g].[RecipientEmail], [g].[RetryCount], [g].[ScheduledSendAt], [g].[SenderId], [g].[SentAt], [g].[Status], [g].[Subject], [g].[SubscriptionId], [u0].[Id], [u0].[CreatedAt], [u0].[DeletedAt], [u0].[Email], [u0].[EmailVerificationToken], [u0].[EmailVerificationTokenExpiry], [u0].[FailedLoginCount], [u0].[FullName], [u0].[IsDeleted], [u0].[LastLoginAt], [u0].[LockReason], [u0].[LockoutEndTime], [u0].[PasswordHash], [u0].[PasswordResetToken], [u0].[PasswordResetTokenExpiry], [u0].[PasswordResetTokenUsed], [u0].[RefreshTokenExpiry], [u0].[RefreshTokenHash], [u0].[Role], [u0].[SocialProvider], [u0].[SocialProviderId], [u0].[Status], [u0].[UpdatedAt], [g1].[Id], [g1].[CategoryId], [g1].[CreatedAt], [g1].[CustomJsonContent], [g1].[DeletedAt], [g1].[Description], [g1].[FileUrl], [g1].[IsDeleted], [g1].[IsFeatured], [g1].[IsPremium], [g1].[Name], [g1].[Slug], [g1].[Status], [g1].[Tags], [g1].[ThumbnailUrl], [g1].[UpdatedAt]
FROM [EmailRetryQueues] AS [e]
INNER JOIN [GreetingTransactions] AS [g] ON [e].[GreetingTransactionId] = [g].[Id]
INNER JOIN (
    SELECT [u].[Id], [u].[CreatedAt], [u].[DeletedAt], [u].[Email], [u].[EmailVerificationToken], [u].[EmailVerificationTokenExpiry], [u].[FailedLoginCount], [u].[FullName], [u].[IsDeleted], [u].[LastLoginAt], [u].[LockReason], [u].[LockoutEndTime], [u].[PasswordHash], [u].[PasswordResetToken], [u].[PasswordResetTokenExpiry], [u].[PasswordResetTokenUsed], [u].[RefreshTokenExpiry], [u].[RefreshTokenHash], [u].[Role], [u].[SocialProvider], [u].[SocialProviderId], [u].[Status], [u].[UpdatedAt]
    FROM [Users] AS [u]
    WHERE [u].[IsDeleted] = CAST(0 AS bit)
) AS [u0] ON [g].[SenderId] = [u0].[Id]
INNER JOIN (
    SELECT [g0].[Id], [g0].[CategoryId], [g0].[CreatedAt], [g0].[CustomJsonContent], [g0].[DeletedAt], [g0].[Description], [g0].[FileUrl], [g0].[IsDeleted], [g0].[IsFeatured], [g0].[IsPremium], [g0].[Name], [g0].[Slug], [g0].[Status], [g0].[Tags], [g0].[ThumbnailUrl], [g0].[UpdatedAt]
    FROM [GreetingCards] AS [g0]
    WHERE [g0].[IsDeleted] = CAST(0 AS bit)
) AS [g1] ON [g].[CardId] = [g1].[Id]
WHERE [e].[Status] = N'PendingRetry' AND [e].[NextRetryAt] <= @__now_0
2026-05-07 23:10:06.354 +07:00 [INF] Executed DbCommand (2ms) [Parameters=[@__now_0='?' (DbType = DateTime2)], CommandType='"Text"', CommandTimeout='30']
SELECT [e].[Id], [e].[CreatedAt], [e].[GreetingTransactionId], [e].[LastError], [e].[NextRetryAt], [e].[RetryCount], [e].[Status], [e].[UpdatedAt], [g].[Id], [g].[CardId], [g].[CreatedAt], [g].[PersonalMessage], [g].[RecipientEmail], [g].[RetryCount], [g].[ScheduledSendAt], [g].[SenderId], [g].[SentAt], [g].[Status], [g].[Subject], [g].[SubscriptionId], [u0].[Id], [u0].[CreatedAt], [u0].[DeletedAt], [u0].[Email], [u0].[EmailVerificationToken], [u0].[EmailVerificationTokenExpiry], [u0].[FailedLoginCount], [u0].[FullName], [u0].[IsDeleted], [u0].[LastLoginAt], [u0].[LockReason], [u0].[LockoutEndTime], [u0].[PasswordHash], [u0].[PasswordResetToken], [u0].[PasswordResetTokenExpiry], [u0].[PasswordResetTokenUsed], [u0].[RefreshTokenExpiry], [u0].[RefreshTokenHash], [u0].[Role], [u0].[SocialProvider], [u0].[SocialProviderId], [u0].[Status], [u0].[UpdatedAt], [g1].[Id], [g1].[CategoryId], [g1].[CreatedAt], [g1].[CustomJsonContent], [g1].[DeletedAt], [g1].[Description], [g1].[FileUrl], [g1].[IsDeleted], [g1].[IsFeatured], [g1].[IsPremium], [g1].[Name], [g1].[Slug], [g1].[Status], [g1].[Tags], [g1].[ThumbnailUrl], [g1].[UpdatedAt]
FROM [EmailRetryQueues] AS [e]
INNER JOIN [GreetingTransactions] AS [g] ON [e].[GreetingTransactionId] = [g].[Id]
INNER JOIN (
    SELECT [u].[Id], [u].[CreatedAt], [u].[DeletedAt], [u].[Email], [u].[EmailVerificationToken], [u].[EmailVerificationTokenExpiry], [u].[FailedLoginCount], [u].[FullName], [u].[IsDeleted], [u].[LastLoginAt], [u].[LockReason], [u].[LockoutEndTime], [u].[PasswordHash], [u].[PasswordResetToken], [u].[PasswordResetTokenExpiry], [u].[PasswordResetTokenUsed], [u].[RefreshTokenExpiry], [u].[RefreshTokenHash], [u].[Role], [u].[SocialProvider], [u].[SocialProviderId], [u].[Status], [u].[UpdatedAt]
    FROM [Users] AS [u]
    WHERE [u].[IsDeleted] = CAST(0 AS bit)
) AS [u0] ON [g].[SenderId] = [u0].[Id]
INNER JOIN (
    SELECT [g0].[Id], [g0].[CategoryId], [g0].[CreatedAt], [g0].[CustomJsonContent], [g0].[DeletedAt], [g0].[Description], [g0].[FileUrl], [g0].[IsDeleted], [g0].[IsFeatured], [g0].[IsPremium], [g0].[Name], [g0].[Slug], [g0].[Status], [g0].[Tags], [g0].[ThumbnailUrl], [g0].[UpdatedAt]
    FROM [GreetingCards] AS [g0]
    WHERE [g0].[IsDeleted] = CAST(0 AS bit)
) AS [g1] ON [g].[CardId] = [g1].[Id]
WHERE [e].[Status] = N'PendingRetry' AND [e].[NextRetryAt] <= @__now_0
2026-05-07 23:15:06.742 +07:00 [INF] Executed DbCommand (2ms) [Parameters=[@__now_0='?' (DbType = DateTime2)], CommandType='"Text"', CommandTimeout='30']
SELECT [e].[Id], [e].[CreatedAt], [e].[GreetingTransactionId], [e].[LastError], [e].[NextRetryAt], [e].[RetryCount], [e].[Status], [e].[UpdatedAt], [g].[Id], [g].[CardId], [g].[CreatedAt], [g].[PersonalMessage], [g].[RecipientEmail], [g].[RetryCount], [g].[ScheduledSendAt], [g].[SenderId], [g].[SentAt], [g].[Status], [g].[Subject], [g].[SubscriptionId], [u0].[Id], [u0].[CreatedAt], [u0].[DeletedAt], [u0].[Email], [u0].[EmailVerificationToken], [u0].[EmailVerificationTokenExpiry], [u0].[FailedLoginCount], [u0].[FullName], [u0].[IsDeleted], [u0].[LastLoginAt], [u0].[LockReason], [u0].[LockoutEndTime], [u0].[PasswordHash], [u0].[PasswordResetToken], [u0].[PasswordResetTokenExpiry], [u0].[PasswordResetTokenUsed], [u0].[RefreshTokenExpiry], [u0].[RefreshTokenHash], [u0].[Role], [u0].[SocialProvider], [u0].[SocialProviderId], [u0].[Status], [u0].[UpdatedAt], [g1].[Id], [g1].[CategoryId], [g1].[CreatedAt], [g1].[CustomJsonContent], [g1].[DeletedAt], [g1].[Description], [g1].[FileUrl], [g1].[IsDeleted], [g1].[IsFeatured], [g1].[IsPremium], [g1].[Name], [g1].[Slug], [g1].[Status], [g1].[Tags], [g1].[ThumbnailUrl], [g1].[UpdatedAt]
FROM [EmailRetryQueues] AS [e]
INNER JOIN [GreetingTransactions] AS [g] ON [e].[GreetingTransactionId] = [g].[Id]
INNER JOIN (
    SELECT [u].[Id], [u].[CreatedAt], [u].[DeletedAt], [u].[Email], [u].[EmailVerificationToken], [u].[EmailVerificationTokenExpiry], [u].[FailedLoginCount], [u].[FullName], [u].[IsDeleted], [u].[LastLoginAt], [u].[LockReason], [u].[LockoutEndTime], [u].[PasswordHash], [u].[PasswordResetToken], [u].[PasswordResetTokenExpiry], [u].[PasswordResetTokenUsed], [u].[RefreshTokenExpiry], [u].[RefreshTokenHash], [u].[Role], [u].[SocialProvider], [u].[SocialProviderId], [u].[Status], [u].[UpdatedAt]
    FROM [Users] AS [u]
    WHERE [u].[IsDeleted] = CAST(0 AS bit)
) AS [u0] ON [g].[SenderId] = [u0].[Id]
INNER JOIN (
    SELECT [g0].[Id], [g0].[CategoryId], [g0].[CreatedAt], [g0].[CustomJsonContent], [g0].[DeletedAt], [g0].[Description], [g0].[FileUrl], [g0].[IsDeleted], [g0].[IsFeatured], [g0].[IsPremium], [g0].[Name], [g0].[Slug], [g0].[Status], [g0].[Tags], [g0].[ThumbnailUrl], [g0].[UpdatedAt]
    FROM [GreetingCards] AS [g0]
    WHERE [g0].[IsDeleted] = CAST(0 AS bit)
) AS [g1] ON [g].[CardId] = [g1].[Id]
WHERE [e].[Status] = N'PendingRetry' AND [e].[NextRetryAt] <= @__now_0
2026-05-07 23:20:07.119 +07:00 [INF] Executed DbCommand (2ms) [Parameters=[@__now_0='?' (DbType = DateTime2)], CommandType='"Text"', CommandTimeout='30']
SELECT [e].[Id], [e].[CreatedAt], [e].[GreetingTransactionId], [e].[LastError], [e].[NextRetryAt], [e].[RetryCount], [e].[Status], [e].[UpdatedAt], [g].[Id], [g].[CardId], [g].[CreatedAt], [g].[PersonalMessage], [g].[RecipientEmail], [g].[RetryCount], [g].[ScheduledSendAt], [g].[SenderId], [g].[SentAt], [g].[Status], [g].[Subject], [g].[SubscriptionId], [u0].[Id], [u0].[CreatedAt], [u0].[DeletedAt], [u0].[Email], [u0].[EmailVerificationToken], [u0].[EmailVerificationTokenExpiry], [u0].[FailedLoginCount], [u0].[FullName], [u0].[IsDeleted], [u0].[LastLoginAt], [u0].[LockReason], [u0].[LockoutEndTime], [u0].[PasswordHash], [u0].[PasswordResetToken], [u0].[PasswordResetTokenExpiry], [u0].[PasswordResetTokenUsed], [u0].[RefreshTokenExpiry], [u0].[RefreshTokenHash], [u0].[Role], [u0].[SocialProvider], [u0].[SocialProviderId], [u0].[Status], [u0].[UpdatedAt], [g1].[Id], [g1].[CategoryId], [g1].[CreatedAt], [g1].[CustomJsonContent], [g1].[DeletedAt], [g1].[Description], [g1].[FileUrl], [g1].[IsDeleted], [g1].[IsFeatured], [g1].[IsPremium], [g1].[Name], [g1].[Slug], [g1].[Status], [g1].[Tags], [g1].[ThumbnailUrl], [g1].[UpdatedAt]
FROM [EmailRetryQueues] AS [e]
INNER JOIN [GreetingTransactions] AS [g] ON [e].[GreetingTransactionId] = [g].[Id]
INNER JOIN (
    SELECT [u].[Id], [u].[CreatedAt], [u].[DeletedAt], [u].[Email], [u].[EmailVerificationToken], [u].[EmailVerificationTokenExpiry], [u].[FailedLoginCount], [u].[FullName], [u].[IsDeleted], [u].[LastLoginAt], [u].[LockReason], [u].[LockoutEndTime], [u].[PasswordHash], [u].[PasswordResetToken], [u].[PasswordResetTokenExpiry], [u].[PasswordResetTokenUsed], [u].[RefreshTokenExpiry], [u].[RefreshTokenHash], [u].[Role], [u].[SocialProvider], [u].[SocialProviderId], [u].[Status], [u].[UpdatedAt]
    FROM [Users] AS [u]
    WHERE [u].[IsDeleted] = CAST(0 AS bit)
) AS [u0] ON [g].[SenderId] = [u0].[Id]
INNER JOIN (
    SELECT [g0].[Id], [g0].[CategoryId], [g0].[CreatedAt], [g0].[CustomJsonContent], [g0].[DeletedAt], [g0].[Description], [g0].[FileUrl], [g0].[IsDeleted], [g0].[IsFeatured], [g0].[IsPremium], [g0].[Name], [g0].[Slug], [g0].[Status], [g0].[Tags], [g0].[ThumbnailUrl], [g0].[UpdatedAt]
    FROM [GreetingCards] AS [g0]
    WHERE [g0].[IsDeleted] = CAST(0 AS bit)
) AS [g1] ON [g].[CardId] = [g1].[Id]
WHERE [e].[Status] = N'PendingRetry' AND [e].[NextRetryAt] <= @__now_0
2026-05-07 23:24:18.745 +07:00 [INF] HTTP GET /api/admin/dashboard responded 401 in 21.2201 ms
2026-05-07 23:25:07.590 +07:00 [INF] Executed DbCommand (3ms) [Parameters=[@__now_0='?' (DbType = DateTime2)], CommandType='"Text"', CommandTimeout='30']
SELECT [e].[Id], [e].[CreatedAt], [e].[GreetingTransactionId], [e].[LastError], [e].[NextRetryAt], [e].[RetryCount], [e].[Status], [e].[UpdatedAt], [g].[Id], [g].[CardId], [g].[CreatedAt], [g].[PersonalMessage], [g].[RecipientEmail], [g].[RetryCount], [g].[ScheduledSendAt], [g].[SenderId], [g].[SentAt], [g].[Status], [g].[Subject], [g].[SubscriptionId], [u0].[Id], [u0].[CreatedAt], [u0].[DeletedAt], [u0].[Email], [u0].[EmailVerificationToken], [u0].[EmailVerificationTokenExpiry], [u0].[FailedLoginCount], [u0].[FullName], [u0].[IsDeleted], [u0].[LastLoginAt], [u0].[LockReason], [u0].[LockoutEndTime], [u0].[PasswordHash], [u0].[PasswordResetToken], [u0].[PasswordResetTokenExpiry], [u0].[PasswordResetTokenUsed], [u0].[RefreshTokenExpiry], [u0].[RefreshTokenHash], [u0].[Role], [u0].[SocialProvider], [u0].[SocialProviderId], [u0].[Status], [u0].[UpdatedAt], [g1].[Id], [g1].[CategoryId], [g1].[CreatedAt], [g1].[CustomJsonContent], [g1].[DeletedAt], [g1].[Description], [g1].[FileUrl], [g1].[IsDeleted], [g1].[IsFeatured], [g1].[IsPremium], [g1].[Name], [g1].[Slug], [g1].[Status], [g1].[Tags], [g1].[ThumbnailUrl], [g1].[UpdatedAt]
FROM [EmailRetryQueues] AS [e]
INNER JOIN [GreetingTransactions] AS [g] ON [e].[GreetingTransactionId] = [g].[Id]
INNER JOIN (
    SELECT [u].[Id], [u].[CreatedAt], [u].[DeletedAt], [u].[Email], [u].[EmailVerificationToken], [u].[EmailVerificationTokenExpiry], [u].[FailedLoginCount], [u].[FullName], [u].[IsDeleted], [u].[LastLoginAt], [u].[LockReason], [u].[LockoutEndTime], [u].[PasswordHash], [u].[PasswordResetToken], [u].[PasswordResetTokenExpiry], [u].[PasswordResetTokenUsed], [u].[RefreshTokenExpiry], [u].[RefreshTokenHash], [u].[Role], [u].[SocialProvider], [u].[SocialProviderId], [u].[Status], [u].[UpdatedAt]
    FROM [Users] AS [u]
    WHERE [u].[IsDeleted] = CAST(0 AS bit)
) AS [u0] ON [g].[SenderId] = [u0].[Id]
INNER JOIN (
    SELECT [g0].[Id], [g0].[CategoryId], [g0].[CreatedAt], [g0].[CustomJsonContent], [g0].[DeletedAt], [g0].[Description], [g0].[FileUrl], [g0].[IsDeleted], [g0].[IsFeatured], [g0].[IsPremium], [g0].[Name], [g0].[Slug], [g0].[Status], [g0].[Tags], [g0].[ThumbnailUrl], [g0].[UpdatedAt]
    FROM [GreetingCards] AS [g0]
    WHERE [g0].[IsDeleted] = CAST(0 AS bit)
) AS [g1] ON [g].[CardId] = [g1].[Id]
WHERE [e].[Status] = N'PendingRetry' AND [e].[NextRetryAt] <= @__now_0
2026-05-07 23:28:36.550 +07:00 [INF] HTTP GET /api/admin/dashboard responded 401 in 2.3050 ms
2026-05-07 23:28:54.314 +07:00 [INF] HTTP GET /api/admin/dashboard responded 401 in 3.0216 ms
2026-05-07 23:30:07.932 +07:00 [INF] Executed DbCommand (2ms) [Parameters=[@__now_0='?' (DbType = DateTime2)], CommandType='"Text"', CommandTimeout='30']
SELECT [e].[Id], [e].[CreatedAt], [e].[GreetingTransactionId], [e].[LastError], [e].[NextRetryAt], [e].[RetryCount], [e].[Status], [e].[UpdatedAt], [g].[Id], [g].[CardId], [g].[CreatedAt], [g].[PersonalMessage], [g].[RecipientEmail], [g].[RetryCount], [g].[ScheduledSendAt], [g].[SenderId], [g].[SentAt], [g].[Status], [g].[Subject], [g].[SubscriptionId], [u0].[Id], [u0].[CreatedAt], [u0].[DeletedAt], [u0].[Email], [u0].[EmailVerificationToken], [u0].[EmailVerificationTokenExpiry], [u0].[FailedLoginCount], [u0].[FullName], [u0].[IsDeleted], [u0].[LastLoginAt], [u0].[LockReason], [u0].[LockoutEndTime], [u0].[PasswordHash], [u0].[PasswordResetToken], [u0].[PasswordResetTokenExpiry], [u0].[PasswordResetTokenUsed], [u0].[RefreshTokenExpiry], [u0].[RefreshTokenHash], [u0].[Role], [u0].[SocialProvider], [u0].[SocialProviderId], [u0].[Status], [u0].[UpdatedAt], [g1].[Id], [g1].[CategoryId], [g1].[CreatedAt], [g1].[CustomJsonContent], [g1].[DeletedAt], [g1].[Description], [g1].[FileUrl], [g1].[IsDeleted], [g1].[IsFeatured], [g1].[IsPremium], [g1].[Name], [g1].[Slug], [g1].[Status], [g1].[Tags], [g1].[ThumbnailUrl], [g1].[UpdatedAt]
FROM [EmailRetryQueues] AS [e]
INNER JOIN [GreetingTransactions] AS [g] ON [e].[GreetingTransactionId] = [g].[Id]
INNER JOIN (
    SELECT [u].[Id], [u].[CreatedAt], [u].[DeletedAt], [u].[Email], [u].[EmailVerificationToken], [u].[EmailVerificationTokenExpiry], [u].[FailedLoginCount], [u].[FullName], [u].[IsDeleted], [u].[LastLoginAt], [u].[LockReason], [u].[LockoutEndTime], [u].[PasswordHash], [u].[PasswordResetToken], [u].[PasswordResetTokenExpiry], [u].[PasswordResetTokenUsed], [u].[RefreshTokenExpiry], [u].[RefreshTokenHash], [u].[Role], [u].[SocialProvider], [u].[SocialProviderId], [u].[Status], [u].[UpdatedAt]
    FROM [Users] AS [u]
    WHERE [u].[IsDeleted] = CAST(0 AS bit)
) AS [u0] ON [g].[SenderId] = [u0].[Id]
INNER JOIN (
    SELECT [g0].[Id], [g0].[CategoryId], [g0].[CreatedAt], [g0].[CustomJsonContent], [g0].[DeletedAt], [g0].[Description], [g0].[FileUrl], [g0].[IsDeleted], [g0].[IsFeatured], [g0].[IsPremium], [g0].[Name], [g0].[Slug], [g0].[Status], [g0].[Tags], [g0].[ThumbnailUrl], [g0].[UpdatedAt]
    FROM [GreetingCards] AS [g0]
    WHERE [g0].[IsDeleted] = CAST(0 AS bit)
) AS [g1] ON [g].[CardId] = [g1].[Id]
WHERE [e].[Status] = N'PendingRetry' AND [e].[NextRetryAt] <= @__now_0
2026-05-07 23:30:26.314 +07:00 [INF] HTTP GET /api/admin/dashboard responded 401 in 1.9176 ms
2026-05-07 23:33:39.499 +07:00 [INF] HTTP GET /api/admin/dashboard responded 401 in 2.4945 ms
2026-05-07 23:33:59.206 +07:00 [INF] HTTP GET /api/admin/dashboard responded 401 in 0.3723 ms
2026-05-07 23:34:19.264 +07:00 [INF] HTTP GET /api/admin/dashboard responded 401 in 9.0840 ms
2026-05-07 23:34:25.199 +07:00 [INF] HTTP GET /api/admin/dashboard responded 401 in 1.0852 ms
2026-05-07 23:34:36.235 +07:00 [INF] HTTP GET /api/admin/dashboard responded 401 in 2.8578 ms
2026-05-07 23:35:02.251 +07:00 [INF] HTTP GET /api/admin/dashboard responded 401 in 1.5035 ms
2026-05-07 23:35:08.284 +07:00 [INF] Executed DbCommand (2ms) [Parameters=[@__now_0='?' (DbType = DateTime2)], CommandType='"Text"', CommandTimeout='30']
SELECT [e].[Id], [e].[CreatedAt], [e].[GreetingTransactionId], [e].[LastError], [e].[NextRetryAt], [e].[RetryCount], [e].[Status], [e].[UpdatedAt], [g].[Id], [g].[CardId], [g].[CreatedAt], [g].[PersonalMessage], [g].[RecipientEmail], [g].[RetryCount], [g].[ScheduledSendAt], [g].[SenderId], [g].[SentAt], [g].[Status], [g].[Subject], [g].[SubscriptionId], [u0].[Id], [u0].[CreatedAt], [u0].[DeletedAt], [u0].[Email], [u0].[EmailVerificationToken], [u0].[EmailVerificationTokenExpiry], [u0].[FailedLoginCount], [u0].[FullName], [u0].[IsDeleted], [u0].[LastLoginAt], [u0].[LockReason], [u0].[LockoutEndTime], [u0].[PasswordHash], [u0].[PasswordResetToken], [u0].[PasswordResetTokenExpiry], [u0].[PasswordResetTokenUsed], [u0].[RefreshTokenExpiry], [u0].[RefreshTokenHash], [u0].[Role], [u0].[SocialProvider], [u0].[SocialProviderId], [u0].[Status], [u0].[UpdatedAt], [g1].[Id], [g1].[CategoryId], [g1].[CreatedAt], [g1].[CustomJsonContent], [g1].[DeletedAt], [g1].[Description], [g1].[FileUrl], [g1].[IsDeleted], [g1].[IsFeatured], [g1].[IsPremium], [g1].[Name], [g1].[Slug], [g1].[Status], [g1].[Tags], [g1].[ThumbnailUrl], [g1].[UpdatedAt]
FROM [EmailRetryQueues] AS [e]
INNER JOIN [GreetingTransactions] AS [g] ON [e].[GreetingTransactionId] = [g].[Id]
INNER JOIN (
    SELECT [u].[Id], [u].[CreatedAt], [u].[DeletedAt], [u].[Email], [u].[EmailVerificationToken], [u].[EmailVerificationTokenExpiry], [u].[FailedLoginCount], [u].[FullName], [u].[IsDeleted], [u].[LastLoginAt], [u].[LockReason], [u].[LockoutEndTime], [u].[PasswordHash], [u].[PasswordResetToken], [u].[PasswordResetTokenExpiry], [u].[PasswordResetTokenUsed], [u].[RefreshTokenExpiry], [u].[RefreshTokenHash], [u].[Role], [u].[SocialProvider], [u].[SocialProviderId], [u].[Status], [u].[UpdatedAt]
    FROM [Users] AS [u]
    WHERE [u].[IsDeleted] = CAST(0 AS bit)
) AS [u0] ON [g].[SenderId] = [u0].[Id]
INNER JOIN (
    SELECT [g0].[Id], [g0].[CategoryId], [g0].[CreatedAt], [g0].[CustomJsonContent], [g0].[DeletedAt], [g0].[Description], [g0].[FileUrl], [g0].[IsDeleted], [g0].[IsFeatured], [g0].[IsPremium], [g0].[Name], [g0].[Slug], [g0].[Status], [g0].[Tags], [g0].[ThumbnailUrl], [g0].[UpdatedAt]
    FROM [GreetingCards] AS [g0]
    WHERE [g0].[IsDeleted] = CAST(0 AS bit)
) AS [g1] ON [g].[CardId] = [g1].[Id]
WHERE [e].[Status] = N'PendingRetry' AND [e].[NextRetryAt] <= @__now_0
2026-05-07 23:40:08.656 +07:00 [INF] Executed DbCommand (2ms) [Parameters=[@__now_0='?' (DbType = DateTime2)], CommandType='"Text"', CommandTimeout='30']
SELECT [e].[Id], [e].[CreatedAt], [e].[GreetingTransactionId], [e].[LastError], [e].[NextRetryAt], [e].[RetryCount], [e].[Status], [e].[UpdatedAt], [g].[Id], [g].[CardId], [g].[CreatedAt], [g].[PersonalMessage], [g].[RecipientEmail], [g].[RetryCount], [g].[ScheduledSendAt], [g].[SenderId], [g].[SentAt], [g].[Status], [g].[Subject], [g].[SubscriptionId], [u0].[Id], [u0].[CreatedAt], [u0].[DeletedAt], [u0].[Email], [u0].[EmailVerificationToken], [u0].[EmailVerificationTokenExpiry], [u0].[FailedLoginCount], [u0].[FullName], [u0].[IsDeleted], [u0].[LastLoginAt], [u0].[LockReason], [u0].[LockoutEndTime], [u0].[PasswordHash], [u0].[PasswordResetToken], [u0].[PasswordResetTokenExpiry], [u0].[PasswordResetTokenUsed], [u0].[RefreshTokenExpiry], [u0].[RefreshTokenHash], [u0].[Role], [u0].[SocialProvider], [u0].[SocialProviderId], [u0].[Status], [u0].[UpdatedAt], [g1].[Id], [g1].[CategoryId], [g1].[CreatedAt], [g1].[CustomJsonContent], [g1].[DeletedAt], [g1].[Description], [g1].[FileUrl], [g1].[IsDeleted], [g1].[IsFeatured], [g1].[IsPremium], [g1].[Name], [g1].[Slug], [g1].[Status], [g1].[Tags], [g1].[ThumbnailUrl], [g1].[UpdatedAt]
FROM [EmailRetryQueues] AS [e]
INNER JOIN [GreetingTransactions] AS [g] ON [e].[GreetingTransactionId] = [g].[Id]
INNER JOIN (
    SELECT [u].[Id], [u].[CreatedAt], [u].[DeletedAt], [u].[Email], [u].[EmailVerificationToken], [u].[EmailVerificationTokenExpiry], [u].[FailedLoginCount], [u].[FullName], [u].[IsDeleted], [u].[LastLoginAt], [u].[LockReason], [u].[LockoutEndTime], [u].[PasswordHash], [u].[PasswordResetToken], [u].[PasswordResetTokenExpiry], [u].[PasswordResetTokenUsed], [u].[RefreshTokenExpiry], [u].[RefreshTokenHash], [u].[Role], [u].[SocialProvider], [u].[SocialProviderId], [u].[Status], [u].[UpdatedAt]
    FROM [Users] AS [u]
    WHERE [u].[IsDeleted] = CAST(0 AS bit)
) AS [u0] ON [g].[SenderId] = [u0].[Id]
INNER JOIN (
    SELECT [g0].[Id], [g0].[CategoryId], [g0].[CreatedAt], [g0].[CustomJsonContent], [g0].[DeletedAt], [g0].[Description], [g0].[FileUrl], [g0].[IsDeleted], [g0].[IsFeatured], [g0].[IsPremium], [g0].[Name], [g0].[Slug], [g0].[Status], [g0].[Tags], [g0].[ThumbnailUrl], [g0].[UpdatedAt]
    FROM [GreetingCards] AS [g0]
    WHERE [g0].[IsDeleted] = CAST(0 AS bit)
) AS [g1] ON [g].[CardId] = [g1].[Id]
WHERE [e].[Status] = N'PendingRetry' AND [e].[NextRetryAt] <= @__now_0
